{"level":"info","message":"⌛ Building environment","timeElapsed":1452,"timestamp":"2026-08-14T12:37:39.118Z"}
{"level":"info","message":"⌛ Building environment","timeElapsed":856,"timestamp":"2026-08-14T12:37:40.075Z"}
{"level":"info","message":"⌛ Building environment","timeElapsed":822,"timestamp":"2026-08-14T12:37:40.901Z"}
{"level":"info","message":"Removing diagnostics from /c:/Users/lukas/OneDrive/Escritorio/Repositorio/OBJ1/kjn.wlk.txt","timestamp":"2026-08-14T12:37:41.010Z"}
{"level":"info","message":"⌛ Building environment","timeElapsed":866,"timestamp":"2026-08-14T12:37:41.882Z"}
{"level":"info","message":"⌛ Building environment","timeElapsed":938,"timestamp":"2026-08-14T12:37:42.827Z"}
{"level":"info","message":"⌛ Building environment","timeElapsed":1132,"timestamp":"2026-08-14T12:37:43.962Z"}
{"level":"info","message":"⌛ Building environment","timeElapsed":895,"timestamp":"2026-08-14T12:37:44.860Z"}
{"level":"info","message":"⌛ Validating pepita.wlk","timeElapsed":2031,"timestamp":"2026-08-14T12:37:47.869Z"}
{"level":"info","message":"⌛ Building environment","timeElapsed":1590,"timestamp":"2026-08-14T12:37:49.461Z"}
{"level":"info","message":"⌛ Validating pepita.wlk","timeElapsed":1320,"timestamp":"2026-08-14T12:37:50.940Z"}
{"level":"info","message":"⌛ Validating pepita.wlk","timeElapsed":1109,"timestamp":"2026-08-14T12:37:52.057Z"}
{"level":"info","message":"⌛ Validating pepita.wlk","timeElapsed":1580,"timestamp":"2026-08-14T12:37:53.653Z"}
{"level":"info","message":"⌛ Building environment","timeElapsed":525,"timestamp":"2026-08-14T12:37:54.183Z"}
{"level":"info","message":"⌛ Building environment","timeElapsed":690,"timestamp":"2026-08-14T12:37:54.878Z"}
{"level":"info","message":"⌛ Building environment","timeElapsed":661,"timestamp":"2026-08-14T12:37:55.593Z"}
{"level":"info","message":"⌛ Building environment","timeElapsed":1561,"timestamp":"2026-08-14T12:37:57.165Z"}
{"level":"info","message":"⌛ Building environment","timeElapsed":496,"timestamp":"2026-08-14T12:37:57.674Z"}
{"level":"info","message":"⌛ Building environment","timeElapsed":820,"timestamp":"2026-08-14T12:37:58.513Z"}
{"level":"info","message":"⌛ Building environment","timeElapsed":1671,"timestamp":"2026-08-14T12:38:00.226Z"}
{"level":"info","message":"⌛ Building environment","timeElapsed":2274,"timestamp":"2026-08-14T12:38:02.503Z"}
{"level":"info","message":"⌛ Building environment","timeElapsed":823,"timestamp":"2026-08-14T12:38:03.550Z"}
{"level":"info","message":"⌛ Building environment","timeElapsed":483,"timestamp":"2026-08-14T12:38:04.035Z"}
{"level":"info","message":"⌛ Building environment","timeElapsed":900,"timestamp":"2026-08-14T12:38:04.936Z"}
{"level":"info","message":"⌛ Autocomplete - Field","timeElapsed":146,"timestamp":"2026-08-14T12:38:05.103Z"}
{"level":"info","message":"⌛ Building environment","timeElapsed":517,"timestamp":"2026-08-14T12:38:05.677Z"}
{"level":"info","message":"⌛ Validating pepita.wlk","timeElapsed":1066,"timestamp":"2026-08-14T12:38:06.776Z"}
{"level":"info","message":"⌛ Building environment","timeElapsed":495,"timestamp":"2026-08-14T12:38:07.272Z"}
{"level":"info","message":"⌛ Building environment","timeElapsed":709,"timestamp":"2026-08-14T12:38:08.004Z"}
{"level":"info","message":"⌛ Building environment","timeElapsed":652,"timestamp":"2026-08-14T12:38:08.658Z"}
{"level":"info","message":"⌛ Building environment","timeElapsed":860,"timestamp":"2026-08-14T12:38:09.520Z"}
{"level":"info","message":"⌛ Building environment","timeElapsed":986,"timestamp":"2026-08-14T12:38:10.507Z"}
{"level":"info","message":"⌛ Building environment","timeElapsed":585,"timestamp":"2026-08-14T12:38:11.124Z"}
{"level":"info","message":"⌛ Building environment","timeElapsed":402,"timestamp":"2026-08-14T12:38:11.610Z"}
{"level":"info","message":"⌛ Building environment","timeElapsed":444,"timestamp":"2026-08-14T12:38:12.057Z"}
{"level":"info","message":"⌛ Building environment","timeElapsed":983,"timestamp":"2026-08-14T12:38:13.060Z"}
{"level":"info","message":"⌛ Building environment","timeElapsed":867,"timestamp":"2026-08-14T12:38:13.942Z"}
{"level":"info","message":"⌛ Building environment","timeElapsed":344,"timestamp":"2026-08-14T12:38:14.301Z"}
{"level":"info","message":"⌛ Building environment","timeElapsed":391,"timestamp":"2026-08-14T12:38:14.740Z"}
{"level":"error","message":"✘ Failed to rebuild document Failed to parse pepita.wlk: \n-- PARSING FAILED --------------------------------------------------\n\n  5 | method\n  6 | \n> 7 | }\n    | ^\n\nExpected one of the following: \n\n'!=', '!==', '%', '&&', '*', '**', '+', '-', '->', '..', '..<', '/', '<', '<<', '<<<', '<=', '<=>', '<>', '==', '===', '>', '>..', '>=', '>>', '>>>', '?:', '@', 'and', 'class', 'const', 'describe', 'invert', 'mixin', 'negate', 'object', 'only', 'or', 'package', 'plus', 'program', 'test', 'var', '{', '||', EOF, comment, identifier, not \"}\", whitespace\n","stack":"Error: Failed to parse pepita.wlk: \n-- PARSING FAILED --------------------------------------------------\n\n  5 | method\n  6 | \n> 7 | }\n    | ^\n\nExpected one of the following: \n\n'!=', '!==', '%', '&&', '*', '**', '+', '-', '->', '..', '..<', '/', '<', '<<', '<<<', '<=', '<=>', '<>', '==', '===', '>', '>..', '>=', '>>', '>>>', '?:', '@', 'and', 'class', 'const', 'describe', 'invert', 'mixin', 'negate', 'object', 'only', 'or', 'package', 'plus', 'program', 'test', 'var', '{', '||', EOF, comment, identifier, not \"}\", whitespace\n\n    at c:\\Users\\lukas\\.vscode\\extensions\\uqbar.wollok-lsp-ide-0.5.4\\out\\server\\src\\server.js:2353:13026\n    at Array.map (<anonymous>)\n    at U1n (c:\\Users\\lukas\\.vscode\\extensions\\uqbar.wollok-lsp-ide-0.5.4\\out\\server\\src\\server.js:2353:12950)\n    at H2.buildEnvironmentFrom (c:\\Users\\lukas\\.vscode\\extensions\\uqbar.wollok-lsp-ide-0.5.4\\out\\server\\src\\server.js:2398:5254)\n    at H2.updateEnvironmentWith (c:\\Users\\lukas\\.vscode\\extensions\\uqbar.wollok-lsp-ide-0.5.4\\out\\server\\src\\server.js:2398:4989)\n    at GF (c:\\Users\\lukas\\.vscode\\extensions\\uqbar.wollok-lsp-ide-0.5.4\\out\\server\\src\\server.js:2398:7383)\n    at V3.invoke (c:\\Users\\lukas\\.vscode\\extensions\\uqbar.wollok-lsp-ide-0.5.4\\out\\server\\src\\server.js:3:157328)\n    at o.fire (c:\\Users\\lukas\\.vscode\\extensions\\uqbar.wollok-lsp-ide-0.5.4\\out\\server\\src\\server.js:3:158098)\n    at c:\\Users\\lukas\\.vscode\\extensions\\uqbar.wollok-lsp-ide-0.5.4\\out\\server\\src\\server.js:37:57871\n    at nd (c:\\Users\\lukas\\.vscode\\extensions\\uqbar.wollok-lsp-ide-0.5.4\\out\\server\\src\\server.js:8:1561)","timestamp":"2026-08-14T12:38:14.917Z"}
{"level":"info","message":"⌛ Autocomplete - Singleton","timeElapsed":213,"timestamp":"2026-08-14T12:38:15.141Z"}
{"level":"error","message":"✘ Failed to rebuild document Failed to parse pepita.wlk: \n-- PARSING FAILED --------------------------------------------------\n\n  5 | method \n  6 | \n> 7 | }\n    | ^\n\nExpected one of the following: \n\n'!=', '!==', '%', '&&', '*', '**', '+', '-', '->', '..', '..<', '/', '<', '<<', '<<<', '<=', '<=>', '<>', '==', '===', '>', '>..', '>=', '>>', '>>>', '?:', '@', 'and', 'class', 'const', 'describe', 'invert', 'mixin', 'negate', 'object', 'only', 'or', 'package', 'plus', 'program', 'test', 'var', '{', '||', EOF, comment, identifier, not \"}\", whitespace\n","stack":"Error: Failed to parse pepita.wlk: \n-- PARSING FAILED --------------------------------------------------\n\n  5 | method \n  6 | \n> 7 | }\n    | ^\n\nExpected one of the following: \n\n'!=', '!==', '%', '&&', '*', '**', '+', '-', '->', '..', '..<', '/', '<', '<<', '<<<', '<=', '<=>', '<>', '==', '===', '>', '>..', '>=', '>>', '>>>', '?:', '@', 'and', 'class', 'const', 'describe', 'invert', 'mixin', 'negate', 'object', 'only', 'or', 'package', 'plus', 'program', 'test', 'var', '{', '||', EOF, comment, identifier, not \"}\", whitespace\n\n    at c:\\Users\\lukas\\.vscode\\extensions\\uqbar.wollok-lsp-ide-0.5.4\\out\\server\\src\\server.js:2353:13026\n    at Array.map (<anonymous>)\n    at U1n (c:\\Users\\lukas\\.vscode\\extensions\\uqbar.wollok-lsp-ide-0.5.4\\out\\server\\src\\server.js:2353:12950)\n    at H2.buildEnvironmentFrom (c:\\Users\\lukas\\.vscode\\extensions\\uqbar.wollok-lsp-ide-0.5.4\\out\\server\\src\\server.js:2398:5254)\n    at H2.updateEnvironmentWith (c:\\Users\\lukas\\.vscode\\extensions\\uqbar.wollok-lsp-ide-0.5.4\\out\\server\\src\\server.js:2398:4989)\n    at GF (c:\\Users\\lukas\\.vscode\\extensions\\uqbar.wollok-lsp-ide-0.5.4\\out\\server\\src\\server.js:2398:7383)\n    at V3.invoke (c:\\Users\\lukas\\.vscode\\extensions\\uqbar.wollok-lsp-ide-0.5.4\\out\\server\\src\\server.js:3:157328)\n    at o.fire (c:\\Users\\lukas\\.vscode\\extensions\\uqbar.wollok-lsp-ide-0.5.4\\out\\server\\src\\server.js:3:158098)\n    at c:\\Users\\lukas\\.vscode\\extensions\\uqbar.wollok-lsp-ide-0.5.4\\out\\server\\src\\server.js:37:57871\n    at nd (c:\\Users\\lukas\\.vscode\\extensions\\uqbar.wollok-lsp-ide-0.5.4\\out\\server\\src\\server.js:8:1561)","timestamp":"2026-08-14T12:38:15.150Z"}
{"level":"info","message":"⌛ Building environment","timeElapsed":540,"timestamp":"2026-08-14T12:38:15.692Z"}
{"level":"error","message":"✘ Failed to rebuild document Failed to parse pepita.wlk: \n-- PARSING FAILED --------------------------------------------------\n\n  5 | method \n  6 | \n> 7 | }\n    | ^\n\nExpected one of the following: \n\n'!=', '!==', '%', '&&', '*', '**', '+', '-', '->', '..', '..<', '/', '<', '<<', '<<<', '<=', '<=>', '<>', '==', '===', '>', '>..', '>=', '>>', '>>>', '?:', '@', 'and', 'class', 'const', 'describe', 'invert', 'mixin', 'negate', 'object', 'only', 'or', 'package', 'plus', 'program', 'test', 'var', '{', '||', EOF, comment, identifier, not \"}\", whitespace\n","stack":"Error: Failed to parse pepita.wlk: \n-- PARSING FAILED --------------------------------------------------\n\n  5 | method \n  6 | \n> 7 | }\n    | ^\n\nExpected one of the following: \n\n'!=', '!==', '%', '&&', '*', '**', '+', '-', '->', '..', '..<', '/', '<', '<<', '<<<', '<=', '<=>', '<>', '==', '===', '>', '>..', '>=', '>>', '>>>', '?:', '@', 'and', 'class', 'const', 'describe', 'invert', 'mixin', 'negate', 'object', 'only', 'or', 'package', 'plus', 'program', 'test', 'var', '{', '||', EOF, comment, identifier, not \"}\", whitespace\n\n    at c:\\Users\\lukas\\.vscode\\extensions\\uqbar.wollok-lsp-ide-0.5.4\\out\\server\\src\\server.js:2353:13026\n    at Array.map (<anonymous>)\n    at U1n (c:\\Users\\lukas\\.vscode\\extensions\\uqbar.wollok-lsp-ide-0.5.4\\out\\server\\src\\server.js:2353:12950)\n    at H2.buildEnvironmentFrom (c:\\Users\\lukas\\.vscode\\extensions\\uqbar.wollok-lsp-ide-0.5.4\\out\\server\\src\\server.js:2398:5254)\n    at H2.updateEnvironmentWith (c:\\Users\\lukas\\.vscode\\extensions\\uqbar.wollok-lsp-ide-0.5.4\\out\\server\\src\\server.js:2398:4989)\n    at GF (c:\\Users\\lukas\\.vscode\\extensions\\uqbar.wollok-lsp-ide-0.5.4\\out\\server\\src\\server.js:2398:7383)\n    at V3.invoke (c:\\Users\\lukas\\.vscode\\extensions\\uqbar.wollok-lsp-ide-0.5.4\\out\\server\\src\\server.js:3:157328)\n    at o.fire (c:\\Users\\lukas\\.vscode\\extensions\\uqbar.wollok-lsp-ide-0.5.4\\out\\server\\src\\server.js:3:158098)\n    at c:\\Users\\lukas\\.vscode\\extensions\\uqbar.wollok-lsp-ide-0.5.4\\out\\server\\src\\server.js:37:57871\n    at nd (c:\\Users\\lukas\\.vscode\\extensions\\uqbar.wollok-lsp-ide-0.5.4\\out\\server\\src\\server.js:8:1561)","timestamp":"2026-08-14T12:38:15.786Z"}
{"level":"info","message":"⌛ Building environment","timeElapsed":538,"timestamp":"2026-08-14T12:38:16.324Z"}
{"level":"info","message":"⌛ Building environment","timeElapsed":534,"timestamp":"2026-08-14T12:38:16.906Z"}
{"level":"info","message":"⌛ Building environment","timeElapsed":447,"timestamp":"2026-08-14T12:38:17.354Z"}
{"level":"info","message":"⌛ Building environment","timeElapsed":299,"timestamp":"2026-08-14T12:38:17.655Z"}
{"level":"info","message":"⌛ Building environment","timeElapsed":450,"timestamp":"2026-08-14T12:38:18.107Z"}
{"level":"info","message":"⌛ Building environment","timeElapsed":548,"timestamp":"2026-08-14T12:38:18.809Z"}
{"level":"info","message":"⌛ Building environment","timeElapsed":596,"timestamp":"2026-08-14T12:38:19.406Z"}
{"level":"info","message":"⌛ Building environment","timeElapsed":1985,"timestamp":"2026-08-14T12:38:21.453Z"}
{"level":"info","message":"⌛ Building environment","timeElapsed":497,"timestamp":"2026-08-14T12:38:22.087Z"}
{"level":"info","message":"⌛ Building environment","timeElapsed":578,"timestamp":"2026-08-14T12:38:22.742Z"}
{"level":"info","message":"⌛ Building environment","timeElapsed":631,"timestamp":"2026-08-14T12:38:23.375Z"}
{"level":"info","message":"⌛ Building environment","timeElapsed":766,"timestamp":"2026-08-14T12:38:24.142Z"}
{"level":"info","message":"⌛ Building environment","timeElapsed":462,"timestamp":"2026-08-14T12:38:24.608Z"}
{"level":"info","message":"⌛ Building environment","timeElapsed":440,"timestamp":"2026-08-14T12:38:25.049Z"}
{"level":"info","message":"⌛ Building environment","timeElapsed":648,"timestamp":"2026-08-14T12:38:25.700Z"}
{"level":"info","message":"⌛ Building environment","timeElapsed":353,"timestamp":"2026-08-14T12:38:26.054Z"}
{"level":"info","message":"⌛ Building environment","timeElapsed":437,"timestamp":"2026-08-14T12:38:26.597Z"}
{"level":"info","message":"⌛ Building environment","timeElapsed":495,"timestamp":"2026-08-14T12:38:27.115Z"}
{"level":"info","message":"⌛ Building environment","timeElapsed":421,"timestamp":"2026-08-14T12:38:27.613Z"}
{"level":"info","message":"⌛ Building environment","timeElapsed":467,"timestamp":"2026-08-14T12:38:28.082Z"}
{"level":"info","message":"⌛ Building environment","timeElapsed":229,"timestamp":"2026-08-14T12:38:28.337Z"}
{"level":"info","message":"⌛ Building environment","timeElapsed":206,"timestamp":"2026-08-14T12:38:28.604Z"}
{"level":"info","message":"⌛ Building environment","timeElapsed":499,"timestamp":"2026-08-14T12:38:29.116Z"}
{"level":"info","message":"⌛ Building environment","timeElapsed":317,"timestamp":"2026-08-14T12:38:29.442Z"}
{"level":"info","message":"⌛ Building environment","timeElapsed":264,"timestamp":"2026-08-14T12:38:29.721Z"}
{"level":"info","message":"⌛ Building environment","timeElapsed":241,"timestamp":"2026-08-14T12:38:29.968Z"}
{"level":"info","message":"⌛ Building environment","timeElapsed":312,"timestamp":"2026-08-14T12:38:30.324Z"}
{"level":"info","message":"⌛ Building environment","timeElapsed":273,"timestamp":"2026-08-14T12:38:30.602Z"}
{"level":"info","message":"⌛ Building environment","timeElapsed":331,"timestamp":"2026-08-14T12:38:30.939Z"}
{"level":"info","message":"⌛ Building environment","timeElapsed":428,"timestamp":"2026-08-14T12:38:31.375Z"}
{"level":"info","message":"⌛ Building environment","timeElapsed":825,"timestamp":"2026-08-14T12:38:32.209Z"}
{"level":"info","message":"⌛ Building environment","timeElapsed":585,"timestamp":"2026-08-14T12:38:32.801Z"}
{"level":"info","message":"⌛ Building environment","timeElapsed":296,"timestamp":"2026-08-14T12:38:33.152Z"}
{"level":"info","message":"⌛ Building environment","timeElapsed":284,"timestamp":"2026-08-14T12:38:33.509Z"}
{"level":"info","message":"⌛ Building environment","timeElapsed":390,"timestamp":"2026-08-14T12:38:33.925Z"}
{"level":"info","message":"⌛ Building environment","timeElapsed":391,"timestamp":"2026-08-14T12:38:34.322Z"}
{"level":"error","message":"✘ Completions for node Assignment ([7:5, 7:17] - pepita.wlk) failed: Error: [Assignment]{1ca77c} at pepita.wlk:7 exhausted all cases without a match [Assignment]{1ca77c} at pepita.wlk:7 exhausted all cases without a match","stack":"Error: [Assignment]{1ca77c} at pepita.wlk:7 exhausted all cases without a match\n    at c:\\Users\\lukas\\.vscode\\extensions\\uqbar.wollok-lsp-ide-0.5.4\\out\\server\\src\\server.js:38:6142\n    at L2 (c:\\Users\\lukas\\.vscode\\extensions\\uqbar.wollok-lsp-ide-0.5.4\\out\\server\\src\\server.js:2389:42)\n    at Jh (c:\\Users\\lukas\\.vscode\\extensions\\uqbar.wollok-lsp-ide-0.5.4\\out\\server\\src\\server.js:2389:1092)\n    at M5n (c:\\Users\\lukas\\.vscode\\extensions\\uqbar.wollok-lsp-ide-0.5.4\\out\\server\\src\\server.js:2389:1248)\n    at c:\\Users\\lukas\\.vscode\\extensions\\uqbar.wollok-lsp-ide-0.5.4\\out\\server\\src\\server.js:38:6131\n    at L2 (c:\\Users\\lukas\\.vscode\\extensions\\uqbar.wollok-lsp-ide-0.5.4\\out\\server\\src\\server.js:2389:42)\n    at c:\\Users\\lukas\\.vscode\\extensions\\uqbar.wollok-lsp-ide-0.5.4\\out\\server\\src\\server.js:2389:2988\n    at c:\\Users\\lukas\\.vscode\\extensions\\uqbar.wollok-lsp-ide-0.5.4\\out\\server\\src\\server.js:2398:8440\n    at c:\\Users\\lukas\\.vscode\\extensions\\uqbar.wollok-lsp-ide-0.5.4\\out\\server\\src\\server.js:37:74872\n    at Ke (c:\\Users\\lukas\\.vscode\\extensions\\uqbar.wollok-lsp-ide-0.5.4\\out\\server\\src\\server.js:7:8527)","timestamp":"2026-08-14T12:38:34.509Z"}
{"level":"info","message":"⌛ Autocomplete - Reference","timeElapsed":128,"timestamp":"2026-08-14T12:38:34.550Z"}
{"level":"info","message":"⌛ Building environment","timeElapsed":618,"timestamp":"2026-08-14T12:38:35.209Z"}
{"level":"info","message":"⌛ Building environment","timeElapsed":658,"timestamp":"2026-08-14T12:38:35.871Z"}
{"level":"info","message":"⌛ Building environment","timeElapsed":620,"timestamp":"2026-08-14T12:38:36.493Z"}
{"level":"info","message":"⌛ Building environment","timeElapsed":408,"timestamp":"2026-08-14T12:38:36.906Z"}
{"level":"info","message":"⌛ Building environment","timeElapsed":299,"timestamp":"2026-08-14T12:38:37.309Z"}
{"level":"info","message":"⌛ Building environment","timeElapsed":614,"timestamp":"2026-08-14T12:38:37.924Z"}
{"level":"info","message":"⌛ Validating pepita.wlk","timeElapsed":850,"timestamp":"2026-08-14T12:38:38.788Z"}
{"level":"info","message":"⌛ Building environment","timeElapsed":402,"timestamp":"2026-08-14T12:38:39.207Z"}
{"level":"info","message":"⌛ Validating pepita.wlk","timeElapsed":748,"timestamp":"2026-08-14T12:38:40.079Z"}
{"level":"info","message":"⌛ Validating pepita.wlk","timeElapsed":770,"timestamp":"2026-08-14T12:38:40.853Z"}
{"level":"info","message":"⌛ Validating pepita.wlk","timeElapsed":1242,"timestamp":"2026-08-14T12:38:42.105Z"}
{"level":"info","message":"⌛ Validating pepita.wlk","timeElapsed":2259,"timestamp":"2026-08-14T12:38:44.369Z"}
{"level":"info","message":"⌛ Validating pepita.wlk","timeElapsed":709,"timestamp":"2026-08-14T12:38:45.081Z"}
{"level":"info","message":"⌛ Validating pepita.wlk","timeElapsed":550,"timestamp":"2026-08-14T12:38:45.636Z"}
{"level":"info","message":"⌛ Building environment","timeElapsed":288,"timestamp":"2026-08-14T12:38:45.931Z"}
{"level":"info","message":"⌛ Building environment","timeElapsed":215,"timestamp":"2026-08-14T12:38:46.155Z"}
{"level":"info","message":"⌛ Building environment","timeElapsed":282,"timestamp":"2026-08-14T12:38:46.498Z"}
{"level":"info","message":"⌛ Building environment","timeElapsed":545,"timestamp":"2026-08-14T12:38:47.055Z"}
{"level":"info","message":"⌛ Validating pepita.wlk","timeElapsed":694,"timestamp":"2026-08-14T12:38:47.780Z"}
{"level":"info","message":"⌛ Building environment","timeElapsed":210,"timestamp":"2026-08-14T12:38:47.995Z"}
{"level":"info","message":"⌛ Building environment","timeElapsed":339,"timestamp":"2026-08-14T12:38:48.340Z"}
{"level":"info","message":"⌛ Building environment","timeElapsed":205,"timestamp":"2026-08-14T12:38:48.572Z"}
{"level":"info","message":"⌛ Building environment","timeElapsed":2380,"timestamp":"2026-08-14T12:38:51.185Z"}
{"level":"info","message":"⌛ Building environment","timeElapsed":264,"timestamp":"2026-08-14T12:38:51.458Z"}
{"level":"info","message":"⌛ Building environment","timeElapsed":411,"timestamp":"2026-08-14T12:38:51.916Z"}
{"level":"info","message":"⌛ Building environment","timeElapsed":346,"timestamp":"2026-08-14T12:38:52.268Z"}
{"level":"info","message":"⌛ Validating pepita.wlk","timeElapsed":450,"timestamp":"2026-08-14T12:38:52.742Z"}
{"level":"info","message":"⌛ Building environment","timeElapsed":235,"timestamp":"2026-08-14T12:38:52.981Z"}
{"level":"info","message":"⌛ Building environment","timeElapsed":262,"timestamp":"2026-08-14T12:38:53.247Z"}
{"level":"info","message":"⌛ Building environment","timeElapsed":314,"timestamp":"2026-08-14T12:38:53.574Z"}
{"level":"info","message":"⌛ Building environment","timeElapsed":210,"timestamp":"2026-08-14T12:38:53.849Z"}
{"level":"info","message":"⌛ Building environment","timeElapsed":274,"timestamp":"2026-08-14T12:38:54.130Z"}
{"level":"info","message":"⌛ Building environment","timeElapsed":598,"timestamp":"2026-08-14T12:38:54.732Z"}
{"level":"info","message":"⌛ Building environment","timeElapsed":624,"timestamp":"2026-08-14T12:38:55.398Z"}
{"level":"info","message":"⌛ Building environment","timeElapsed":265,"timestamp":"2026-08-14T12:38:55.669Z"}
{"level":"info","message":"⌛ Building environment","timeElapsed":1271,"timestamp":"2026-08-14T12:38:56.943Z"}
{"level":"info","message":"⌛ Building environment","timeElapsed":405,"timestamp":"2026-08-14T12:38:57.485Z"}
{"level":"info","message":"⌛ Validating pepita.wlk","timeElapsed":421,"timestamp":"2026-08-14T12:38:57.968Z"}
{"level":"info","message":"⌛ Building environment","timeElapsed":202,"timestamp":"2026-08-14T12:38:58.172Z"}
{"level":"info","message":"⌛ Validating pepita.wlk","timeElapsed":303,"timestamp":"2026-08-14T12:38:58.495Z"}
{"level":"info","message":"⌛ Validating pepita.wlk","timeElapsed":305,"timestamp":"2026-08-14T12:38:58.801Z"}
{"level":"info","message":"⌛ Validating pepita.wlk","timeElapsed":307,"timestamp":"2026-08-14T12:38:59.110Z"}
{"level":"info","message":"⌛ Validating pepita.wlk","timeElapsed":582,"timestamp":"2026-08-14T12:38:59.693Z"}
{"level":"info","message":"⌛ Validating pepita.wlk","timeElapsed":318,"timestamp":"2026-08-14T12:39:00.011Z"}
{"level":"info","message":"⌛ Validating pepita.wlk","timeElapsed":833,"timestamp":"2026-08-14T12:39:00.868Z"}
{"level":"info","message":"⌛ Validating pepita.wlk","timeElapsed":341,"timestamp":"2026-08-14T12:39:01.215Z"}
{"level":"info","message":"⌛ Validating pepita.wlk","timeElapsed":399,"timestamp":"2026-08-14T12:39:01.624Z"}
{"level":"info","message":"⌛ Validating pepita.wlk","timeElapsed":540,"timestamp":"2026-08-14T12:39:02.171Z"}
{"level":"info","message":"⌛ Validating pepita.wlk","timeElapsed":306,"timestamp":"2026-08-14T12:39:02.483Z"}
{"level":"info","message":"⌛ Validating pepita.wlk","timeElapsed":329,"timestamp":"2026-08-14T12:39:02.818Z"}
{"level":"info","message":"⌛ Validating pepita.wlk","timeElapsed":500,"timestamp":"2026-08-14T12:39:03.322Z"}
{"level":"info","message":"⌛ Validating pepita.wlk","timeElapsed":493,"timestamp":"2026-08-14T12:39:03.823Z"}
{"level":"info","message":"⌛ Validating pepita.wlk","timeElapsed":327,"timestamp":"2026-08-14T12:39:04.157Z"}
{"level":"info","message":"⌛ Validating pepita.wlk","timeElapsed":1318,"timestamp":"2026-08-14T12:39:05.486Z"}
{"level":"info","message":"⌛ Validating pepita.wlk","timeElapsed":542,"timestamp":"2026-08-14T12:39:06.033Z"}
{"level":"info","message":"⌛ Validating pepita.wlk","timeElapsed":399,"timestamp":"2026-08-14T12:39:06.438Z"}
{"level":"info","message":"⌛ Validating pepita.wlk","timeElapsed":332,"timestamp":"2026-08-14T12:39:06.780Z"}
{"level":"info","message":"⌛ Validating pepita.wlk","timeElapsed":364,"timestamp":"2026-08-14T12:39:07.149Z"}
{"level":"info","message":"⌛ Validating pepita.wlk","timeElapsed":346,"timestamp":"2026-08-14T12:39:07.502Z"}
{"level":"info","message":"⌛ Validating pepita.wlk","timeElapsed":322,"timestamp":"2026-08-14T12:39:07.829Z"}
{"level":"info","message":"⌛ Validating pepita.wlk","timeElapsed":290,"timestamp":"2026-08-14T12:39:08.128Z"}
{"level":"info","message":"⌛ Validating pepita.wlk","timeElapsed":615,"timestamp":"2026-08-14T12:39:08.746Z"}
{"level":"info","message":"⌛ Validating pepita.wlk","timeElapsed":540,"timestamp":"2026-08-14T12:39:09.291Z"}
{"level":"info","message":"⌛ Validating pepita.wlk","timeElapsed":655,"timestamp":"2026-08-14T12:39:09.966Z"}
{"level":"info","message":"⌛ Validating pepita.wlk","timeElapsed":431,"timestamp":"2026-08-14T12:39:10.401Z"}
{"level":"info","message":"⌛ Validating pepita.wlk","timeElapsed":393,"timestamp":"2026-08-14T12:39:10.801Z"}
{"level":"info","message":"⌛ Validating pepita.wlk","timeElapsed":355,"timestamp":"2026-08-14T12:39:11.161Z"}
{"level":"info","message":"⌛ Validating pepita.wlk","timeElapsed":594,"timestamp":"2026-08-14T12:39:11.761Z"}
{"level":"info","message":"⌛ Validating pepita.wlk","timeElapsed":349,"timestamp":"2026-08-14T12:39:12.115Z"}
{"level":"info","message":"⌛ Validating pepita.wlk","timeElapsed":311,"timestamp":"2026-08-14T12:39:12.431Z"}
{"level":"info","message":"⌛ Validating pepita.wlk","timeElapsed":348,"timestamp":"2026-08-14T12:39:12.786Z"}
{"level":"info","message":"⌛ Validating pepita.wlk","timeElapsed":314,"timestamp":"2026-08-14T12:39:13.116Z"}
{"level":"info","message":"⌛ Building environment","timeElapsed":280,"timestamp":"2026-08-14T12:39:13.405Z"}
{"level":"info","message":"⌛ Validating pepita.wlk","timeElapsed":322,"timestamp":"2026-08-14T12:39:13.747Z"}
{"level":"info","message":"⌛ Validating pepita.wlk","timeElapsed":517,"timestamp":"2026-08-14T12:39:14.268Z"}
{"level":"info","message":"⌛ Validating pepita.wlk","timeElapsed":1316,"timestamp":"2026-08-14T12:39:15.584Z"}
{"level":"info","message":"⌛ Validating pepita.wlk","timeElapsed":727,"timestamp":"2026-08-14T12:39:16.317Z"}
{"level":"info","message":"⌛ Validating pepita.wlk","timeElapsed":629,"timestamp":"2026-08-14T12:39:16.951Z"}
{"level":"info","message":"⌛ Validating pepita.wlk","timeElapsed":587,"timestamp":"2026-08-14T12:39:17.549Z"}
{"level":"info","message":"⌛ Validating pepita.wlk","timeElapsed":480,"timestamp":"2026-08-14T12:39:18.077Z"}
{"level":"info","message":"⌛ Validating pepita.wlk","timeElapsed":547,"timestamp":"2026-08-14T12:39:18.631Z"}
{"level":"info","message":"⌛ Building environment","timeElapsed":455,"timestamp":"2026-08-14T12:39:19.088Z"}
{"level":"info","message":"⌛ Validating pepita.wlk","timeElapsed":632,"timestamp":"2026-08-14T12:39:19.722Z"}
{"level":"info","message":"⌛ Validating pepita.wlk","timeElapsed":641,"timestamp":"2026-08-14T12:39:20.371Z"}
{"level":"info","message":"⌛ Validating pepita.wlk","timeElapsed":938,"timestamp":"2026-08-14T12:39:21.313Z"}
{"level":"info","message":"⌛ Validating pepita.wlk","timeElapsed":1064,"timestamp":"2026-08-14T12:39:22.381Z"}
{"level":"info","message":"⌛ Building environment","timeElapsed":498,"timestamp":"2026-08-14T12:39:22.882Z"}
{"level":"info","message":"⌛ Validating pepita.wlk","timeElapsed":857,"timestamp":"2026-08-14T12:39:23.798Z"}
{"level":"info","message":"⌛ Validating pepita.wlk","timeElapsed":788,"timestamp":"2026-08-14T12:39:24.588Z"}
{"level":"info","message":"⌛ Validating pepita.wlk","timeElapsed":950,"timestamp":"2026-08-14T12:39:25.540Z"}
{"level":"info","message":"⌛ Validating pepita.wlk","timeElapsed":952,"timestamp":"2026-08-14T12:39:26.618Z"}
{"level":"info","message":"⌛ Validating pepita.wlk","timeElapsed":521,"timestamp":"2026-08-14T12:39:27.139Z"}
{"level":"info","message":"⌛ Validating pepita.wlk","timeElapsed":1197,"timestamp":"2026-08-14T12:39:28.337Z"}
{"level":"info","message":"⌛ Building environment","timeElapsed":468,"timestamp":"2026-08-14T12:39:28.807Z"}
{"level":"info","message":"⌛ Building environment","timeElapsed":832,"timestamp":"2026-08-14T12:39:29.655Z"}
{"level":"info","message":"⌛ Building environment","timeElapsed":562,"timestamp":"2026-08-14T12:39:30.234Z"}
{"level":"info","message":"⌛ Validating pepita.wlk","timeElapsed":762,"timestamp":"2026-08-14T12:39:30.998Z"}
{"level":"info","message":"⌛ Building environment","timeElapsed":336,"timestamp":"2026-08-14T12:39:31.338Z"}
{"level":"info","message":"⌛ Building environment","timeElapsed":475,"timestamp":"2026-08-14T12:39:31.820Z"}
{"level":"error","message":"✘ Failed to rebuild document Failed to parse pepita.wlk: \n-- PARSING FAILED --------------------------------------------------\n\n  11 | method\n  12 | \n> 13 | }\n     | ^\n\nExpected one of the following: \n\n'!=', '!==', '%', '&&', '*', '**', '+', '-', '->', '..', '..<', '/', '<', '<<', '<<<', '<=', '<=>', '<>', '==', '===', '>', '>..', '>=', '>>', '>>>', '?:', '@', 'and', 'class', 'const', 'describe', 'invert', 'mixin', 'negate', 'object', 'only', 'or', 'package', 'plus', 'program', 'test', 'var', '{', '||', EOF, comment, identifier, not \"}\", whitespace\n","stack":"Error: Failed to parse pepita.wlk: \n-- PARSING FAILED --------------------------------------------------\n\n  11 | method\n  12 | \n> 13 | }\n     | ^\n\nExpected one of the following: \n\n'!=', '!==', '%', '&&', '*', '**', '+', '-', '->', '..', '..<', '/', '<', '<<', '<<<', '<=', '<=>', '<>', '==', '===', '>', '>..', '>=', '>>', '>>>', '?:', '@', 'and', 'class', 'const', 'describe', 'invert', 'mixin', 'negate', 'object', 'only', 'or', 'package', 'plus', 'program', 'test', 'var', '{', '||', EOF, comment, identifier, not \"}\", whitespace\n\n    at c:\\Users\\lukas\\.vscode\\extensions\\uqbar.wollok-lsp-ide-0.5.4\\out\\server\\src\\server.js:2353:13026\n    at Array.map (<anonymous>)\n    at U1n (c:\\Users\\lukas\\.vscode\\extensions\\uqbar.wollok-lsp-ide-0.5.4\\out\\server\\src\\server.js:2353:12950)\n    at H2.buildEnvironmentFrom (c:\\Users\\lukas\\.vscode\\extensions\\uqbar.wollok-lsp-ide-0.5.4\\out\\server\\src\\server.js:2398:5254)\n    at H2.updateEnvironmentWith (c:\\Users\\lukas\\.vscode\\extensions\\uqbar.wollok-lsp-ide-0.5.4\\out\\server\\src\\server.js:2398:4989)\n    at GF (c:\\Users\\lukas\\.vscode\\extensions\\uqbar.wollok-lsp-ide-0.5.4\\out\\server\\src\\server.js:2398:7383)\n    at V3.invoke (c:\\Users\\lukas\\.vscode\\extensions\\uqbar.wollok-lsp-ide-0.5.4\\out\\server\\src\\server.js:3:157328)\n    at o.fire (c:\\Users\\lukas\\.vscode\\extensions\\uqbar.wollok-lsp-ide-0.5.4\\out\\server\\src\\server.js:3:158098)\n    at c:\\Users\\lukas\\.vscode\\extensions\\uqbar.wollok-lsp-ide-0.5.4\\out\\server\\src\\server.js:37:57871\n    at nd (c:\\Users\\lukas\\.vscode\\extensions\\uqbar.wollok-lsp-ide-0.5.4\\out\\server\\src\\server.js:8:1561)","timestamp":"2026-08-14T12:39:31.921Z"}
{"level":"info","message":"⌛ Validating pepita.wlk","timeElapsed":399,"timestamp":"2026-08-14T12:39:32.337Z"}
{"level":"info","message":"⌛ Validating pepita.wlk","timeElapsed":265,"timestamp":"2026-08-14T12:39:32.606Z"}
{"level":"info","message":"⌛ Validating pepita.wlk","timeElapsed":303,"timestamp":"2026-08-14T12:39:32.917Z"}
{"level":"info","message":"⌛ Validating pepita.wlk","timeElapsed":268,"timestamp":"2026-08-14T12:39:33.186Z"}
{"level":"error","message":"✘ Failed to rebuild document Failed to parse pepita.wlk: \n-- PARSING FAILED --------------------------------------------------\n\n  11 | method \n  12 | \n> 13 | }\n     | ^\n\nExpected one of the following: \n\n'!=', '!==', '%', '&&', '*', '**', '+', '-', '->', '..', '..<', '/', '<', '<<', '<<<', '<=', '<=>', '<>', '==', '===', '>', '>..', '>=', '>>', '>>>', '?:', '@', 'and', 'class', 'const', 'describe', 'invert', 'mixin', 'negate', 'object', 'only', 'or', 'package', 'plus', 'program', 'test', 'var', '{', '||', EOF, comment, identifier, not \"}\", whitespace\n","stack":"Error: Failed to parse pepita.wlk: \n-- PARSING FAILED --------------------------------------------------\n\n  11 | method \n  12 | \n> 13 | }\n     | ^\n\nExpected one of the following: \n\n'!=', '!==', '%', '&&', '*', '**', '+', '-', '->', '..', '..<', '/', '<', '<<', '<<<', '<=', '<=>', '<>', '==', '===', '>', '>..', '>=', '>>', '>>>', '?:', '@', 'and', 'class', 'const', 'describe', 'invert', 'mixin', 'negate', 'object', 'only', 'or', 'package', 'plus', 'program', 'test', 'var', '{', '||', EOF, comment, identifier, not \"}\", whitespace\n\n    at c:\\Users\\lukas\\.vscode\\extensions\\uqbar.wollok-lsp-ide-0.5.4\\out\\server\\src\\server.js:2353:13026\n    at Array.map (<anonymous>)\n    at U1n (c:\\Users\\lukas\\.vscode\\extensions\\uqbar.wollok-lsp-ide-0.5.4\\out\\server\\src\\server.js:2353:12950)\n    at H2.buildEnvironmentFrom (c:\\Users\\lukas\\.vscode\\extensions\\uqbar.wollok-lsp-ide-0.5.4\\out\\server\\src\\server.js:2398:5254)\n    at H2.updateEnvironmentWith (c:\\Users\\lukas\\.vscode\\extensions\\uqbar.wollok-lsp-ide-0.5.4\\out\\server\\src\\server.js:2398:4989)\n    at GF (c:\\Users\\lukas\\.vscode\\extensions\\uqbar.wollok-lsp-ide-0.5.4\\out\\server\\src\\server.js:2398:7383)\n    at V3.invoke (c:\\Users\\lukas\\.vscode\\extensions\\uqbar.wollok-lsp-ide-0.5.4\\out\\server\\src\\server.js:3:157328)\n    at o.fire (c:\\Users\\lukas\\.vscode\\extensions\\uqbar.wollok-lsp-ide-0.5.4\\out\\server\\src\\server.js:3:158098)\n    at c:\\Users\\lukas\\.vscode\\extensions\\uqbar.wollok-lsp-ide-0.5.4\\out\\server\\src\\server.js:37:57871\n    at nd (c:\\Users\\lukas\\.vscode\\extensions\\uqbar.wollok-lsp-ide-0.5.4\\out\\server\\src\\server.js:8:1561)","timestamp":"2026-08-14T12:39:33.229Z"}
{"level":"info","message":"⌛ Validating pepita.wlk","timeElapsed":456,"timestamp":"2026-08-14T12:39:33.695Z"}
{"level":"info","message":"⌛ Building environment","timeElapsed":234,"timestamp":"2026-08-14T12:39:33.939Z"}
{"level":"info","message":"⌛ Building environment","timeElapsed":204,"timestamp":"2026-08-14T12:39:34.187Z"}
{"level":"info","message":"⌛ Validating pepita.wlk","timeElapsed":391,"timestamp":"2026-08-14T12:39:34.585Z"}
{"level":"info","message":"⌛ Building environment","timeElapsed":362,"timestamp":"2026-08-14T12:39:34.949Z"}
{"level":"info","message":"⌛ Building environment","timeElapsed":185,"timestamp":"2026-08-14T12:39:35.172Z"}
{"level":"info","message":"⌛ Building environment","timeElapsed":386,"timestamp":"2026-08-14T12:39:35.569Z"}
{"level":"info","message":"⌛ Building environment","timeElapsed":310,"timestamp":"2026-08-14T12:39:35.896Z"}
{"level":"info","message":"⌛ Building environment","timeElapsed":384,"timestamp":"2026-08-14T12:39:36.284Z"}
{"level":"info","message":"⌛ Building environment","timeElapsed":264,"timestamp":"2026-08-14T12:39:36.600Z"}
{"level":"info","message":"⌛ Building environment","timeElapsed":547,"timestamp":"2026-08-14T12:39:37.212Z"}
{"level":"info","message":"⌛ Building environment","timeElapsed":418,"timestamp":"2026-08-14T12:39:37.699Z"}
{"level":"info","message":"⌛ Building environment","timeElapsed":306,"timestamp":"2026-08-14T12:39:38.045Z"}
{"level":"info","message":"⌛ Building environment","timeElapsed":414,"timestamp":"2026-08-14T12:39:38.466Z"}
{"level":"info","message":"⌛ Building environment","timeElapsed":213,"timestamp":"2026-08-14T12:39:38.683Z"}
{"level":"info","message":"⌛ Building environment","timeElapsed":154,"timestamp":"2026-08-14T12:39:38.900Z"}
{"level":"info","message":"⌛ Building environment","timeElapsed":199,"timestamp":"2026-08-14T12:39:39.104Z"}
{"level":"info","message":"⌛ Building environment","timeElapsed":173,"timestamp":"2026-08-14T12:39:39.287Z"}
{"level":"info","message":"⌛ Building environment","timeElapsed":201,"timestamp":"2026-08-14T12:39:39.502Z"}
{"level":"info","message":"⌛ Building environment","timeElapsed":1362,"timestamp":"2026-08-14T12:39:41.235Z"}
{"level":"info","message":"⌛ Validating pepita.wlk","timeElapsed":332,"timestamp":"2026-08-14T12:39:41.595Z"}
{"level":"info","message":"⌛ Validating pepita.wlk","timeElapsed":298,"timestamp":"2026-08-14T12:39:41.894Z"}
{"level":"info","message":"⌛ Validating pepita.wlk","timeElapsed":210,"timestamp":"2026-08-14T12:39:42.105Z"}
{"level":"info","message":"⌛ Building environment","timeElapsed":166,"timestamp":"2026-08-14T12:39:42.276Z"}
{"level":"info","message":"⌛ Building environment","timeElapsed":191,"timestamp":"2026-08-14T12:39:42.480Z"}
{"level":"info","message":"⌛ Validating pepita.wlk","timeElapsed":314,"timestamp":"2026-08-14T12:39:42.795Z"}
{"level":"info","message":"⌛ Building environment","timeElapsed":215,"timestamp":"2026-08-14T12:39:43.018Z"}
{"level":"info","message":"⌛ Validating pepita.wlk","timeElapsed":300,"timestamp":"2026-08-14T12:39:43.339Z"}
{"level":"info","message":"⌛ Validating pepita.wlk","timeElapsed":347,"timestamp":"2026-08-14T12:39:43.692Z"}
{"level":"info","message":"⌛ Validating pepita.wlk","timeElapsed":423,"timestamp":"2026-08-14T12:39:44.116Z"}
{"level":"info","message":"⌛ Building environment","timeElapsed":268,"timestamp":"2026-08-14T12:39:44.385Z"}
{"level":"info","message":"⌛ Building environment","timeElapsed":216,"timestamp":"2026-08-14T12:39:44.605Z"}
{"level":"info","message":"⌛ Building environment","timeElapsed":217,"timestamp":"2026-08-14T12:39:44.834Z"}
{"level":"info","message":"⌛ Building environment","timeElapsed":868,"timestamp":"2026-08-14T12:39:45.704Z"}
{"level":"info","message":"⌛ Building environment","timeElapsed":222,"timestamp":"2026-08-14T12:39:45.928Z"}
{"level":"info","message":"⌛ Validating pepita.wlk","timeElapsed":499,"timestamp":"2026-08-14T12:39:46.445Z"}
{"level":"info","message":"⌛ Validating pepita.wlk","timeElapsed":420,"timestamp":"2026-08-14T12:39:46.867Z"}
{"level":"info","message":"⌛ Building environment","timeElapsed":207,"timestamp":"2026-08-14T12:39:47.076Z"}
{"level":"info","message":"⌛ Validating pepita.wlk","timeElapsed":322,"timestamp":"2026-08-14T12:39:47.417Z"}
{"level":"info","message":"⌛ Validating pepita.wlk","timeElapsed":439,"timestamp":"2026-08-14T12:39:47.872Z"}
{"level":"info","message":"⌛ Validating pepita.wlk","timeElapsed":459,"timestamp":"2026-08-14T12:39:48.338Z"}
{"level":"info","message":"⌛ Validating pepita.wlk","timeElapsed":499,"timestamp":"2026-08-14T12:39:48.845Z"}
{"level":"info","message":"⌛ Validating pepita.wlk","timeElapsed":363,"timestamp":"2026-08-14T12:39:49.213Z"}
{"level":"info","message":"⌛ Validating pepita.wlk","timeElapsed":379,"timestamp":"2026-08-14T12:39:49.594Z"}
{"level":"info","message":"⌛ Validating pepita.wlk","timeElapsed":368,"timestamp":"2026-08-14T12:39:49.963Z"}
{"level":"info","message":"⌛ Validating pepita.wlk","timeElapsed":368,"timestamp":"2026-08-14T12:39:50.332Z"}
{"level":"info","message":"⌛ Validating pepita.wlk","timeElapsed":416,"timestamp":"2026-08-14T12:39:50.748Z"}
{"level":"info","message":"⌛ Validating pepita.wlk","timeElapsed":399,"timestamp":"2026-08-14T12:39:51.152Z"}
{"level":"info","message":"⌛ Building environment","timeElapsed":253,"timestamp":"2026-08-14T12:39:51.407Z"}
{"level":"info","message":"⌛ Building environment","timeElapsed":275,"timestamp":"2026-08-14T12:39:51.687Z"}
{"level":"info","message":"⌛ Building environment","timeElapsed":204,"timestamp":"2026-08-14T12:39:51.927Z"}
{"level":"info","message":"⌛ Building environment","timeElapsed":245,"timestamp":"2026-08-14T12:39:52.176Z"}
{"level":"info","message":"⌛ Validating pepita.wlk","timeElapsed":343,"timestamp":"2026-08-14T12:39:52.531Z"}
{"level":"info","message":"⌛ Validating pepita.wlk","timeElapsed":328,"timestamp":"2026-08-14T12:39:52.860Z"}
{"level":"info","message":"⌛ Validating pepita.wlk","timeElapsed":489,"timestamp":"2026-08-14T12:39:53.354Z"}
{"level":"info","message":"⌛ Building environment","timeElapsed":257,"timestamp":"2026-08-14T12:39:53.633Z"}
{"level":"info","message":"⌛ Building environment","timeElapsed":244,"timestamp":"2026-08-14T12:39:53.916Z"}
{"level":"info","message":"⌛ Building environment","timeElapsed":482,"timestamp":"2026-08-14T12:39:54.401Z"}
{"level":"info","message":"⌛ Building environment","timeElapsed":493,"timestamp":"2026-08-14T12:39:55.098Z"}
{"level":"info","message":"⌛ Building environment","timeElapsed":297,"timestamp":"2026-08-14T12:39:55.399Z"}
{"level":"info","message":"⌛ Building environment","timeElapsed":271,"timestamp":"2026-08-14T12:39:55.740Z"}
{"level":"info","message":"⌛ Building environment","timeElapsed":347,"timestamp":"2026-08-14T12:39:56.090Z"}
{"level":"info","message":"⌛ Building environment","timeElapsed":200,"timestamp":"2026-08-14T12:39:56.301Z"}
{"level":"info","message":"⌛ Building environment","timeElapsed":274,"timestamp":"2026-08-14T12:39:56.593Z"}
{"level":"info","message":"⌛ Building environment","timeElapsed":238,"timestamp":"2026-08-14T12:39:56.836Z"}
{"level":"error","message":"✘ Failed to rebuild document Failed to parse pepita.wlk: \n-- PARSING FAILED --------------------------------------------------\n\n  17 | method\n  18 | \n> 19 | }\n     | ^\n\nExpected one of the following: \n\n'!=', '!==', '%', '&&', '*', '**', '+', '-', '->', '..', '..<', '/', '<', '<<', '<<<', '<=', '<=>', '<>', '==', '===', '>', '>..', '>=', '>>', '>>>', '?:', '@', 'and', 'class', 'const', 'describe', 'invert', 'mixin', 'negate', 'object', 'only', 'or', 'package', 'plus', 'program', 'test', 'var', '{', '||', EOF, comment, identifier, not \"}\", whitespace\n","stack":"Error: Failed to parse pepita.wlk: \n-- PARSING FAILED --------------------------------------------------\n\n  17 | method\n  18 | \n> 19 | }\n     | ^\n\nExpected one of the following: \n\n'!=', '!==', '%', '&&', '*', '**', '+', '-', '->', '..', '..<', '/', '<', '<<', '<<<', '<=', '<=>', '<>', '==', '===', '>', '>..', '>=', '>>', '>>>', '?:', '@', 'and', 'class', 'const', 'describe', 'invert', 'mixin', 'negate', 'object', 'only', 'or', 'package', 'plus', 'program', 'test', 'var', '{', '||', EOF, comment, identifier, not \"}\", whitespace\n\n    at c:\\Users\\lukas\\.vscode\\extensions\\uqbar.wollok-lsp-ide-0.5.4\\out\\server\\src\\server.js:2353:13026\n    at Array.map (<anonymous>)\n    at U1n (c:\\Users\\lukas\\.vscode\\extensions\\uqbar.wollok-lsp-ide-0.5.4\\out\\server\\src\\server.js:2353:12950)\n    at H2.buildEnvironmentFrom (c:\\Users\\lukas\\.vscode\\extensions\\uqbar.wollok-lsp-ide-0.5.4\\out\\server\\src\\server.js:2398:5254)\n    at H2.updateEnvironmentWith (c:\\Users\\lukas\\.vscode\\extensions\\uqbar.wollok-lsp-ide-0.5.4\\out\\server\\src\\server.js:2398:4989)\n    at GF (c:\\Users\\lukas\\.vscode\\extensions\\uqbar.wollok-lsp-ide-0.5.4\\out\\server\\src\\server.js:2398:7383)\n    at V3.invoke (c:\\Users\\lukas\\.vscode\\extensions\\uqbar.wollok-lsp-ide-0.5.4\\out\\server\\src\\server.js:3:157328)\n    at o.fire (c:\\Users\\lukas\\.vscode\\extensions\\uqbar.wollok-lsp-ide-0.5.4\\out\\server\\src\\server.js:3:158098)\n    at c:\\Users\\lukas\\.vscode\\extensions\\uqbar.wollok-lsp-ide-0.5.4\\out\\server\\src\\server.js:37:57871\n    at nd (c:\\Users\\lukas\\.vscode\\extensions\\uqbar.wollok-lsp-ide-0.5.4\\out\\server\\src\\server.js:8:1561)","timestamp":"2026-08-14T12:39:56.896Z"}
{"level":"error","message":"✘ Failed to rebuild document Failed to parse pepita.wlk: \n-- PARSING FAILED --------------------------------------------------\n\n  17 | method \n  18 | \n> 19 | }\n     | ^\n\nExpected one of the following: \n\n'!=', '!==', '%', '&&', '*', '**', '+', '-', '->', '..', '..<', '/', '<', '<<', '<<<', '<=', '<=>', '<>', '==', '===', '>', '>..', '>=', '>>', '>>>', '?:', '@', 'and', 'class', 'const', 'describe', 'invert', 'mixin', 'negate', 'object', 'only', 'or', 'package', 'plus', 'program', 'test', 'var', '{', '||', EOF, comment, identifier, not \"}\", whitespace\n","stack":"Error: Failed to parse pepita.wlk: \n-- PARSING FAILED --------------------------------------------------\n\n  17 | method \n  18 | \n> 19 | }\n     | ^\n\nExpected one of the following: \n\n'!=', '!==', '%', '&&', '*', '**', '+', '-', '->', '..', '..<', '/', '<', '<<', '<<<', '<=', '<=>', '<>', '==', '===', '>', '>..', '>=', '>>', '>>>', '?:', '@', 'and', 'class', 'const', 'describe', 'invert', 'mixin', 'negate', 'object', 'only', 'or', 'package', 'plus', 'program', 'test', 'var', '{', '||', EOF, comment, identifier, not \"}\", whitespace\n\n    at c:\\Users\\lukas\\.vscode\\extensions\\uqbar.wollok-lsp-ide-0.5.4\\out\\server\\src\\server.js:2353:13026\n    at Array.map (<anonymous>)\n    at U1n (c:\\Users\\lukas\\.vscode\\extensions\\uqbar.wollok-lsp-ide-0.5.4\\out\\server\\src\\server.js:2353:12950)\n    at H2.buildEnvironmentFrom (c:\\Users\\lukas\\.vscode\\extensions\\uqbar.wollok-lsp-ide-0.5.4\\out\\server\\src\\server.js:2398:5254)\n    at H2.updateEnvironmentWith (c:\\Users\\lukas\\.vscode\\extensions\\uqbar.wollok-lsp-ide-0.5.4\\out\\server\\src\\server.js:2398:4989)\n    at GF (c:\\Users\\lukas\\.vscode\\extensions\\uqbar.wollok-lsp-ide-0.5.4\\out\\server\\src\\server.js:2398:7383)\n    at V3.invoke (c:\\Users\\lukas\\.vscode\\extensions\\uqbar.wollok-lsp-ide-0.5.4\\out\\server\\src\\server.js:3:157328)\n    at o.fire (c:\\Users\\lukas\\.vscode\\extensions\\uqbar.wollok-lsp-ide-0.5.4\\out\\server\\src\\server.js:3:158098)\n    at c:\\Users\\lukas\\.vscode\\extensions\\uqbar.wollok-lsp-ide-0.5.4\\out\\server\\src\\server.js:37:57871\n    at nd (c:\\Users\\lukas\\.vscode\\extensions\\uqbar.wollok-lsp-ide-0.5.4\\out\\server\\src\\server.js:8:1561)","timestamp":"2026-08-14T12:39:56.987Z"}
{"level":"info","message":"⌛ Building environment","timeElapsed":412,"timestamp":"2026-08-14T12:39:57.432Z"}
{"level":"info","message":"⌛ Validating pepita.wlk","timeElapsed":303,"timestamp":"2026-08-14T12:39:57.796Z"}
{"level":"info","message":"⌛ Building environment","timeElapsed":365,"timestamp":"2026-08-14T12:39:58.204Z"}
{"level":"info","message":"⌛ Building environment","timeElapsed":327,"timestamp":"2026-08-14T12:39:58.534Z"}
{"level":"info","message":"⌛ Building environment","timeElapsed":196,"timestamp":"2026-08-14T12:39:58.738Z"}
{"level":"info","message":"⌛ Building environment","timeElapsed":202,"timestamp":"2026-08-14T12:39:58.987Z"}
{"level":"info","message":"⌛ Building environment","timeElapsed":253,"timestamp":"2026-08-14T12:39:59.247Z"}
{"level":"info","message":"⌛ Building environment","timeElapsed":256,"timestamp":"2026-08-14T12:39:59.504Z"}
{"level":"info","message":"⌛ Validating pepita.wlk","timeElapsed":422,"timestamp":"2026-08-14T12:39:59.971Z"}
{"level":"info","message":"⌛ Building environment","timeElapsed":260,"timestamp":"2026-08-14T12:40:00.243Z"}
{"level":"info","message":"⌛ Building environment","timeElapsed":220,"timestamp":"2026-08-14T12:40:00.488Z"}
{"level":"info","message":"⌛ Building environment","timeElapsed":232,"timestamp":"2026-08-14T12:40:00.729Z"}
{"level":"info","message":"⌛ Building environment","timeElapsed":244,"timestamp":"2026-08-14T12:40:01.014Z"}
{"level":"info","message":"⌛ Building environment","timeElapsed":230,"timestamp":"2026-08-14T12:40:01.250Z"}
{"level":"info","message":"⌛ Building environment","timeElapsed":179,"timestamp":"2026-08-14T12:40:01.431Z"}
{"level":"info","message":"⌛ Building environment","timeElapsed":181,"timestamp":"2026-08-14T12:40:01.727Z"}
{"level":"info","message":"⌛ Building environment","timeElapsed":175,"timestamp":"2026-08-14T12:40:02.027Z"}
{"level":"info","message":"⌛ Building environment","timeElapsed":180,"timestamp":"2026-08-14T12:40:02.227Z"}
{"level":"info","message":"⌛ Building environment","timeElapsed":179,"timestamp":"2026-08-14T12:40:02.408Z"}
{"level":"info","message":"⌛ Building environment","timeElapsed":147,"timestamp":"2026-08-14T12:40:02.601Z"}
{"level":"info","message":"⌛ Building environment","timeElapsed":207,"timestamp":"2026-08-14T12:40:02.812Z"}
{"level":"info","message":"⌛ Building environment","timeElapsed":194,"timestamp":"2026-08-14T12:40:03.010Z"}
{"level":"info","message":"⌛ Building environment","timeElapsed":156,"timestamp":"2026-08-14T12:40:03.169Z"}
{"level":"info","message":"⌛ Validating pepita.wlk","timeElapsed":282,"timestamp":"2026-08-14T12:40:03.473Z"}
{"level":"info","message":"⌛ Building environment","timeElapsed":2018,"timestamp":"2026-08-14T12:40:05.535Z"}
{"level":"info","message":"⌛ Building environment","timeElapsed":261,"timestamp":"2026-08-14T12:40:05.810Z"}
{"level":"info","message":"⌛ Building environment","timeElapsed":148,"timestamp":"2026-08-14T12:40:05.962Z"}
{"level":"info","message":"⌛ Building environment","timeElapsed":152,"timestamp":"2026-08-14T12:40:06.167Z"}
{"level":"info","message":"⌛ Building environment","timeElapsed":255,"timestamp":"2026-08-14T12:40:06.425Z"}
{"level":"info","message":"⌛ Building environment","timeElapsed":153,"timestamp":"2026-08-14T12:40:06.582Z"}
{"level":"info","message":"⌛ Building environment","timeElapsed":177,"timestamp":"2026-08-14T12:40:06.801Z"}
{"level":"info","message":"⌛ Building environment","timeElapsed":412,"timestamp":"2026-08-14T12:40:07.228Z"}
{"level":"info","message":"⌛ Building environment","timeElapsed":197,"timestamp":"2026-08-14T12:40:07.429Z"}
{"level":"info","message":"⌛ Building environment","timeElapsed":199,"timestamp":"2026-08-14T12:40:07.631Z"}
{"level":"info","message":"⌛ Building environment","timeElapsed":185,"timestamp":"2026-08-14T12:40:07.835Z"}
{"level":"info","message":"⌛ Building environment","timeElapsed":171,"timestamp":"2026-08-14T12:40:08.026Z"}
{"level":"info","message":"⌛ Building environment","timeElapsed":152,"timestamp":"2026-08-14T12:40:08.187Z"}
{"level":"info","message":"⌛ Building environment","timeElapsed":256,"timestamp":"2026-08-14T12:40:08.485Z"}
{"level":"info","message":"⌛ Building environment","timeElapsed":181,"timestamp":"2026-08-14T12:40:08.669Z"}
{"level":"info","message":"⌛ Building environment","timeElapsed":150,"timestamp":"2026-08-14T12:40:08.826Z"}
{"level":"info","message":"⌛ Building environment","timeElapsed":161,"timestamp":"2026-08-14T12:40:09.026Z"}
{"level":"info","message":"⌛ Building environment","timeElapsed":190,"timestamp":"2026-08-14T12:40:09.227Z"}
{"level":"info","message":"⌛ Building environment","timeElapsed":180,"timestamp":"2026-08-14T12:40:09.410Z"}
{"level":"info","message":"⌛ Validating pepita.wlk","timeElapsed":262,"timestamp":"2026-08-14T12:40:09.690Z"}
{"level":"info","message":"⌛ Validating pepita.wlk","timeElapsed":277,"timestamp":"2026-08-14T12:40:09.969Z"}
{"level":"info","message":"⌛ Validating pepita.wlk","timeElapsed":238,"timestamp":"2026-08-14T12:40:10.213Z"}
{"level":"info","message":"⌛ Validating pepita.wlk","timeElapsed":272,"timestamp":"2026-08-14T12:40:10.489Z"}
{"level":"info","message":"⌛ Validating pepita.wlk","timeElapsed":233,"timestamp":"2026-08-14T12:40:10.728Z"}
{"level":"info","message":"⌛ Validating pepita.wlk","timeElapsed":216,"timestamp":"2026-08-14T12:40:10.957Z"}
{"level":"info","message":"⌛ Validating pepita.wlk","timeElapsed":228,"timestamp":"2026-08-14T12:40:11.191Z"}
{"level":"info","message":"⌛ Validating pepita.wlk","timeElapsed":214,"timestamp":"2026-08-14T12:40:11.409Z"}
{"level":"info","message":"⌛ Validating pepita.wlk","timeElapsed":246,"timestamp":"2026-08-14T12:40:11.657Z"}
{"level":"info","message":"⌛ Validating pepita.wlk","timeElapsed":218,"timestamp":"2026-08-14T12:40:11.876Z"}
{"level":"info","message":"⌛ Validating pepita.wlk","timeElapsed":230,"timestamp":"2026-08-14T12:40:12.106Z"}
{"level":"info","message":"⌛ Validating pepita.wlk","timeElapsed":235,"timestamp":"2026-08-14T12:40:12.342Z"}
{"level":"info","message":"⌛ Validating pepita.wlk","timeElapsed":219,"timestamp":"2026-08-14T12:40:12.562Z"}
{"level":"info","message":"⌛ Building environment","timeElapsed":163,"timestamp":"2026-08-14T12:40:12.734Z"}
{"level":"info","message":"⌛ Building environment","timeElapsed":176,"timestamp":"2026-08-14T12:40:12.928Z"}
{"level":"info","message":"⌛ Validating pepita.wlk","timeElapsed":229,"timestamp":"2026-08-14T12:40:13.171Z"}
{"level":"info","message":"⌛ Validating pepita.wlk","timeElapsed":207,"timestamp":"2026-08-14T12:40:13.381Z"}
{"level":"info","message":"⌛ Validating pepita.wlk","timeElapsed":216,"timestamp":"2026-08-14T12:40:13.604Z"}
{"level":"info","message":"⌛ Validating pepita.wlk","timeElapsed":215,"timestamp":"2026-08-14T12:40:13.821Z"}
{"level":"info","message":"⌛ Validating pepita.wlk","timeElapsed":205,"timestamp":"2026-08-14T12:40:14.033Z"}
{"level":"info","message":"⌛ Validating pepita.wlk","timeElapsed":281,"timestamp":"2026-08-14T12:40:14.315Z"}
{"level":"info","message":"⌛ Validating pepita.wlk","timeElapsed":416,"timestamp":"2026-08-14T12:40:14.736Z"}
{"level":"info","message":"⌛ Validating pepita.wlk","timeElapsed":264,"timestamp":"2026-08-14T12:40:15.005Z"}
{"level":"info","message":"⌛ Validating pepita.wlk","timeElapsed":393,"timestamp":"2026-08-14T12:40:15.401Z"}
{"level":"info","message":"⌛ Validating pepita.wlk","timeElapsed":434,"timestamp":"2026-08-14T12:40:15.835Z"}
{"level":"info","message":"⌛ Validating pepita.wlk","timeElapsed":300,"timestamp":"2026-08-14T12:40:16.137Z"}
{"level":"info","message":"⌛ Validating pepita.wlk","timeElapsed":311,"timestamp":"2026-08-14T12:40:16.449Z"}
{"level":"info","message":"⌛ Validating pepita.wlk","timeElapsed":325,"timestamp":"2026-08-14T12:40:16.783Z"}
{"level":"info","message":"⌛ Validating pepita.wlk","timeElapsed":297,"timestamp":"2026-08-14T12:40:17.081Z"}
{"level":"info","message":"⌛ Validating pepita.wlk","timeElapsed":426,"timestamp":"2026-08-14T12:40:17.513Z"}
{"level":"info","message":"⌛ Validating pepita.wlk","timeElapsed":273,"timestamp":"2026-08-14T12:40:17.786Z"}
{"level":"info","message":"⌛ Building environment","timeElapsed":177,"timestamp":"2026-08-14T12:40:17.967Z"}
{"level":"info","message":"⌛ Validating pepita.wlk","timeElapsed":307,"timestamp":"2026-08-14T12:40:18.308Z"}
{"level":"info","message":"⌛ Validating pepita.wlk","timeElapsed":304,"timestamp":"2026-08-14T12:40:18.614Z"}
{"level":"info","message":"⌛ Validating pepita.wlk","timeElapsed":239,"timestamp":"2026-08-14T12:40:18.857Z"}
{"level":"info","message":"⌛ Building environment","timeElapsed":298,"timestamp":"2026-08-14T12:40:19.160Z"}
{"level":"info","message":"⌛ Building environment","timeElapsed":277,"timestamp":"2026-08-14T12:40:19.468Z"}
{"level":"info","message":"⌛ Validating pepita.wlk","timeElapsed":420,"timestamp":"2026-08-14T12:40:19.918Z"}
{"level":"info","message":"⌛ Validating pepita.wlk","timeElapsed":798,"timestamp":"2026-08-14T12:40:20.718Z"}
{"level":"info","message":"⌛ Validating pepita.wlk","timeElapsed":241,"timestamp":"2026-08-14T12:40:20.968Z"}
{"level":"info","message":"⌛ Validating pepita.wlk","timeElapsed":257,"timestamp":"2026-08-14T12:40:21.231Z"}
{"level":"info","message":"⌛ Building environment","timeElapsed":190,"timestamp":"2026-08-14T12:40:21.437Z"}
{"level":"info","message":"⌛ Validating pepita.wlk","timeElapsed":309,"timestamp":"2026-08-14T12:40:21.767Z"}
{"level":"info","message":"⌛ Validating pepita.wlk","timeElapsed":260,"timestamp":"2026-08-14T12:40:22.042Z"}
{"level":"info","message":"⌛ Validating pepita.wlk","timeElapsed":296,"timestamp":"2026-08-14T12:40:22.342Z"}
{"level":"info","message":"⌛ Building environment","timeElapsed":265,"timestamp":"2026-08-14T12:40:22.611Z"}
{"level":"info","message":"⌛ Validating pepita.wlk","timeElapsed":309,"timestamp":"2026-08-14T12:40:22.925Z"}
{"level":"info","message":"⌛ Validating pepita.wlk","timeElapsed":228,"timestamp":"2026-08-14T12:40:23.159Z"}
{"level":"info","message":"⌛ Validating pepita.wlk","timeElapsed":430,"timestamp":"2026-08-14T12:40:23.602Z"}
{"level":"info","message":"⌛ Validating pepita.wlk","timeElapsed":282,"timestamp":"2026-08-14T12:40:23.890Z"}
{"level":"info","message":"⌛ Validating pepita.wlk","timeElapsed":240,"timestamp":"2026-08-14T12:40:24.132Z"}
{"level":"info","message":"⌛ Validating pepita.wlk","timeElapsed":271,"timestamp":"2026-08-14T12:40:24.404Z"}
{"level":"info","message":"⌛ Validating pepita.wlk","timeElapsed":245,"timestamp":"2026-08-14T12:40:24.650Z"}
{"level":"info","message":"⌛ Building environment","timeElapsed":174,"timestamp":"2026-08-14T12:40:24.835Z"}
{"level":"info","message":"⌛ Validating pepita.wlk","timeElapsed":252,"timestamp":"2026-08-14T12:40:25.108Z"}
{"level":"info","message":"⌛ Validating pepita.wlk","timeElapsed":283,"timestamp":"2026-08-14T12:40:25.401Z"}
{"level":"info","message":"⌛ Validating pepita.wlk","timeElapsed":244,"timestamp":"2026-08-14T12:40:25.653Z"}
{"level":"info","message":"⌛ Validating pepita.wlk","timeElapsed":273,"timestamp":"2026-08-14T12:40:25.933Z"}
{"level":"info","message":"⌛ Validating pepita.wlk","timeElapsed":261,"timestamp":"2026-08-14T12:40:26.194Z"}
{"level":"info","message":"⌛ Validating pepita.wlk","timeElapsed":254,"timestamp":"2026-08-14T12:40:26.461Z"}
{"level":"info","message":"⌛ Validating pepita.wlk","timeElapsed":249,"timestamp":"2026-08-14T12:40:26.713Z"}
{"level":"info","message":"⌛ Building environment","timeElapsed":169,"timestamp":"2026-08-14T12:40:26.885Z"}
{"level":"info","message":"⌛ Validating pepita.wlk","timeElapsed":294,"timestamp":"2026-08-14T12:40:27.196Z"}
{"level":"info","message":"⌛ Validating pepita.wlk","timeElapsed":255,"timestamp":"2026-08-14T12:40:27.452Z"}
{"level":"info","message":"⌛ Validating pepita.wlk","timeElapsed":247,"timestamp":"2026-08-14T12:40:27.707Z"}
{"level":"info","message":"⌛ Validating pepita.wlk","timeElapsed":221,"timestamp":"2026-08-14T12:40:27.930Z"}
{"level":"info","message":"⌛ Validating pepita.wlk","timeElapsed":226,"timestamp":"2026-08-14T12:40:28.160Z"}
{"level":"info","message":"⌛ Validating pepita.wlk","timeElapsed":242,"timestamp":"2026-08-14T12:40:28.404Z"}
{"level":"info","message":"⌛ Validating pepita.wlk","timeElapsed":236,"timestamp":"2026-08-14T12:40:28.641Z"}
{"level":"info","message":"⌛ Validating pepita.wlk","timeElapsed":241,"timestamp":"2026-08-14T12:40:28.883Z"}
{"level":"info","message":"⌛ Validating pepita.wlk","timeElapsed":214,"timestamp":"2026-08-14T12:40:29.097Z"}
{"level":"info","message":"⌛ Validating pepita.wlk","timeElapsed":208,"timestamp":"2026-08-14T12:40:29.311Z"}
{"level":"info","message":"⌛ Validating pepita.wlk","timeElapsed":212,"timestamp":"2026-08-14T12:40:29.524Z"}
{"level":"info","message":"⌛ Validating pepita.wlk","timeElapsed":223,"timestamp":"2026-08-14T12:40:29.747Z"}
{"level":"info","message":"⌛ Validating pepita.wlk","timeElapsed":207,"timestamp":"2026-08-14T12:40:29.955Z"}
{"level":"info","message":"⌛ Validating pepita.wlk","timeElapsed":209,"timestamp":"2026-08-14T12:40:30.164Z"}
{"level":"info","message":"⌛ Validating pepita.wlk","timeElapsed":236,"timestamp":"2026-08-14T12:40:30.405Z"}
{"level":"info","message":"⌛ Validating pepita.wlk","timeElapsed":288,"timestamp":"2026-08-14T12:40:30.699Z"}
{"level":"info","message":"⌛ Validating pepita.wlk","timeElapsed":319,"timestamp":"2026-08-14T12:40:31.019Z"}
{"level":"info","message":"⌛ Validating pepita.wlk","timeElapsed":324,"timestamp":"2026-08-14T12:40:31.344Z"}
{"level":"info","message":"⌛ Validating pepita.wlk","timeElapsed":250,"timestamp":"2026-08-14T12:40:31.594Z"}
{"level":"info","message":"⌛ Validating pepita.wlk","timeElapsed":445,"timestamp":"2026-08-14T12:40:32.041Z"}
{"level":"info","message":"⌛ Validating pepita.wlk","timeElapsed":227,"timestamp":"2026-08-14T12:40:32.273Z"}
{"level":"info","message":"⌛ Validating pepita.wlk","timeElapsed":206,"timestamp":"2026-08-14T12:40:32.482Z"}
{"level":"info","message":"⌛ Validating pepita.wlk","timeElapsed":236,"timestamp":"2026-08-14T12:40:32.719Z"}
{"level":"info","message":"⌛ Validating pepita.wlk","timeElapsed":307,"timestamp":"2026-08-14T12:40:33.027Z"}
{"level":"info","message":"⌛ Validating pepita.wlk","timeElapsed":353,"timestamp":"2026-08-14T12:40:33.381Z"}
{"level":"info","message":"⌛ Validating pepita.wlk","timeElapsed":205,"timestamp":"2026-08-14T12:40:33.594Z"}
{"level":"info","message":"⌛ Validating pepita.wlk","timeElapsed":229,"timestamp":"2026-08-14T12:40:33.823Z"}
{"level":"info","message":"⌛ Validating pepita.wlk","timeElapsed":351,"timestamp":"2026-08-14T12:40:34.175Z"}
{"level":"info","message":"⌛ Validating pepita.wlk","timeElapsed":245,"timestamp":"2026-08-14T12:40:34.422Z"}
{"level":"info","message":"⌛ Validating pepita.wlk","timeElapsed":212,"timestamp":"2026-08-14T12:40:34.636Z"}
{"level":"info","message":"⌛ Validating pepita.wlk","timeElapsed":295,"timestamp":"2026-08-14T12:40:34.937Z"}
{"level":"info","message":"⌛ Validating pepita.wlk","timeElapsed":616,"timestamp":"2026-08-14T12:40:35.602Z"}
{"level":"info","message":"⌛ Validating pepita.wlk","timeElapsed":341,"timestamp":"2026-08-14T12:40:35.944Z"}
{"level":"info","message":"⌛ Validating pepita.wlk","timeElapsed":227,"timestamp":"2026-08-14T12:40:36.184Z"}
{"level":"info","message":"⌛ Validating pepita.wlk","timeElapsed":255,"timestamp":"2026-08-14T12:40:36.450Z"}
{"level":"info","message":"⌛ Validating pepita.wlk","timeElapsed":198,"timestamp":"2026-08-14T12:40:36.711Z"}
{"level":"info","message":"⌛ Validating pepita.wlk","timeElapsed":212,"timestamp":"2026-08-14T12:40:36.923Z"}
{"level":"info","message":"⌛ Validating pepita.wlk","timeElapsed":197,"timestamp":"2026-08-14T12:40:37.124Z"}
{"level":"info","message":"⌛ Validating pepita.wlk","timeElapsed":221,"timestamp":"2026-08-14T12:40:37.348Z"}
{"level":"info","message":"⌛ Validating pepita.wlk","timeElapsed":294,"timestamp":"2026-08-14T12:40:37.643Z"}
{"level":"info","message":"⌛ Validating pepita.wlk","timeElapsed":252,"timestamp":"2026-08-14T12:40:37.910Z"}
{"level":"info","message":"⌛ Validating pepita.wlk","timeElapsed":202,"timestamp":"2026-08-14T12:40:38.122Z"}
{"level":"info","message":"⌛ Building environment","timeElapsed":932,"timestamp":"2026-08-14T12:41:33.716Z"}
{"level":"info","message":"⌛ Validating pepita.wlk","timeElapsed":1252,"timestamp":"2026-08-14T12:41:35.027Z"}
{"level":"info","message":"⌛ Building environment","timeElapsed":282,"timestamp":"2026-08-14T12:41:36.883Z"}
{"level":"info","message":"⌛ Validating pepita.wlk","timeElapsed":1587,"timestamp":"2026-08-14T12:41:38.493Z"}
{"level":"info","message":"⌛ Building environment","timeElapsed":657,"timestamp":"2026-08-14T12:50:38.484Z"}
{"level":"info","message":"⌛ Building environment","timeElapsed":416,"timestamp":"2026-08-14T12:50:38.930Z"}
{"level":"info","message":"⌛ Validating pepita.wlk","timeElapsed":494,"timestamp":"2026-08-14T12:50:39.446Z"}
{"level":"info","message":"⌛ Building environment","timeElapsed":300,"timestamp":"2026-08-14T12:50:39.746Z"}
{"level":"info","message":"⌛ Validating pepita.wlk","timeElapsed":312,"timestamp":"2026-08-14T12:50:40.059Z"}
{"level":"info","message":"⌛ Validating pepita.wlk","timeElapsed":339,"timestamp":"2026-08-14T12:50:40.528Z"}
{"level":"info","message":"⌛ Building environment","timeElapsed":667,"timestamp":"2026-08-14T12:50:41.444Z"}
{"level":"info","message":"⌛ Building environment","timeElapsed":632,"timestamp":"2026-08-14T12:50:42.078Z"}
{"level":"info","message":"⌛ Building environment","timeElapsed":1132,"timestamp":"2026-08-14T12:50:43.375Z"}
{"level":"info","message":"⌛ Building environment","timeElapsed":405,"timestamp":"2026-08-14T12:50:43.781Z"}
{"level":"info","message":"⌛ Validating pepita.wlk","timeElapsed":1194,"timestamp":"2026-08-14T12:50:44.977Z"}
{"level":"info","message":"⌛ Building environment","timeElapsed":701,"timestamp":"2026-08-14T12:50:45.678Z"}
{"level":"info","message":"⌛ Building environment","timeElapsed":439,"timestamp":"2026-08-14T12:50:46.118Z"}
{"level":"info","message":"⌛ Building environment","timeElapsed":341,"timestamp":"2026-08-14T12:50:46.487Z"}
{"level":"info","message":"⌛ Building environment","timeElapsed":368,"timestamp":"2026-08-14T12:50:46.925Z"}
{"level":"info","message":"⌛ Validating pepita.wlk","timeElapsed":2257,"timestamp":"2026-08-14T12:50:49.783Z"}
{"level":"info","message":"⌛ Building environment","timeElapsed":672,"timestamp":"2026-08-14T12:50:50.460Z"}
{"level":"info","message":"⌛ Building environment","timeElapsed":807,"timestamp":"2026-08-14T12:50:51.318Z"}
{"level":"error","message":"✘ Failed to rebuild document Failed to parse pepita.wlk: \n-- PARSING FAILED --------------------------------------------------\n\n  23 |  method\n  24 | \n> 25 | }\n     | ^\n\nExpected one of the following: \n\n'!=', '!==', '%', '&&', '*', '**', '+', '-', '->', '..', '..<', '/', '<', '<<', '<<<', '<=', '<=>', '<>', '==', '===', '>', '>..', '>=', '>>', '>>>', '?:', '@', 'and', 'class', 'const', 'describe', 'invert', 'mixin', 'negate', 'object', 'only', 'or', 'package', 'plus', 'program', 'test', 'var', '{', '||', EOF, comment, identifier, not \"}\", whitespace\n","stack":"Error: Failed to parse pepita.wlk: \n-- PARSING FAILED --------------------------------------------------\n\n  23 |  method\n  24 | \n> 25 | }\n     | ^\n\nExpected one of the following: \n\n'!=', '!==', '%', '&&', '*', '**', '+', '-', '->', '..', '..<', '/', '<', '<<', '<<<', '<=', '<=>', '<>', '==', '===', '>', '>..', '>=', '>>', '>>>', '?:', '@', 'and', 'class', 'const', 'describe', 'invert', 'mixin', 'negate', 'object', 'only', 'or', 'package', 'plus', 'program', 'test', 'var', '{', '||', EOF, comment, identifier, not \"}\", whitespace\n\n    at c:\\Users\\lukas\\.vscode\\extensions\\uqbar.wollok-lsp-ide-0.5.4\\out\\server\\src\\server.js:2353:13026\n    at Array.map (<anonymous>)\n    at U1n (c:\\Users\\lukas\\.vscode\\extensions\\uqbar.wollok-lsp-ide-0.5.4\\out\\server\\src\\server.js:2353:12950)\n    at H2.buildEnvironmentFrom (c:\\Users\\lukas\\.vscode\\extensions\\uqbar.wollok-lsp-ide-0.5.4\\out\\server\\src\\server.js:2398:5254)\n    at H2.updateEnvironmentWith (c:\\Users\\lukas\\.vscode\\extensions\\uqbar.wollok-lsp-ide-0.5.4\\out\\server\\src\\server.js:2398:4989)\n    at GF (c:\\Users\\lukas\\.vscode\\extensions\\uqbar.wollok-lsp-ide-0.5.4\\out\\server\\src\\server.js:2398:7383)\n    at V3.invoke (c:\\Users\\lukas\\.vscode\\extensions\\uqbar.wollok-lsp-ide-0.5.4\\out\\server\\src\\server.js:3:157328)\n    at o.fire (c:\\Users\\lukas\\.vscode\\extensions\\uqbar.wollok-lsp-ide-0.5.4\\out\\server\\src\\server.js:3:158098)\n    at c:\\Users\\lukas\\.vscode\\extensions\\uqbar.wollok-lsp-ide-0.5.4\\out\\server\\src\\server.js:37:57871\n    at nd (c:\\Users\\lukas\\.vscode\\extensions\\uqbar.wollok-lsp-ide-0.5.4\\out\\server\\src\\server.js:8:1561)","timestamp":"2026-08-14T12:50:51.344Z"}
{"level":"info","message":"⌛ Validating pepita.wlk","timeElapsed":817,"timestamp":"2026-08-14T12:50:52.183Z"}
{"level":"error","message":"✘ Failed to rebuild document Failed to parse pepita.wlk: \n-- PARSING FAILED --------------------------------------------------\n\n  23 |     method\n  24 | \n> 25 | }\n     | ^\n\nExpected one of the following: \n\n'!=', '!==', '%', '&&', '*', '**', '+', '-', '->', '..', '..<', '/', '<', '<<', '<<<', '<=', '<=>', '<>', '==', '===', '>', '>..', '>=', '>>', '>>>', '?:', '@', 'and', 'class', 'const', 'describe', 'invert', 'mixin', 'negate', 'object', 'only', 'or', 'package', 'plus', 'program', 'test', 'var', '{', '||', EOF, comment, identifier, not \"}\", whitespace\n","stack":"Error: Failed to parse pepita.wlk: \n-- PARSING FAILED --------------------------------------------------\n\n  23 |     method\n  24 | \n> 25 | }\n     | ^\n\nExpected one of the following: \n\n'!=', '!==', '%', '&&', '*', '**', '+', '-', '->', '..', '..<', '/', '<', '<<', '<<<', '<=', '<=>', '<>', '==', '===', '>', '>..', '>=', '>>', '>>>', '?:', '@', 'and', 'class', 'const', 'describe', 'invert', 'mixin', 'negate', 'object', 'only', 'or', 'package', 'plus', 'program', 'test', 'var', '{', '||', EOF, comment, identifier, not \"}\", whitespace\n\n    at c:\\Users\\lukas\\.vscode\\extensions\\uqbar.wollok-lsp-ide-0.5.4\\out\\server\\src\\server.js:2353:13026\n    at Array.map (<anonymous>)\n    at U1n (c:\\Users\\lukas\\.vscode\\extensions\\uqbar.wollok-lsp-ide-0.5.4\\out\\server\\src\\server.js:2353:12950)\n    at H2.buildEnvironmentFrom (c:\\Users\\lukas\\.vscode\\extensions\\uqbar.wollok-lsp-ide-0.5.4\\out\\server\\src\\server.js:2398:5254)\n    at H2.updateEnvironmentWith (c:\\Users\\lukas\\.vscode\\extensions\\uqbar.wollok-lsp-ide-0.5.4\\out\\server\\src\\server.js:2398:4989)\n    at GF (c:\\Users\\lukas\\.vscode\\extensions\\uqbar.wollok-lsp-ide-0.5.4\\out\\server\\src\\server.js:2398:7383)\n    at V3.invoke (c:\\Users\\lukas\\.vscode\\extensions\\uqbar.wollok-lsp-ide-0.5.4\\out\\server\\src\\server.js:3:157328)\n    at o.fire (c:\\Users\\lukas\\.vscode\\extensions\\uqbar.wollok-lsp-ide-0.5.4\\out\\server\\src\\server.js:3:158098)\n    at c:\\Users\\lukas\\.vscode\\extensions\\uqbar.wollok-lsp-ide-0.5.4\\out\\server\\src\\server.js:37:57871\n    at nd (c:\\Users\\lukas\\.vscode\\extensions\\uqbar.wollok-lsp-ide-0.5.4\\out\\server\\src\\server.js:8:1561)","timestamp":"2026-08-14T12:50:52.213Z"}
{"level":"info","message":"⌛ Validating pepita.wlk","timeElapsed":945,"timestamp":"2026-08-14T12:50:53.167Z"}
{"level":"info","message":"⌛ Validating pepita.wlk","timeElapsed":1822,"timestamp":"2026-08-14T12:50:54.989Z"}
{"level":"info","message":"⌛ Validating pepita.wlk","timeElapsed":1395,"timestamp":"2026-08-14T12:50:56.384Z"}
{"level":"info","message":"⌛ Validating pepita.wlk","timeElapsed":648,"timestamp":"2026-08-14T12:50:57.045Z"}
{"level":"info","message":"⌛ Validating pepita.wlk","timeElapsed":485,"timestamp":"2026-08-14T12:50:57.533Z"}
{"level":"error","message":"✘ Failed to rebuild document Failed to parse pepita.wlk: \n-- PARSING FAILED --------------------------------------------------\n\n  23 |     method \n  24 | \n> 25 | }\n     | ^\n\nExpected one of the following: \n\n'!=', '!==', '%', '&&', '*', '**', '+', '-', '->', '..', '..<', '/', '<', '<<', '<<<', '<=', '<=>', '<>', '==', '===', '>', '>..', '>=', '>>', '>>>', '?:', '@', 'and', 'class', 'const', 'describe', 'invert', 'mixin', 'negate', 'object', 'only', 'or', 'package', 'plus', 'program', 'test', 'var', '{', '||', EOF, comment, identifier, not \"}\", whitespace\n","stack":"Error: Failed to parse pepita.wlk: \n-- PARSING FAILED --------------------------------------------------\n\n  23 |     method \n  24 | \n> 25 | }\n     | ^\n\nExpected one of the following: \n\n'!=', '!==', '%', '&&', '*', '**', '+', '-', '->', '..', '..<', '/', '<', '<<', '<<<', '<=', '<=>', '<>', '==', '===', '>', '>..', '>=', '>>', '>>>', '?:', '@', 'and', 'class', 'const', 'describe', 'invert', 'mixin', 'negate', 'object', 'only', 'or', 'package', 'plus', 'program', 'test', 'var', '{', '||', EOF, comment, identifier, not \"}\", whitespace\n\n    at c:\\Users\\lukas\\.vscode\\extensions\\uqbar.wollok-lsp-ide-0.5.4\\out\\server\\src\\server.js:2353:13026\n    at Array.map (<anonymous>)\n    at U1n (c:\\Users\\lukas\\.vscode\\extensions\\uqbar.wollok-lsp-ide-0.5.4\\out\\server\\src\\server.js:2353:12950)\n    at H2.buildEnvironmentFrom (c:\\Users\\lukas\\.vscode\\extensions\\uqbar.wollok-lsp-ide-0.5.4\\out\\server\\src\\server.js:2398:5254)\n    at H2.updateEnvironmentWith (c:\\Users\\lukas\\.vscode\\extensions\\uqbar.wollok-lsp-ide-0.5.4\\out\\server\\src\\server.js:2398:4989)\n    at GF (c:\\Users\\lukas\\.vscode\\extensions\\uqbar.wollok-lsp-ide-0.5.4\\out\\server\\src\\server.js:2398:7383)\n    at V3.invoke (c:\\Users\\lukas\\.vscode\\extensions\\uqbar.wollok-lsp-ide-0.5.4\\out\\server\\src\\server.js:3:157328)\n    at o.fire (c:\\Users\\lukas\\.vscode\\extensions\\uqbar.wollok-lsp-ide-0.5.4\\out\\server\\src\\server.js:3:158098)\n    at c:\\Users\\lukas\\.vscode\\extensions\\uqbar.wollok-lsp-ide-0.5.4\\out\\server\\src\\server.js:37:57871\n    at nd (c:\\Users\\lukas\\.vscode\\extensions\\uqbar.wollok-lsp-ide-0.5.4\\out\\server\\src\\server.js:8:1561)","timestamp":"2026-08-14T12:50:57.552Z"}
{"level":"info","message":"⌛ Building environment","timeElapsed":227,"timestamp":"2026-08-14T12:50:57.781Z"}
{"level":"info","message":"⌛ Building environment","timeElapsed":280,"timestamp":"2026-08-14T12:50:58.063Z"}
{"level":"info","message":"⌛ Building environment","timeElapsed":685,"timestamp":"2026-08-14T12:50:58.750Z"}
{"level":"info","message":"⌛ Building environment","timeElapsed":325,"timestamp":"2026-08-14T12:50:59.122Z"}
{"level":"info","message":"⌛ Building environment","timeElapsed":1000,"timestamp":"2026-08-14T12:51:00.129Z"}
{"level":"info","message":"⌛ Building environment","timeElapsed":1795,"timestamp":"2026-08-14T12:51:01.926Z"}
{"level":"info","message":"⌛ Building environment","timeElapsed":638,"timestamp":"2026-08-14T12:51:02.568Z"}
{"level":"info","message":"⌛ Building environment","timeElapsed":360,"timestamp":"2026-08-14T12:51:02.951Z"}
{"level":"info","message":"⌛ Building environment","timeElapsed":350,"timestamp":"2026-08-14T12:51:03.412Z"}
{"level":"info","message":"⌛ Building environment","timeElapsed":402,"timestamp":"2026-08-14T12:51:03.860Z"}
{"level":"info","message":"⌛ Building environment","timeElapsed":735,"timestamp":"2026-08-14T12:51:04.599Z"}
{"level":"info","message":"⌛ Building environment","timeElapsed":253,"timestamp":"2026-08-14T12:51:04.924Z"}
{"level":"info","message":"⌛ Building environment","timeElapsed":403,"timestamp":"2026-08-14T12:51:05.334Z"}
{"level":"info","message":"⌛ Building environment","timeElapsed":204,"timestamp":"2026-08-14T12:51:05.565Z"}
{"level":"info","message":"⌛ Validating pepita.wlk","timeElapsed":372,"timestamp":"2026-08-14T12:51:06.045Z"}
{"level":"info","message":"⌛ Building environment","timeElapsed":370,"timestamp":"2026-08-14T12:51:06.424Z"}
{"level":"info","message":"⌛ Validating pepita.wlk","timeElapsed":566,"timestamp":"2026-08-14T12:51:07.012Z"}
{"level":"info","message":"⌛ Building environment","timeElapsed":886,"timestamp":"2026-08-14T12:51:07.979Z"}
{"level":"info","message":"⌛ Building environment","timeElapsed":191,"timestamp":"2026-08-14T12:51:08.178Z"}
{"level":"info","message":"⌛ Building environment","timeElapsed":190,"timestamp":"2026-08-14T12:51:08.772Z"}
{"level":"info","message":"⌛ Validating pepita.wlk","timeElapsed":634,"timestamp":"2026-08-14T12:51:09.428Z"}
{"level":"info","message":"⌛ Validating pepita.wlk","timeElapsed":685,"timestamp":"2026-08-14T12:51:10.116Z"}
{"level":"info","message":"⌛ Validating pepita.wlk","timeElapsed":570,"timestamp":"2026-08-14T12:51:10.714Z"}
{"level":"info","message":"⌛ Validating pepita.wlk","timeElapsed":726,"timestamp":"2026-08-14T12:51:11.449Z"}
{"level":"info","message":"⌛ Building environment","timeElapsed":279,"timestamp":"2026-08-14T12:51:11.729Z"}
{"level":"info","message":"⌛ Building environment","timeElapsed":316,"timestamp":"2026-08-14T12:51:12.078Z"}
{"level":"info","message":"⌛ Validating pepita.wlk","timeElapsed":564,"timestamp":"2026-08-14T12:51:12.943Z"}
{"level":"info","message":"⌛ Validating pepita.wlk","timeElapsed":370,"timestamp":"2026-08-14T12:51:13.313Z"}
{"level":"info","message":"⌛ Validating pepita.wlk","timeElapsed":336,"timestamp":"2026-08-14T12:51:13.650Z"}
{"level":"info","message":"⌛ Validating pepita.wlk","timeElapsed":297,"timestamp":"2026-08-14T12:51:13.957Z"}
{"level":"info","message":"⌛ Validating pepita.wlk","timeElapsed":375,"timestamp":"2026-08-14T12:51:14.338Z"}
{"level":"info","message":"⌛ Validating pepita.wlk","timeElapsed":287,"timestamp":"2026-08-14T12:51:14.628Z"}
{"level":"info","message":"⌛ Building environment","timeElapsed":270,"timestamp":"2026-08-14T12:51:14.908Z"}
{"level":"info","message":"⌛ Validating pepita.wlk","timeElapsed":394,"timestamp":"2026-08-14T12:51:15.314Z"}
{"level":"info","message":"⌛ Validating pepita.wlk","timeElapsed":398,"timestamp":"2026-08-14T12:51:15.714Z"}
{"level":"info","message":"⌛ Validating pepita.wlk","timeElapsed":303,"timestamp":"2026-08-14T12:51:16.020Z"}
{"level":"info","message":"⌛ Validating pepita.wlk","timeElapsed":395,"timestamp":"2026-08-14T12:51:16.543Z"}
{"level":"info","message":"⌛ Validating pepita.wlk","timeElapsed":416,"timestamp":"2026-08-14T12:51:16.963Z"}
{"level":"info","message":"⌛ Validating pepita.wlk","timeElapsed":702,"timestamp":"2026-08-14T12:51:17.673Z"}
{"level":"info","message":"⌛ Validating pepita.wlk","timeElapsed":508,"timestamp":"2026-08-14T12:51:18.183Z"}
{"level":"info","message":"⌛ Validating pepita.wlk","timeElapsed":394,"timestamp":"2026-08-14T12:51:18.578Z"}
{"level":"info","message":"⌛ Validating pepita.wlk","timeElapsed":686,"timestamp":"2026-08-14T12:51:19.266Z"}
{"level":"info","message":"⌛ Validating pepita.wlk","timeElapsed":266,"timestamp":"2026-08-14T12:51:19.539Z"}
{"level":"info","message":"⌛ Validating pepita.wlk","timeElapsed":261,"timestamp":"2026-08-14T12:51:19.800Z"}
{"level":"info","message":"⌛ Building environment","timeElapsed":952,"timestamp":"2026-08-14T12:55:30.579Z"}
{"level":"info","message":"⌛ Building environment","timeElapsed":496,"timestamp":"2026-08-14T12:55:31.080Z"}
{"level":"info","message":"⌛ Building environment","timeElapsed":1253,"timestamp":"2026-08-14T12:55:32.365Z"}
{"level":"info","message":"⌛ Building environment","timeElapsed":769,"timestamp":"2026-08-14T12:55:33.234Z"}
{"level":"info","message":"⌛ Building environment","timeElapsed":729,"timestamp":"2026-08-14T12:55:33.964Z"}
{"level":"info","message":"⌛ Building environment","timeElapsed":984,"timestamp":"2026-08-14T12:55:34.996Z"}
{"level":"info","message":"⌛ Validating pepita.wlk","timeElapsed":916,"timestamp":"2026-08-14T12:55:36.179Z"}
{"level":"info","message":"⌛ Validating pepita.wlk","timeElapsed":734,"timestamp":"2026-08-14T12:55:36.915Z"}
{"level":"info","message":"⌛ Building environment","timeElapsed":446,"timestamp":"2026-08-14T12:55:37.362Z"}
{"level":"info","message":"⌛ Building environment","timeElapsed":605,"timestamp":"2026-08-14T12:55:37.986Z"}
{"level":"info","message":"⌛ Building environment","timeElapsed":652,"timestamp":"2026-08-14T12:55:38.642Z"}
{"level":"info","message":"⌛ Building environment","timeElapsed":286,"timestamp":"2026-08-14T12:55:38.985Z"}
{"level":"info","message":"⌛ Validating pepita.wlk","timeElapsed":826,"timestamp":"2026-08-14T12:55:39.811Z"}
{"level":"info","message":"⌛ Building environment","timeElapsed":403,"timestamp":"2026-08-14T12:55:40.216Z"}
{"level":"info","message":"⌛ Building environment","timeElapsed":256,"timestamp":"2026-08-14T12:55:40.481Z"}
{"level":"info","message":"⌛ Building environment","timeElapsed":254,"timestamp":"2026-08-14T12:55:40.736Z"}
{"level":"info","message":"⌛ Building environment","timeElapsed":387,"timestamp":"2026-08-14T12:55:41.145Z"}
{"level":"info","message":"⌛ Building environment","timeElapsed":251,"timestamp":"2026-08-14T12:55:41.467Z"}
{"level":"info","message":"⌛ Building environment","timeElapsed":838,"timestamp":"2026-08-14T12:55:42.649Z"}
{"level":"info","message":"⌛ Building environment","timeElapsed":232,"timestamp":"2026-08-14T12:55:42.900Z"}
{"level":"info","message":"⌛ Building environment","timeElapsed":194,"timestamp":"2026-08-14T12:55:43.143Z"}
{"level":"info","message":"⌛ Building environment","timeElapsed":242,"timestamp":"2026-08-14T12:55:43.391Z"}
{"level":"info","message":"⌛ Building environment","timeElapsed":204,"timestamp":"2026-08-14T12:55:43.600Z"}
{"level":"info","message":"⌛ Validating pepita.wlk","timeElapsed":506,"timestamp":"2026-08-14T12:55:44.289Z"}
{"level":"info","message":"⌛ Building environment","timeElapsed":375,"timestamp":"2026-08-14T12:55:44.667Z"}
{"level":"info","message":"⌛ Building environment","timeElapsed":216,"timestamp":"2026-08-14T12:55:44.895Z"}
{"level":"info","message":"⌛ Building environment","timeElapsed":257,"timestamp":"2026-08-14T12:55:45.174Z"}
{"level":"info","message":"⌛ Building environment","timeElapsed":247,"timestamp":"2026-08-14T12:55:45.432Z"}
{"level":"info","message":"⌛ Validating pepita.wlk","timeElapsed":308,"timestamp":"2026-08-14T12:55:45.771Z"}
{"level":"info","message":"⌛ Building environment","timeElapsed":211,"timestamp":"2026-08-14T12:55:45.985Z"}
{"level":"info","message":"⌛ Building environment","timeElapsed":240,"timestamp":"2026-08-14T12:55:46.232Z"}
{"level":"info","message":"⌛ Validating pepita.wlk","timeElapsed":331,"timestamp":"2026-08-14T12:55:46.596Z"}
{"level":"info","message":"⌛ Validating pepita.wlk","timeElapsed":287,"timestamp":"2026-08-14T12:55:46.888Z"}
{"level":"info","message":"⌛ Validating pepita.wlk","timeElapsed":325,"timestamp":"2026-08-14T12:55:47.219Z"}
{"level":"info","message":"⌛ Building environment","timeElapsed":251,"timestamp":"2026-08-14T12:55:47.476Z"}
{"level":"info","message":"⌛ Building environment","timeElapsed":222,"timestamp":"2026-08-14T12:55:47.700Z"}
{"level":"info","message":"⌛ Validating pepita.wlk","timeElapsed":533,"timestamp":"2026-08-14T12:55:48.280Z"}
{"level":"info","message":"⌛ Validating pepita.wlk","timeElapsed":416,"timestamp":"2026-08-14T12:55:48.708Z"}
{"level":"info","message":"⌛ Building environment","timeElapsed":259,"timestamp":"2026-08-14T12:55:48.969Z"}
{"level":"info","message":"⌛ Validating pepita.wlk","timeElapsed":432,"timestamp":"2026-08-14T12:55:49.442Z"}
{"level":"info","message":"⌛ Validating pepita.wlk","timeElapsed":458,"timestamp":"2026-08-14T12:55:49.901Z"}
{"level":"info","message":"⌛ Validating pepita.wlk","timeElapsed":484,"timestamp":"2026-08-14T12:55:50.394Z"}
{"level":"info","message":"⌛ Building environment","timeElapsed":370,"timestamp":"2026-08-14T12:55:50.768Z"}
{"level":"info","message":"⌛ Validating pepita.wlk","timeElapsed":500,"timestamp":"2026-08-14T12:55:51.284Z"}
{"level":"info","message":"⌛ Validating pepita.wlk","timeElapsed":442,"timestamp":"2026-08-14T12:55:51.727Z"}
{"level":"info","message":"⌛ Validating pepita.wlk","timeElapsed":465,"timestamp":"2026-08-14T12:55:52.193Z"}
{"level":"info","message":"⌛ Validating pepita.wlk","timeElapsed":468,"timestamp":"2026-08-14T12:55:52.663Z"}
{"level":"info","message":"⌛ Validating pepita.wlk","timeElapsed":434,"timestamp":"2026-08-14T12:55:53.099Z"}
{"level":"info","message":"⌛ Validating pepita.wlk","timeElapsed":632,"timestamp":"2026-08-14T12:55:53.732Z"}
{"level":"info","message":"⌛ Validating pepita.wlk","timeElapsed":2360,"timestamp":"2026-08-14T12:55:56.092Z"}
{"level":"info","message":"⌛ Validating pepita.wlk","timeElapsed":431,"timestamp":"2026-08-14T12:55:56.526Z"}
{"level":"info","message":"⌛ Validating pepita.wlk","timeElapsed":314,"timestamp":"2026-08-14T12:55:56.847Z"}
{"level":"info","message":"⌛ Validating pepita.wlk","timeElapsed":345,"timestamp":"2026-08-14T12:55:57.192Z"}
{"level":"info","message":"⌛ Validating pepita.wlk","timeElapsed":331,"timestamp":"2026-08-14T12:55:57.524Z"}
{"level":"info","message":"⌛ Validating pepita.wlk","timeElapsed":288,"timestamp":"2026-08-14T12:55:57.818Z"}
{"level":"info","message":"⌛ Validating pepita.wlk","timeElapsed":375,"timestamp":"2026-08-14T12:55:58.196Z"}
{"level":"info","message":"⌛ Validating pepita.wlk","timeElapsed":768,"timestamp":"2026-08-14T12:55:58.966Z"}
{"level":"info","message":"⌛ Validating pepita.wlk","timeElapsed":340,"timestamp":"2026-08-14T12:55:59.313Z"}
{"level":"info","message":"⌛ Building environment","timeElapsed":293,"timestamp":"2026-08-14T12:55:59.607Z"}
{"level":"info","message":"⌛ Validating pepita.wlk","timeElapsed":704,"timestamp":"2026-08-14T12:56:00.364Z"}
{"level":"info","message":"⌛ Validating pepita.wlk","timeElapsed":451,"timestamp":"2026-08-14T12:56:00.817Z"}
{"level":"info","message":"⌛ Validating pepita.wlk","timeElapsed":313,"timestamp":"2026-08-14T12:56:01.176Z"}
{"level":"info","message":"⌛ Building environment","timeElapsed":330,"timestamp":"2026-08-14T12:56:01.509Z"}
{"level":"info","message":"⌛ Building environment","timeElapsed":304,"timestamp":"2026-08-14T12:56:01.861Z"}
{"level":"info","message":"⌛ Validating pepita.wlk","timeElapsed":613,"timestamp":"2026-08-14T12:56:02.541Z"}
{"level":"info","message":"⌛ Validating pepita.wlk","timeElapsed":459,"timestamp":"2026-08-14T12:56:03.003Z"}
{"level":"info","message":"⌛ Building environment","timeElapsed":466,"timestamp":"2026-08-14T12:56:18.703Z"}
{"level":"info","message":"⌛ Validating pepita.wlk","timeElapsed":1765,"timestamp":"2026-08-14T12:56:20.513Z"}
{"level":"info","message":"⌛ Building environment","timeElapsed":754,"timestamp":"2026-08-14T12:56:21.272Z"}
{"level":"info","message":"⌛ Building environment","timeElapsed":847,"timestamp":"2026-08-14T12:56:22.317Z"}
{"level":"info","message":"⌛ Building environment","timeElapsed":642,"timestamp":"2026-08-14T12:56:22.962Z"}
{"level":"info","message":"⌛ Building environment","timeElapsed":757,"timestamp":"2026-08-14T12:56:23.839Z"}
{"level":"info","message":"⌛ Building environment","timeElapsed":389,"timestamp":"2026-08-14T12:56:24.341Z"}
{"level":"info","message":"⌛ Building environment","timeElapsed":290,"timestamp":"2026-08-14T12:56:24.708Z"}
{"level":"info","message":"⌛ Building environment","timeElapsed":295,"timestamp":"2026-08-14T12:56:25.008Z"}
{"level":"info","message":"⌛ Building environment","timeElapsed":304,"timestamp":"2026-08-14T12:56:25.326Z"}
{"level":"info","message":"⌛ Building environment","timeElapsed":245,"timestamp":"2026-08-14T12:56:25.626Z"}
{"level":"info","message":"⌛ Building environment","timeElapsed":263,"timestamp":"2026-08-14T12:56:25.903Z"}
{"level":"info","message":"⌛ Building environment","timeElapsed":226,"timestamp":"2026-08-14T12:56:26.142Z"}
{"level":"info","message":"⌛ Building environment","timeElapsed":262,"timestamp":"2026-08-14T12:56:26.446Z"}
{"level":"info","message":"⌛ Validating pepita.wlk","timeElapsed":449,"timestamp":"2026-08-14T12:56:26.940Z"}
{"level":"error","message":"✘ Completions for node Parameter ([17:18, 17:25] - pepita.wlk) failed: Error: [Parameter]{bbdc74} at pepita.wlk:17 exhausted all cases without a match [Parameter]{bbdc74} at pepita.wlk:17 exhausted all cases without a match","stack":"Error: [Parameter]{bbdc74} at pepita.wlk:17 exhausted all cases without a match\n    at c:\\Users\\lukas\\.vscode\\extensions\\uqbar.wollok-lsp-ide-0.5.4\\out\\server\\src\\server.js:38:6142\n    at L2 (c:\\Users\\lukas\\.vscode\\extensions\\uqbar.wollok-lsp-ide-0.5.4\\out\\server\\src\\server.js:2389:42)\n    at c:\\Users\\lukas\\.vscode\\extensions\\uqbar.wollok-lsp-ide-0.5.4\\out\\server\\src\\server.js:2389:2988\n    at c:\\Users\\lukas\\.vscode\\extensions\\uqbar.wollok-lsp-ide-0.5.4\\out\\server\\src\\server.js:2398:8440\n    at c:\\Users\\lukas\\.vscode\\extensions\\uqbar.wollok-lsp-ide-0.5.4\\out\\server\\src\\server.js:37:74872\n    at Ke (c:\\Users\\lukas\\.vscode\\extensions\\uqbar.wollok-lsp-ide-0.5.4\\out\\server\\src\\server.js:7:8527)\n    at Lt (c:\\Users\\lukas\\.vscode\\extensions\\uqbar.wollok-lsp-ide-0.5.4\\out\\server\\src\\server.js:7:6189)\n    at ct (c:\\Users\\lukas\\.vscode\\extensions\\uqbar.wollok-lsp-ide-0.5.4\\out\\server\\src\\server.js:7:6378)\n    at Immediate._onImmediate (c:\\Users\\lukas\\.vscode\\extensions\\uqbar.wollok-lsp-ide-0.5.4\\out\\server\\src\\server.js:7:6142)\n    at process.processImmediate (node:internal/timers:504:21)","timestamp":"2026-08-14T12:56:27.041Z"}
{"level":"info","message":"⌛ Validating pepita.wlk","timeElapsed":605,"timestamp":"2026-08-14T12:56:27.726Z"}
{"level":"info","message":"⌛ Validating pepita.wlk","timeElapsed":417,"timestamp":"2026-08-14T12:56:28.144Z"}
{"level":"info","message":"⌛ Validating pepita.wlk","timeElapsed":332,"timestamp":"2026-08-14T12:56:28.563Z"}
{"level":"info","message":"⌛ Validating pepita.wlk","timeElapsed":467,"timestamp":"2026-08-14T12:56:29.031Z"}
{"level":"info","message":"⌛ Validating pepita.wlk","timeElapsed":450,"timestamp":"2026-08-14T12:56:29.486Z"}
{"level":"info","message":"⌛ Validating pepita.wlk","timeElapsed":389,"timestamp":"2026-08-14T12:56:29.882Z"}
{"level":"info","message":"⌛ Validating pepita.wlk","timeElapsed":584,"timestamp":"2026-08-14T12:56:30.466Z"}
{"level":"info","message":"⌛ Validating pepita.wlk","timeElapsed":370,"timestamp":"2026-08-14T12:56:30.837Z"}
{"level":"info","message":"⌛ Validating pepita.wlk","timeElapsed":393,"timestamp":"2026-08-14T12:56:31.231Z"}
{"level":"info","message":"⌛ Validating pepita.wlk","timeElapsed":1559,"timestamp":"2026-08-14T12:56:32.791Z"}
{"level":"info","message":"⌛ Validating pepita.wlk","timeElapsed":426,"timestamp":"2026-08-14T12:56:33.219Z"}
{"level":"info","message":"⌛ Building environment","timeElapsed":211,"timestamp":"2026-08-14T12:56:33.494Z"}
{"level":"info","message":"⌛ Validating pepita.wlk","timeElapsed":837,"timestamp":"2026-08-14T12:56:34.559Z"}
{"level":"info","message":"⌛ Building environment","timeElapsed":433,"timestamp":"2026-08-14T12:56:34.999Z"}
{"level":"info","message":"⌛ Building environment","timeElapsed":429,"timestamp":"2026-08-14T12:56:35.697Z"}
{"level":"info","message":"⌛ Building environment","timeElapsed":631,"timestamp":"2026-08-14T12:56:36.330Z"}
{"level":"info","message":"⌛ Building environment","timeElapsed":473,"timestamp":"2026-08-14T12:56:36.883Z"}
{"level":"info","message":"⌛ Validating pepita.wlk","timeElapsed":528,"timestamp":"2026-08-14T12:56:37.479Z"}
{"level":"info","message":"⌛ Validating pepita.wlk","timeElapsed":464,"timestamp":"2026-08-14T12:56:37.945Z"}
{"level":"info","message":"⌛ Building environment","timeElapsed":381,"timestamp":"2026-08-14T12:56:38.328Z"}
{"level":"info","message":"⌛ Validating pepita.wlk","timeElapsed":526,"timestamp":"2026-08-14T12:56:38.886Z"}
{"level":"info","message":"⌛ Validating pepita.wlk","timeElapsed":371,"timestamp":"2026-08-14T12:56:39.265Z"}
{"level":"info","message":"⌛ Validating pepita.wlk","timeElapsed":344,"timestamp":"2026-08-14T12:56:39.624Z"}
{"level":"info","message":"⌛ Building environment","timeElapsed":637,"timestamp":"2026-08-14T12:59:52.450Z"}
{"level":"info","message":"⌛ Validating pepita.wlk","timeElapsed":430,"timestamp":"2026-08-14T12:59:52.914Z"}
{"level":"info","message":"⌛ Autocomplete - Package","timeElapsed":300,"timestamp":"2026-08-14T12:59:53.217Z"}
{"level":"info","message":"⌛ Building environment","timeElapsed":860,"timestamp":"2026-08-14T12:59:54.079Z"}
{"level":"info","message":"⌛ Building environment","timeElapsed":554,"timestamp":"2026-08-14T12:59:54.634Z"}
{"level":"info","message":"⌛ Building environment","timeElapsed":467,"timestamp":"2026-08-14T12:59:55.102Z"}
{"level":"info","message":"⌛ Building environment","timeElapsed":613,"timestamp":"2026-08-14T12:59:55.718Z"}
{"level":"info","message":"⌛ Building environment","timeElapsed":358,"timestamp":"2026-08-14T12:59:56.078Z"}
{"level":"info","message":"⌛ Building environment","timeElapsed":490,"timestamp":"2026-08-14T12:59:56.589Z"}
{"level":"info","message":"⌛ Building environment","timeElapsed":449,"timestamp":"2026-08-14T12:59:57.062Z"}
{"level":"info","message":"⌛ Building environment","timeElapsed":775,"timestamp":"2026-08-14T12:59:57.841Z"}
{"level":"info","message":"⌛ Building environment","timeElapsed":852,"timestamp":"2026-08-14T12:59:58.802Z"}
{"level":"info","message":"⌛ Validating pepita.wlk","timeElapsed":465,"timestamp":"2026-08-14T12:59:59.317Z"}
{"level":"info","message":"⌛ Building environment","timeElapsed":270,"timestamp":"2026-08-14T12:59:59.589Z"}
{"level":"info","message":"⌛ Building environment","timeElapsed":321,"timestamp":"2026-08-14T12:59:59.972Z"}
{"level":"info","message":"⌛ Building environment","timeElapsed":395,"timestamp":"2026-08-14T13:00:00.395Z"}
{"level":"info","message":"⌛ Building environment","timeElapsed":308,"timestamp":"2026-08-14T13:00:00.716Z"}
{"level":"info","message":"⌛ Building environment","timeElapsed":524,"timestamp":"2026-08-14T13:00:01.366Z"}
{"level":"info","message":"⌛ Building environment","timeElapsed":481,"timestamp":"2026-08-14T13:00:01.849Z"}
{"level":"info","message":"⌛ Building environment","timeElapsed":548,"timestamp":"2026-08-14T13:00:02.427Z"}
{"level":"info","message":"⌛ Validating pepita.wlk","timeElapsed":798,"timestamp":"2026-08-14T13:00:03.318Z"}
{"level":"info","message":"⌛ Validating pepita.wlk","timeElapsed":456,"timestamp":"2026-08-14T13:00:03.778Z"}
{"level":"info","message":"⌛ Validating pepita.wlk","timeElapsed":398,"timestamp":"2026-08-14T13:00:04.180Z"}
{"level":"info","message":"⌛ Validating pepita.wlk","timeElapsed":345,"timestamp":"2026-08-14T13:00:04.530Z"}
{"level":"info","message":"⌛ Validating pepita.wlk","timeElapsed":378,"timestamp":"2026-08-14T13:00:04.911Z"}
{"level":"info","message":"⌛ Validating pepita.wlk","timeElapsed":409,"timestamp":"2026-08-14T13:00:05.326Z"}
{"level":"info","message":"⌛ Validating pepita.wlk","timeElapsed":481,"timestamp":"2026-08-14T13:00:05.812Z"}
{"level":"info","message":"⌛ Validating pepita.wlk","timeElapsed":347,"timestamp":"2026-08-14T13:00:06.159Z"}
{"level":"info","message":"⌛ Validating pepita.wlk","timeElapsed":581,"timestamp":"2026-08-14T13:00:06.745Z"}
{"level":"info","message":"⌛ Validating pepita.wlk","timeElapsed":721,"timestamp":"2026-08-14T13:00:07.467Z"}
{"level":"info","message":"⌛ Validating pepita.wlk","timeElapsed":615,"timestamp":"2026-08-14T13:00:08.084Z"}
{"level":"info","message":"⌛ Validating pepita.wlk","timeElapsed":571,"timestamp":"2026-08-14T13:00:08.664Z"}
{"level":"info","message":"⌛ Validating pepita.wlk","timeElapsed":404,"timestamp":"2026-08-14T13:00:09.070Z"}
{"level":"info","message":"⌛ Building environment","timeElapsed":265,"timestamp":"2026-08-14T13:00:09.347Z"}
{"level":"info","message":"⌛ Validating pepita.wlk","timeElapsed":536,"timestamp":"2026-08-14T13:00:09.885Z"}
{"level":"info","message":"⌛ Building environment","timeElapsed":322,"timestamp":"2026-08-14T13:00:10.212Z"}
{"level":"info","message":"⌛ Validating pepita.wlk","timeElapsed":951,"timestamp":"2026-08-14T13:00:11.197Z"}
{"level":"info","message":"⌛ Building environment","timeElapsed":465,"timestamp":"2026-08-14T13:00:11.664Z"}
{"level":"info","message":"⌛ Building environment","timeElapsed":404,"timestamp":"2026-08-14T13:00:12.099Z"}
{"level":"info","message":"⌛ Building environment","timeElapsed":512,"timestamp":"2026-08-14T13:00:12.627Z"}
{"level":"info","message":"⌛ Building environment","timeElapsed":1873,"timestamp":"2026-08-14T13:00:14.599Z"}
{"level":"info","message":"⌛ Building environment","timeElapsed":728,"timestamp":"2026-08-14T13:00:15.813Z"}
{"level":"info","message":"⌛ Building environment","timeElapsed":845,"timestamp":"2026-08-14T13:00:16.678Z"}
{"level":"info","message":"⌛ Building environment","timeElapsed":589,"timestamp":"2026-08-14T13:00:17.378Z"}
{"level":"info","message":"⌛ Validating pepita.wlk","timeElapsed":438,"timestamp":"2026-08-14T13:00:17.879Z"}
{"level":"info","message":"⌛ Validating pepita.wlk","timeElapsed":415,"timestamp":"2026-08-14T13:00:18.299Z"}
{"level":"info","message":"⌛ Validating pepita.wlk","timeElapsed":309,"timestamp":"2026-08-14T13:00:18.611Z"}
{"level":"info","message":"⌛ Validating pepita.wlk","timeElapsed":299,"timestamp":"2026-08-14T13:00:18.919Z"}
{"level":"info","message":"⌛ Validating pepita.wlk","timeElapsed":328,"timestamp":"2026-08-14T13:00:19.252Z"}
{"level":"info","message":"⌛ Building environment","timeElapsed":235,"timestamp":"2026-08-14T13:00:19.495Z"}
{"level":"info","message":"⌛ Building environment","timeElapsed":252,"timestamp":"2026-08-14T13:00:19.749Z"}
{"level":"info","message":"⌛ Building environment","timeElapsed":242,"timestamp":"2026-08-14T13:00:19.995Z"}
{"level":"info","message":"⌛ Building environment","timeElapsed":364,"timestamp":"2026-08-14T13:00:20.413Z"}
{"level":"info","message":"⌛ Building environment","timeElapsed":252,"timestamp":"2026-08-14T13:00:20.668Z"}
{"level":"info","message":"⌛ Building environment","timeElapsed":234,"timestamp":"2026-08-14T13:00:20.911Z"}
{"level":"info","message":"⌛ Building environment","timeElapsed":202,"timestamp":"2026-08-14T13:00:21.162Z"}
{"level":"info","message":"⌛ Building environment","timeElapsed":305,"timestamp":"2026-08-14T13:00:21.474Z"}
{"level":"info","message":"⌛ Building environment","timeElapsed":223,"timestamp":"2026-08-14T13:00:21.710Z"}
{"level":"info","message":"⌛ Validating pepita.wlk","timeElapsed":414,"timestamp":"2026-08-14T13:00:22.181Z"}
{"level":"info","message":"⌛ Validating pepita.wlk","timeElapsed":319,"timestamp":"2026-08-14T13:00:22.518Z"}
{"level":"info","message":"⌛ Validating pepita.wlk","timeElapsed":358,"timestamp":"2026-08-14T13:00:22.883Z"}
{"level":"info","message":"⌛ Validating pepita.wlk","timeElapsed":337,"timestamp":"2026-08-14T13:00:23.227Z"}
{"level":"info","message":"⌛ Validating pepita.wlk","timeElapsed":286,"timestamp":"2026-08-14T13:00:23.513Z"}
{"level":"info","message":"⌛ Validating pepita.wlk","timeElapsed":289,"timestamp":"2026-08-14T13:00:23.804Z"}
{"level":"info","message":"⌛ Validating pepita.wlk","timeElapsed":358,"timestamp":"2026-08-14T13:00:24.165Z"}
{"level":"info","message":"⌛ Validating pepita.wlk","timeElapsed":354,"timestamp":"2026-08-14T13:00:24.521Z"}
{"level":"info","message":"⌛ Validating pepita.wlk","timeElapsed":377,"timestamp":"2026-08-14T13:00:24.902Z"}
{"level":"info","message":"⌛ Validating pepita.wlk","timeElapsed":522,"timestamp":"2026-08-14T13:00:25.516Z"}
{"level":"info","message":"⌛ Validating pepita.wlk","timeElapsed":471,"timestamp":"2026-08-14T13:00:25.987Z"}
{"level":"info","message":"⌛ Validating pepita.wlk","timeElapsed":560,"timestamp":"2026-08-14T13:00:26.553Z"}
{"level":"info","message":"⌛ Validating pepita.wlk","timeElapsed":1552,"timestamp":"2026-08-14T13:00:28.108Z"}
{"level":"info","message":"⌛ Building environment","timeElapsed":640,"timestamp":"2026-08-14T13:00:29.257Z"}
{"level":"info","message":"⌛ Building environment","timeElapsed":415,"timestamp":"2026-08-14T13:00:29.718Z"}
{"level":"info","message":"⌛ Autocomplete - Singleton","timeElapsed":121,"timestamp":"2026-08-14T13:00:29.878Z"}
{"level":"info","message":"⌛ Building environment","timeElapsed":513,"timestamp":"2026-08-14T13:00:30.393Z"}
{"level":"info","message":"⌛ Building environment","timeElapsed":282,"timestamp":"2026-08-14T13:00:30.679Z"}
{"level":"info","message":"⌛ Building environment","timeElapsed":338,"timestamp":"2026-08-14T13:00:31.052Z"}
{"level":"info","message":"⌛ Building environment","timeElapsed":737,"timestamp":"2026-08-14T13:00:31.799Z"}
{"level":"info","message":"⌛ Building environment","timeElapsed":584,"timestamp":"2026-08-14T13:00:32.384Z"}
{"level":"info","message":"⌛ Building environment","timeElapsed":443,"timestamp":"2026-08-14T13:00:32.897Z"}
{"level":"info","message":"⌛ Building environment","timeElapsed":229,"timestamp":"2026-08-14T13:00:33.127Z"}
{"level":"info","message":"⌛ Validating pepita.wlk","timeElapsed":402,"timestamp":"2026-08-14T13:00:33.535Z"}
{"level":"info","message":"⌛ Validating pepita.wlk","timeElapsed":326,"timestamp":"2026-08-14T13:00:33.886Z"}
{"level":"info","message":"⌛ Validating pepita.wlk","timeElapsed":405,"timestamp":"2026-08-14T13:00:34.315Z"}
{"level":"info","message":"⌛ Validating pepita.wlk","timeElapsed":341,"timestamp":"2026-08-14T13:00:34.666Z"}
{"level":"info","message":"⌛ Validating pepita.wlk","timeElapsed":422,"timestamp":"2026-08-14T13:00:35.094Z"}
{"level":"info","message":"⌛ Building environment","timeElapsed":214,"timestamp":"2026-08-14T13:00:35.310Z"}
{"level":"info","message":"⌛ Building environment","timeElapsed":249,"timestamp":"2026-08-14T13:00:35.564Z"}
{"level":"info","message":"⌛ Building environment","timeElapsed":209,"timestamp":"2026-08-14T13:00:35.777Z"}
{"level":"info","message":"⌛ Building environment","timeElapsed":308,"timestamp":"2026-08-14T13:00:36.126Z"}
{"level":"info","message":"⌛ Validating pepita.wlk","timeElapsed":347,"timestamp":"2026-08-14T13:00:36.479Z"}
{"level":"info","message":"⌛ Building environment","timeElapsed":466,"timestamp":"2026-08-14T13:00:37.062Z"}
{"level":"info","message":"⌛ Validating pepita.wlk","timeElapsed":466,"timestamp":"2026-08-14T13:00:37.558Z"}
{"level":"info","message":"⌛ Validating pepita.wlk","timeElapsed":376,"timestamp":"2026-08-14T13:00:37.936Z"}
{"level":"info","message":"⌛ Validating pepita.wlk","timeElapsed":525,"timestamp":"2026-08-14T13:00:38.461Z"}
{"level":"info","message":"⌛ Validating pepita.wlk","timeElapsed":332,"timestamp":"2026-08-14T13:00:38.799Z"}
{"level":"info","message":"⌛ Validating pepita.wlk","timeElapsed":290,"timestamp":"2026-08-14T13:00:39.093Z"}
{"level":"info","message":"⌛ Validating pepita.wlk","timeElapsed":849,"timestamp":"2026-08-14T13:00:39.943Z"}
{"level":"info","message":"⌛ Validating pepita.wlk","timeElapsed":331,"timestamp":"2026-08-14T13:00:40.275Z"}
{"level":"info","message":"⌛ Validating pepita.wlk","timeElapsed":330,"timestamp":"2026-08-14T13:00:40.609Z"}
{"level":"info","message":"⌛ Building environment","timeElapsed":902,"timestamp":"2026-08-14T13:00:42.947Z"}
{"level":"info","message":"⌛ Building environment","timeElapsed":464,"timestamp":"2026-08-14T13:00:43.413Z"}
{"level":"info","message":"⌛ Building environment","timeElapsed":371,"timestamp":"2026-08-14T13:00:43.792Z"}
{"level":"info","message":"⌛ Building environment","timeElapsed":328,"timestamp":"2026-08-14T13:00:44.125Z"}
{"level":"info","message":"⌛ Building environment","timeElapsed":543,"timestamp":"2026-08-14T13:00:44.674Z"}
{"level":"info","message":"⌛ Building environment","timeElapsed":253,"timestamp":"2026-08-14T13:00:44.946Z"}
{"level":"info","message":"⌛ Validating pepita.wlk","timeElapsed":314,"timestamp":"2026-08-14T13:00:45.313Z"}
{"level":"info","message":"⌛ Validating pepita.wlk","timeElapsed":337,"timestamp":"2026-08-14T13:00:45.672Z"}
{"level":"info","message":"⌛ Validating pepita.wlk","timeElapsed":643,"timestamp":"2026-08-14T13:00:46.318Z"}
{"level":"info","message":"⌛ Validating pepita.wlk","timeElapsed":506,"timestamp":"2026-08-14T13:00:46.829Z"}
{"level":"info","message":"⌛ Building environment","timeElapsed":269,"timestamp":"2026-08-14T13:00:47.102Z"}
{"level":"info","message":"⌛ Validating pepita.wlk","timeElapsed":567,"timestamp":"2026-08-14T13:00:47.693Z"}
{"level":"info","message":"⌛ Validating pepita.wlk","timeElapsed":418,"timestamp":"2026-08-14T13:00:48.112Z"}
{"level":"info","message":"⌛ Building environment","timeElapsed":667,"timestamp":"2026-08-14T13:00:48.779Z"}
{"level":"info","message":"⌛ Building environment","timeElapsed":939,"timestamp":"2026-08-14T13:00:49.772Z"}
{"level":"info","message":"⌛ Building environment","timeElapsed":818,"timestamp":"2026-08-14T13:00:50.620Z"}
{"level":"info","message":"⌛ Validating pepita.wlk","timeElapsed":508,"timestamp":"2026-08-14T13:00:51.157Z"}
{"level":"info","message":"⌛ Building environment","timeElapsed":819,"timestamp":"2026-08-14T13:00:51.977Z"}
{"level":"info","message":"⌛ Building environment","timeElapsed":265,"timestamp":"2026-08-14T13:00:52.296Z"}
{"level":"info","message":"⌛ Validating pepita.wlk","timeElapsed":351,"timestamp":"2026-08-14T13:00:52.651Z"}
{"level":"info","message":"⌛ Building environment","timeElapsed":334,"timestamp":"2026-08-14T13:00:53.211Z"}
{"level":"info","message":"⌛ Building environment","timeElapsed":261,"timestamp":"2026-08-14T13:00:53.482Z"}
{"level":"info","message":"⌛ Building environment","timeElapsed":216,"timestamp":"2026-08-14T13:00:53.705Z"}
{"level":"info","message":"⌛ Building environment","timeElapsed":189,"timestamp":"2026-08-14T13:00:53.947Z"}
{"level":"info","message":"⌛ Building environment","timeElapsed":226,"timestamp":"2026-08-14T13:00:54.178Z"}
{"level":"info","message":"⌛ Validating pepita.wlk","timeElapsed":351,"timestamp":"2026-08-14T13:00:54.625Z"}
{"level":"info","message":"⌛ Validating pepita.wlk","timeElapsed":314,"timestamp":"2026-08-14T13:00:55.007Z"}
{"level":"info","message":"⌛ Validating pepita.wlk","timeElapsed":330,"timestamp":"2026-08-14T13:00:55.532Z"}
{"level":"info","message":"⌛ Validating pepita.wlk","timeElapsed":310,"timestamp":"2026-08-14T13:00:55.842Z"}
{"level":"info","message":"⌛ Validating pepita.wlk","timeElapsed":326,"timestamp":"2026-08-14T13:00:56.178Z"}
{"level":"info","message":"⌛ Validating pepita.wlk","timeElapsed":368,"timestamp":"2026-08-14T13:00:56.547Z"}
{"level":"info","message":"⌛ Validating pepita.wlk","timeElapsed":322,"timestamp":"2026-08-14T13:00:56.898Z"}
{"level":"info","message":"⌛ Validating pepita.wlk","timeElapsed":407,"timestamp":"2026-08-14T13:00:57.308Z"}
{"level":"info","message":"⌛ Validating pepita.wlk","timeElapsed":435,"timestamp":"2026-08-14T13:00:57.749Z"}
{"level":"info","message":"⌛ Building environment","timeElapsed":795,"timestamp":"2026-08-14T13:01:00.109Z"}
{"level":"info","message":"⌛ Building environment","timeElapsed":801,"timestamp":"2026-08-14T13:01:00.915Z"}
{"level":"info","message":"⌛ Validating pepita.wlk","timeElapsed":653,"timestamp":"2026-08-14T13:01:01.580Z"}
{"level":"info","message":"⌛ Building environment","timeElapsed":482,"timestamp":"2026-08-14T13:01:02.101Z"}
{"level":"info","message":"⌛ Validating pepita.wlk","timeElapsed":658,"timestamp":"2026-08-14T13:01:02.805Z"}
{"level":"info","message":"⌛ Validating pepita.wlk","timeElapsed":732,"timestamp":"2026-08-14T13:01:03.548Z"}
{"level":"info","message":"⌛ Building environment","timeElapsed":531,"timestamp":"2026-08-14T13:01:08.467Z"}
{"level":"info","message":"⌛ Validating pepita.wlk","timeElapsed":362,"timestamp":"2026-08-14T13:01:08.863Z"}
{"level":"info","message":"⌛ Building environment","timeElapsed":368,"timestamp":"2026-08-14T13:01:17.858Z"}
{"level":"info","message":"⌛ Validating pepita.wlk","timeElapsed":949,"timestamp":"2026-08-14T13:01:18.837Z"}
{"level":"info","message":"⌛ Building environment","timeElapsed":764,"timestamp":"2026-08-14T13:01:19.651Z"}
{"level":"info","message":"⌛ Building environment","timeElapsed":1357,"timestamp":"2026-08-14T13:01:21.473Z"}
{"level":"info","message":"⌛ Building environment","timeElapsed":572,"timestamp":"2026-08-14T13:01:22.061Z"}
{"level":"info","message":"⌛ Validating pepita.wlk","timeElapsed":1071,"timestamp":"2026-08-14T13:01:23.299Z"}
{"level":"info","message":"⌛ Validating pepita.wlk","timeElapsed":767,"timestamp":"2026-08-14T13:01:24.117Z"}
{"level":"info","message":"⌛ Building environment","timeElapsed":343,"timestamp":"2026-08-14T13:01:24.463Z"}
{"level":"info","message":"⌛ Validating pepita.wlk","timeElapsed":377,"timestamp":"2026-08-14T13:01:24.843Z"}
{"level":"info","message":"⌛ Validating pepita.wlk","timeElapsed":338,"timestamp":"2026-08-14T13:01:25.199Z"}
{"level":"info","message":"⌛ Building environment","timeElapsed":342,"timestamp":"2026-08-14T13:01:25.749Z"}
{"level":"info","message":"⌛ Validating pepita.wlk","timeElapsed":436,"timestamp":"2026-08-14T13:01:26.194Z"}
{"level":"info","message":"⌛ Building environment","timeElapsed":221,"timestamp":"2026-08-14T13:01:26.463Z"}
{"level":"info","message":"⌛ Validating pepita.wlk","timeElapsed":505,"timestamp":"2026-08-14T13:01:27.003Z"}
{"level":"error","message":"✘ Failed to rebuild document Failed to parse pepita.wlk: \n-- PARSING FAILED --------------------------------------------------\n\n  52 |         return 20 * grado\n  53 |         ]\n> 54 |     }\n     |     ^\n  55 | \n  56 | }\n\nExpected one of the following: \n\n'@', 'class', 'const', 'describe', 'mixin', 'object', 'only', 'package', 'program', 'test', 'var', '{', EOF, comment, not \"}\r\n\r\n\", whitespace\n","stack":"Error: Failed to parse pepita.wlk: \n-- PARSING FAILED --------------------------------------------------\n\n  52 |         return 20 * grado\n  53 |         ]\n> 54 |     }\n     |     ^\n  55 | \n  56 | }\n\nExpected one of the following: \n\n'@', 'class', 'const', 'describe', 'mixin', 'object', 'only', 'package', 'program', 'test', 'var', '{', EOF, comment, not \"}\r\n\r\n\", whitespace\n\n    at c:\\Users\\lukas\\.vscode\\extensions\\uqbar.wollok-lsp-ide-0.5.4\\out\\server\\src\\server.js:2353:13026\n    at Array.map (<anonymous>)\n    at U1n (c:\\Users\\lukas\\.vscode\\extensions\\uqbar.wollok-lsp-ide-0.5.4\\out\\server\\src\\server.js:2353:12950)\n    at H2.buildEnvironmentFrom (c:\\Users\\lukas\\.vscode\\extensions\\uqbar.wollok-lsp-ide-0.5.4\\out\\server\\src\\server.js:2398:5254)\n    at H2.updateEnvironmentWith (c:\\Users\\lukas\\.vscode\\extensions\\uqbar.wollok-lsp-ide-0.5.4\\out\\server\\src\\server.js:2398:4989)\n    at GF (c:\\Users\\lukas\\.vscode\\extensions\\uqbar.wollok-lsp-ide-0.5.4\\out\\server\\src\\server.js:2398:7383)\n    at V3.invoke (c:\\Users\\lukas\\.vscode\\extensions\\uqbar.wollok-lsp-ide-0.5.4\\out\\server\\src\\server.js:3:157328)\n    at o.fire (c:\\Users\\lukas\\.vscode\\extensions\\uqbar.wollok-lsp-ide-0.5.4\\out\\server\\src\\server.js:3:158098)\n    at c:\\Users\\lukas\\.vscode\\extensions\\uqbar.wollok-lsp-ide-0.5.4\\out\\server\\src\\server.js:37:57871\n    at nd (c:\\Users\\lukas\\.vscode\\extensions\\uqbar.wollok-lsp-ide-0.5.4\\out\\server\\src\\server.js:8:1561)","timestamp":"2026-08-14T13:01:27.099Z"}
{"level":"info","message":"⌛ Building environment","timeElapsed":528,"timestamp":"2026-08-14T13:01:28.262Z"}
{"level":"info","message":"⌛ Building environment","timeElapsed":398,"timestamp":"2026-08-14T13:01:28.661Z"}
{"level":"info","message":"⌛ Validating pepita.wlk","timeElapsed":406,"timestamp":"2026-08-14T13:01:29.112Z"}
{"level":"info","message":"⌛ Validating pepita.wlk","timeElapsed":374,"timestamp":"2026-08-14T13:01:29.517Z"}
{"level":"info","message":"⌛ Building environment","timeElapsed":320,"timestamp":"2026-08-14T13:01:30.193Z"}
{"level":"info","message":"⌛ Validating pepita.wlk","timeElapsed":592,"timestamp":"2026-08-14T13:01:30.807Z"}
{"level":"info","message":"⌛ Building environment","timeElapsed":509,"timestamp":"2026-08-14T13:01:32.994Z"}
{"level":"info","message":"⌛ Building environment","timeElapsed":597,"timestamp":"2026-08-14T13:01:33.593Z"}
{"level":"info","message":"⌛ Validating pepita.wlk","timeElapsed":1139,"timestamp":"2026-08-14T13:01:34.740Z"}
{"level":"info","message":"⌛ Building environment","timeElapsed":399,"timestamp":"2026-08-14T13:01:35.264Z"}
{"level":"info","message":"⌛ Validating pepita.wlk","timeElapsed":408,"timestamp":"2026-08-14T13:01:35.705Z"}
{"level":"info","message":"⌛ Validating pepita.wlk","timeElapsed":337,"timestamp":"2026-08-14T13:01:36.056Z"}
{"level":"info","message":"⌛ Building environment","timeElapsed":442,"timestamp":"2026-08-14T13:01:37.664Z"}
{"level":"info","message":"⌛ Validating pepita.wlk","timeElapsed":566,"timestamp":"2026-08-14T13:01:38.281Z"}
{"level":"info","message":"⌛ Building environment","timeElapsed":686,"timestamp":"2026-08-14T13:01:40.526Z"}
{"level":"info","message":"⌛ Building environment","timeElapsed":454,"timestamp":"2026-08-14T13:01:40.981Z"}
{"level":"info","message":"⌛ Building environment","timeElapsed":442,"timestamp":"2026-08-14T13:01:41.432Z"}
{"level":"info","message":"⌛ Building environment","timeElapsed":498,"timestamp":"2026-08-14T13:01:41.974Z"}
{"level":"info","message":"⌛ Building environment","timeElapsed":305,"timestamp":"2026-08-14T13:01:42.310Z"}
{"level":"info","message":"⌛ Validating pepita.wlk","timeElapsed":385,"timestamp":"2026-08-14T13:01:42.712Z"}
{"level":"info","message":"⌛ Validating pepita.wlk","timeElapsed":889,"timestamp":"2026-08-14T13:01:43.604Z"}
{"level":"info","message":"⌛ Building environment","timeElapsed":685,"timestamp":"2026-08-14T13:01:44.290Z"}
{"level":"info","message":"⌛ Validating pepita.wlk","timeElapsed":396,"timestamp":"2026-08-14T13:01:44.707Z"}
{"level":"info","message":"⌛ Validating pepita.wlk","timeElapsed":374,"timestamp":"2026-08-14T13:01:45.090Z"}
{"level":"info","message":"⌛ Validating pepita.wlk","timeElapsed":330,"timestamp":"2026-08-14T13:01:45.425Z"}
{"level":"info","message":"⌛ Building environment","timeElapsed":202,"timestamp":"2026-08-14T13:01:45.631Z"}
{"level":"info","message":"⌛ Validating pepita.wlk","timeElapsed":825,"timestamp":"2026-08-14T13:01:46.497Z"}
{"level":"info","message":"⌛ Validating pepita.wlk","timeElapsed":384,"timestamp":"2026-08-14T13:01:46.895Z"}
{"level":"info","message":"⌛ Building environment","timeElapsed":224,"timestamp":"2026-08-14T13:01:47.127Z"}
{"level":"info","message":"⌛ Validating pepita.wlk","timeElapsed":261,"timestamp":"2026-08-14T13:01:47.440Z"}
{"level":"info","message":"⌛ Building environment","timeElapsed":447,"timestamp":"2026-08-14T13:01:48.144Z"}
{"level":"info","message":"⌛ Validating pepita.wlk","timeElapsed":580,"timestamp":"2026-08-14T13:01:48.778Z"}
{"level":"info","message":"⌛ Building environment","timeElapsed":452,"timestamp":"2026-08-14T13:01:50.693Z"}
{"level":"info","message":"⌛ Validating pepita.wlk","timeElapsed":495,"timestamp":"2026-08-14T13:01:51.208Z"}
{"level":"info","message":"⌛ Building environment","timeElapsed":858,"timestamp":"2026-08-14T13:01:52.809Z"}
{"level":"info","message":"⌛ Validating pepita.wlk","timeElapsed":384,"timestamp":"2026-08-14T13:01:53.230Z"}
{"level":"info","message":"⌛ Building environment","timeElapsed":450,"timestamp":"2026-08-14T13:01:54.462Z"}
{"level":"info","message":"⌛ Validating pepita.wlk","timeElapsed":329,"timestamp":"2026-08-14T13:01:54.872Z"}
{"level":"info","message":"⌛ Building environment","timeElapsed":284,"timestamp":"2026-08-14T13:01:55.790Z"}
{"level":"info","message":"⌛ Validating pepita.wlk","timeElapsed":542,"timestamp":"2026-08-14T13:01:56.381Z"}
{"level":"info","message":"⌛ Building environment","timeElapsed":576,"timestamp":"2026-08-14T13:01:57.270Z"}
{"level":"info","message":"⌛ Building environment","timeElapsed":230,"timestamp":"2026-08-14T13:01:57.512Z"}
{"level":"info","message":"⌛ Validating pepita.wlk","timeElapsed":607,"timestamp":"2026-08-14T13:01:58.178Z"}
{"level":"info","message":"⌛ Validating pepita.wlk","timeElapsed":358,"timestamp":"2026-08-14T13:01:58.542Z"}
{"level":"info","message":"⌛ Building environment","timeElapsed":447,"timestamp":"2026-08-14T13:02:07.773Z"}
{"level":"info","message":"⌛ Validating pepita.wlk","timeElapsed":342,"timestamp":"2026-08-14T13:02:08.137Z"}
{"level":"info","message":"⌛ Building environment","timeElapsed":462,"timestamp":"2026-08-14T13:02:11.894Z"}
{"level":"info","message":"⌛ Validating pepita.wlk","timeElapsed":601,"timestamp":"2026-08-14T13:02:12.524Z"}
{"level":"info","message":"⌛ Building environment","timeElapsed":270,"timestamp":"2026-08-14T13:02:12.795Z"}
{"level":"info","message":"⌛ Validating pepita.wlk","timeElapsed":403,"timestamp":"2026-08-14T13:02:13.228Z"}
{"level":"info","message":"⌛ Building environment","timeElapsed":1071,"timestamp":"2026-08-14T13:02:16.484Z"}
{"level":"info","message":"⌛ Building environment","timeElapsed":649,"timestamp":"2026-08-14T13:02:17.144Z"}
{"level":"info","message":"⌛ Building environment","timeElapsed":869,"timestamp":"2026-08-14T13:02:18.060Z"}
{"level":"info","message":"⌛ Building environment","timeElapsed":519,"timestamp":"2026-08-14T13:02:18.591Z"}
{"level":"info","message":"⌛ Validating pepita.wlk","timeElapsed":760,"timestamp":"2026-08-14T13:02:19.388Z"}
{"level":"info","message":"⌛ Building environment","timeElapsed":510,"timestamp":"2026-08-14T13:02:19.901Z"}
{"level":"info","message":"⌛ Building environment","timeElapsed":815,"timestamp":"2026-08-14T13:02:20.717Z"}
{"level":"info","message":"⌛ Building environment","timeElapsed":429,"timestamp":"2026-08-14T13:02:21.147Z"}
{"level":"info","message":"⌛ Building environment","timeElapsed":372,"timestamp":"2026-08-14T13:02:21.647Z"}
{"level":"info","message":"⌛ Validating pepita.wlk","timeElapsed":658,"timestamp":"2026-08-14T13:02:22.317Z"}
{"level":"info","message":"⌛ Validating pepita.wlk","timeElapsed":522,"timestamp":"2026-08-14T13:02:22.841Z"}
{"level":"info","message":"⌛ Validating pepita.wlk","timeElapsed":463,"timestamp":"2026-08-14T13:02:23.306Z"}
{"level":"info","message":"⌛ Building environment","timeElapsed":339,"timestamp":"2026-08-14T13:02:23.657Z"}
{"level":"info","message":"⌛ Building environment","timeElapsed":225,"timestamp":"2026-08-14T13:02:23.916Z"}
{"level":"info","message":"⌛ Building environment","timeElapsed":233,"timestamp":"2026-08-14T13:02:24.155Z"}
{"level":"info","message":"⌛ Building environment","timeElapsed":212,"timestamp":"2026-08-14T13:02:24.373Z"}
{"level":"info","message":"⌛ Building environment","timeElapsed":183,"timestamp":"2026-08-14T13:02:24.611Z"}
{"level":"info","message":"⌛ Building environment","timeElapsed":237,"timestamp":"2026-08-14T13:02:24.857Z"}
{"level":"info","message":"⌛ Building environment","timeElapsed":240,"timestamp":"2026-08-14T13:02:25.102Z"}
{"level":"info","message":"⌛ Building environment","timeElapsed":199,"timestamp":"2026-08-14T13:02:25.345Z"}
{"level":"info","message":"⌛ Building environment","timeElapsed":235,"timestamp":"2026-08-14T13:02:25.590Z"}
{"level":"info","message":"⌛ Building environment","timeElapsed":329,"timestamp":"2026-08-14T13:02:25.925Z"}
{"level":"info","message":"⌛ Building environment","timeElapsed":204,"timestamp":"2026-08-14T13:02:26.175Z"}
{"level":"info","message":"⌛ Building environment","timeElapsed":539,"timestamp":"2026-08-14T13:02:26.745Z"}
{"level":"info","message":"⌛ Building environment","timeElapsed":203,"timestamp":"2026-08-14T13:02:26.958Z"}
{"level":"info","message":"⌛ Building environment","timeElapsed":229,"timestamp":"2026-08-14T13:02:27.223Z"}
{"level":"info","message":"⌛ Building environment","timeElapsed":234,"timestamp":"2026-08-14T13:02:27.461Z"}
{"level":"info","message":"⌛ Building environment","timeElapsed":220,"timestamp":"2026-08-14T13:02:27.690Z"}
{"level":"info","message":"⌛ Building environment","timeElapsed":214,"timestamp":"2026-08-14T13:02:27.952Z"}
{"level":"info","message":"⌛ Building environment","timeElapsed":221,"timestamp":"2026-08-14T13:02:28.175Z"}
{"level":"info","message":"⌛ Building environment","timeElapsed":1708,"timestamp":"2026-08-14T13:02:29.896Z"}
{"level":"info","message":"⌛ Building environment","timeElapsed":279,"timestamp":"2026-08-14T13:02:30.267Z"}
{"level":"info","message":"⌛ Building environment","timeElapsed":282,"timestamp":"2026-08-14T13:02:30.555Z"}
{"level":"info","message":"⌛ Building environment","timeElapsed":496,"timestamp":"2026-08-14T13:02:31.053Z"}
{"level":"info","message":"⌛ Building environment","timeElapsed":219,"timestamp":"2026-08-14T13:02:31.344Z"}
{"level":"info","message":"⌛ Building environment","timeElapsed":321,"timestamp":"2026-08-14T13:02:31.673Z"}
{"level":"info","message":"⌛ Validating pepita.wlk","timeElapsed":423,"timestamp":"2026-08-14T13:02:32.118Z"}
{"level":"info","message":"⌛ Building environment","timeElapsed":223,"timestamp":"2026-08-14T13:02:32.351Z"}
{"level":"info","message":"⌛ Validating pepita.wlk","timeElapsed":305,"timestamp":"2026-08-14T13:02:32.672Z"}
{"level":"info","message":"⌛ Building environment","timeElapsed":231,"timestamp":"2026-08-14T13:02:32.940Z"}
{"level":"info","message":"⌛ Validating pepita.wlk","timeElapsed":641,"timestamp":"2026-08-14T13:02:33.596Z"}
{"level":"info","message":"⌛ Building environment","timeElapsed":311,"timestamp":"2026-08-14T13:02:33.920Z"}
{"level":"info","message":"⌛ Validating pepita.wlk","timeElapsed":583,"timestamp":"2026-08-14T13:02:34.505Z"}
{"level":"info","message":"⌛ Validating pepita.wlk","timeElapsed":982,"timestamp":"2026-08-14T13:02:35.526Z"}
{"level":"info","message":"⌛ Validating pepita.wlk","timeElapsed":825,"timestamp":"2026-08-14T13:02:36.362Z"}
{"level":"info","message":"⌛ Validating pepita.wlk","timeElapsed":694,"timestamp":"2026-08-14T13:02:37.056Z"}
{"level":"info","message":"⌛ Validating pepita.wlk","timeElapsed":488,"timestamp":"2026-08-14T13:02:37.545Z"}
{"level":"info","message":"⌛ Validating pepita.wlk","timeElapsed":413,"timestamp":"2026-08-14T13:02:37.958Z"}
{"level":"info","message":"⌛ Validating pepita.wlk","timeElapsed":581,"timestamp":"2026-08-14T13:02:38.540Z"}
{"level":"info","message":"⌛ Validating pepita.wlk","timeElapsed":434,"timestamp":"2026-08-14T13:02:38.979Z"}
{"level":"info","message":"⌛ Validating pepita.wlk","timeElapsed":386,"timestamp":"2026-08-14T13:02:39.373Z"}
{"level":"info","message":"⌛ Validating pepita.wlk","timeElapsed":588,"timestamp":"2026-08-14T13:02:39.966Z"}
{"level":"info","message":"⌛ Validating pepita.wlk","timeElapsed":333,"timestamp":"2026-08-14T13:02:40.301Z"}
{"level":"info","message":"⌛ Validating pepita.wlk","timeElapsed":317,"timestamp":"2026-08-14T13:02:40.619Z"}
{"level":"info","message":"⌛ Validating pepita.wlk","timeElapsed":272,"timestamp":"2026-08-14T13:02:40.896Z"}
{"level":"info","message":"⌛ Validating pepita.wlk","timeElapsed":277,"timestamp":"2026-08-14T13:02:41.177Z"}
{"level":"info","message":"⌛ Validating pepita.wlk","timeElapsed":315,"timestamp":"2026-08-14T13:02:41.493Z"}
{"level":"info","message":"⌛ Validating pepita.wlk","timeElapsed":358,"timestamp":"2026-08-14T13:02:41.851Z"}
{"level":"info","message":"⌛ Validating pepita.wlk","timeElapsed":740,"timestamp":"2026-08-14T13:02:42.592Z"}
{"level":"info","message":"⌛ Validating pepita.wlk","timeElapsed":608,"timestamp":"2026-08-14T13:02:43.203Z"}
{"level":"info","message":"⌛ Validating pepita.wlk","timeElapsed":501,"timestamp":"2026-08-14T13:02:43.707Z"}
{"level":"info","message":"⌛ Building environment","timeElapsed":249,"timestamp":"2026-08-14T13:02:43.958Z"}
{"level":"info","message":"⌛ Building environment","timeElapsed":357,"timestamp":"2026-08-14T13:02:44.351Z"}
{"level":"info","message":"⌛ Building environment","timeElapsed":510,"timestamp":"2026-08-14T13:02:44.862Z"}
{"level":"info","message":"⌛ Building environment","timeElapsed":679,"timestamp":"2026-08-14T13:02:45.546Z"}
{"level":"info","message":"⌛ Building environment","timeElapsed":1618,"timestamp":"2026-08-14T13:02:47.172Z"}
{"level":"info","message":"⌛ Building environment","timeElapsed":1167,"timestamp":"2026-08-14T13:02:48.342Z"}
{"level":"info","message":"⌛ Autocomplete - Package","timeElapsed":434,"timestamp":"2026-08-14T13:02:48.803Z"}
{"level":"info","message":"⌛ Validating pepita.wlk","timeElapsed":483,"timestamp":"2026-08-14T13:02:49.287Z"}
{"level":"info","message":"⌛ Validating pepita.wlk","timeElapsed":347,"timestamp":"2026-08-14T13:02:49.643Z"}
{"level":"info","message":"⌛ Validating pepita.wlk","timeElapsed":413,"timestamp":"2026-08-14T13:02:50.062Z"}
{"level":"info","message":"⌛ Building environment","timeElapsed":249,"timestamp":"2026-08-14T13:02:50.321Z"}
{"level":"info","message":"⌛ Validating pepita.wlk","timeElapsed":426,"timestamp":"2026-08-14T13:02:50.787Z"}
{"level":"info","message":"⌛ Validating pepita.wlk","timeElapsed":365,"timestamp":"2026-08-14T13:02:51.153Z"}
{"level":"info","message":"⌛ Validating pepita.wlk","timeElapsed":319,"timestamp":"2026-08-14T13:02:51.473Z"}
{"level":"info","message":"⌛ Validating pepita.wlk","timeElapsed":263,"timestamp":"2026-08-14T13:02:51.737Z"}
{"level":"info","message":"⌛ Validating pepita.wlk","timeElapsed":281,"timestamp":"2026-08-14T13:02:52.021Z"}
{"level":"info","message":"⌛ Building environment","timeElapsed":187,"timestamp":"2026-08-14T13:02:52.218Z"}
{"level":"info","message":"⌛ Building environment","timeElapsed":220,"timestamp":"2026-08-14T13:02:52.442Z"}
{"level":"info","message":"⌛ Validating pepita.wlk","timeElapsed":247,"timestamp":"2026-08-14T13:02:52.719Z"}
{"level":"info","message":"⌛ Building environment","timeElapsed":229,"timestamp":"2026-08-14T13:02:52.952Z"}
{"level":"info","message":"⌛ Building environment","timeElapsed":204,"timestamp":"2026-08-14T13:02:53.188Z"}
{"level":"info","message":"⌛ Building environment","timeElapsed":217,"timestamp":"2026-08-14T13:02:53.407Z"}
{"level":"info","message":"⌛ Building environment","timeElapsed":177,"timestamp":"2026-08-14T13:02:53.588Z"}
{"level":"info","message":"⌛ Building environment","timeElapsed":214,"timestamp":"2026-08-14T13:02:53.807Z"}
{"level":"info","message":"⌛ Building environment","timeElapsed":208,"timestamp":"2026-08-14T13:02:54.023Z"}
{"level":"error","message":"✘ Failed to rebuild document Failed to parse pepita.wlk: \n-- PARSING FAILED --------------------------------------------------\n\n  52 |     }\n  53 | \n> 54 | }\n     | ^\n\nExpected one of the following: \n\n'@', 'class', 'const', 'describe', 'mixin', 'object', 'only', 'package', 'program', 'test', 'var', '{', EOF, comment, not \"}\", whitespace\n","stack":"Error: Failed to parse pepita.wlk: \n-- PARSING FAILED --------------------------------------------------\n\n  52 |     }\n  53 | \n> 54 | }\n     | ^\n\nExpected one of the following: \n\n'@', 'class', 'const', 'describe', 'mixin', 'object', 'only', 'package', 'program', 'test', 'var', '{', EOF, comment, not \"}\", whitespace\n\n    at c:\\Users\\lukas\\.vscode\\extensions\\uqbar.wollok-lsp-ide-0.5.4\\out\\server\\src\\server.js:2353:13026\n    at Array.map (<anonymous>)\n    at U1n (c:\\Users\\lukas\\.vscode\\extensions\\uqbar.wollok-lsp-ide-0.5.4\\out\\server\\src\\server.js:2353:12950)\n    at H2.buildEnvironmentFrom (c:\\Users\\lukas\\.vscode\\extensions\\uqbar.wollok-lsp-ide-0.5.4\\out\\server\\src\\server.js:2398:5254)\n    at H2.updateEnvironmentWith (c:\\Users\\lukas\\.vscode\\extensions\\uqbar.wollok-lsp-ide-0.5.4\\out\\server\\src\\server.js:2398:4989)\n    at GF (c:\\Users\\lukas\\.vscode\\extensions\\uqbar.wollok-lsp-ide-0.5.4\\out\\server\\src\\server.js:2398:7383)\n    at V3.invoke (c:\\Users\\lukas\\.vscode\\extensions\\uqbar.wollok-lsp-ide-0.5.4\\out\\server\\src\\server.js:3:157328)\n    at o.fire (c:\\Users\\lukas\\.vscode\\extensions\\uqbar.wollok-lsp-ide-0.5.4\\out\\server\\src\\server.js:3:158098)\n    at c:\\Users\\lukas\\.vscode\\extensions\\uqbar.wollok-lsp-ide-0.5.4\\out\\server\\src\\server.js:37:57871\n    at nd (c:\\Users\\lukas\\.vscode\\extensions\\uqbar.wollok-lsp-ide-0.5.4\\out\\server\\src\\server.js:8:1561)","timestamp":"2026-08-14T13:02:54.107Z"}
{"level":"error","message":"✘ Failed to rebuild document Failed to parse pepita.wlk: \n-- PARSING FAILED --------------------------------------------------\n\n  53 |     }\n  54 | \n> 55 | }\n     | ^\n\nExpected one of the following: \n\n'@', 'class', 'const', 'describe', 'mixin', 'object', 'only', 'package', 'program', 'test', 'var', '{', EOF, comment, not \"}\", whitespace\n","stack":"Error: Failed to parse pepita.wlk: \n-- PARSING FAILED --------------------------------------------------\n\n  53 |     }\n  54 | \n> 55 | }\n     | ^\n\nExpected one of the following: \n\n'@', 'class', 'const', 'describe', 'mixin', 'object', 'only', 'package', 'program', 'test', 'var', '{', EOF, comment, not \"}\", whitespace\n\n    at c:\\Users\\lukas\\.vscode\\extensions\\uqbar.wollok-lsp-ide-0.5.4\\out\\server\\src\\server.js:2353:13026\n    at Array.map (<anonymous>)\n    at U1n (c:\\Users\\lukas\\.vscode\\extensions\\uqbar.wollok-lsp-ide-0.5.4\\out\\server\\src\\server.js:2353:12950)\n    at H2.buildEnvironmentFrom (c:\\Users\\lukas\\.vscode\\extensions\\uqbar.wollok-lsp-ide-0.5.4\\out\\server\\src\\server.js:2398:5254)\n    at H2.updateEnvironmentWith (c:\\Users\\lukas\\.vscode\\extensions\\uqbar.wollok-lsp-ide-0.5.4\\out\\server\\src\\server.js:2398:4989)\n    at GF (c:\\Users\\lukas\\.vscode\\extensions\\uqbar.wollok-lsp-ide-0.5.4\\out\\server\\src\\server.js:2398:7383)\n    at V3.invoke (c:\\Users\\lukas\\.vscode\\extensions\\uqbar.wollok-lsp-ide-0.5.4\\out\\server\\src\\server.js:3:157328)\n    at o.fire (c:\\Users\\lukas\\.vscode\\extensions\\uqbar.wollok-lsp-ide-0.5.4\\out\\server\\src\\server.js:3:158098)\n    at c:\\Users\\lukas\\.vscode\\extensions\\uqbar.wollok-lsp-ide-0.5.4\\out\\server\\src\\server.js:37:57871\n    at nd (c:\\Users\\lukas\\.vscode\\extensions\\uqbar.wollok-lsp-ide-0.5.4\\out\\server\\src\\server.js:8:1561)","timestamp":"2026-08-14T13:02:54.191Z"}
{"level":"error","message":"✘ Failed to rebuild document Failed to parse pepita.wlk: \n-- PARSING FAILED --------------------------------------------------\n\n  53 |     }\n  54 | \n> 55 | }\n     | ^\n\nExpected one of the following: \n\n'@', 'class', 'const', 'describe', 'mixin', 'object', 'only', 'package', 'program', 'test', 'var', '{', EOF, comment, not \"}\", whitespace\n","stack":"Error: Failed to parse pepita.wlk: \n-- PARSING FAILED --------------------------------------------------\n\n  53 |     }\n  54 | \n> 55 | }\n     | ^\n\nExpected one of the following: \n\n'@', 'class', 'const', 'describe', 'mixin', 'object', 'only', 'package', 'program', 'test', 'var', '{', EOF, comment, not \"}\", whitespace\n\n    at c:\\Users\\lukas\\.vscode\\extensions\\uqbar.wollok-lsp-ide-0.5.4\\out\\server\\src\\server.js:2353:13026\n    at Array.map (<anonymous>)\n    at U1n (c:\\Users\\lukas\\.vscode\\extensions\\uqbar.wollok-lsp-ide-0.5.4\\out\\server\\src\\server.js:2353:12950)\n    at H2.buildEnvironmentFrom (c:\\Users\\lukas\\.vscode\\extensions\\uqbar.wollok-lsp-ide-0.5.4\\out\\server\\src\\server.js:2398:5254)\n    at H2.updateEnvironmentWith (c:\\Users\\lukas\\.vscode\\extensions\\uqbar.wollok-lsp-ide-0.5.4\\out\\server\\src\\server.js:2398:4989)\n    at GF (c:\\Users\\lukas\\.vscode\\extensions\\uqbar.wollok-lsp-ide-0.5.4\\out\\server\\src\\server.js:2398:7383)\n    at V3.invoke (c:\\Users\\lukas\\.vscode\\extensions\\uqbar.wollok-lsp-ide-0.5.4\\out\\server\\src\\server.js:3:157328)\n    at o.fire (c:\\Users\\lukas\\.vscode\\extensions\\uqbar.wollok-lsp-ide-0.5.4\\out\\server\\src\\server.js:3:158098)\n    at c:\\Users\\lukas\\.vscode\\extensions\\uqbar.wollok-lsp-ide-0.5.4\\out\\server\\src\\server.js:37:57871\n    at nd (c:\\Users\\lukas\\.vscode\\extensions\\uqbar.wollok-lsp-ide-0.5.4\\out\\server\\src\\server.js:8:1561)","timestamp":"2026-08-14T13:02:54.233Z"}
{"level":"error","message":"✘ Failed to rebuild document Failed to parse pepita.wlk: \n-- PARSING FAILED --------------------------------------------------\n\n  53 |     }\n  54 | \n> 55 | }\n     | ^\n\nExpected one of the following: \n\n'@', 'class', 'const', 'describe', 'mixin', 'object', 'only', 'package', 'program', 'test', 'var', '{', EOF, comment, not \"}\", whitespace\n","stack":"Error: Failed to parse pepita.wlk: \n-- PARSING FAILED --------------------------------------------------\n\n  53 |     }\n  54 | \n> 55 | }\n     | ^\n\nExpected one of the following: \n\n'@', 'class', 'const', 'describe', 'mixin', 'object', 'only', 'package', 'program', 'test', 'var', '{', EOF, comment, not \"}\", whitespace\n\n    at c:\\Users\\lukas\\.vscode\\extensions\\uqbar.wollok-lsp-ide-0.5.4\\out\\server\\src\\server.js:2353:13026\n    at Array.map (<anonymous>)\n    at U1n (c:\\Users\\lukas\\.vscode\\extensions\\uqbar.wollok-lsp-ide-0.5.4\\out\\server\\src\\server.js:2353:12950)\n    at H2.buildEnvironmentFrom (c:\\Users\\lukas\\.vscode\\extensions\\uqbar.wollok-lsp-ide-0.5.4\\out\\server\\src\\server.js:2398:5254)\n    at H2.updateEnvironmentWith (c:\\Users\\lukas\\.vscode\\extensions\\uqbar.wollok-lsp-ide-0.5.4\\out\\server\\src\\server.js:2398:4989)\n    at GF (c:\\Users\\lukas\\.vscode\\extensions\\uqbar.wollok-lsp-ide-0.5.4\\out\\server\\src\\server.js:2398:7383)\n    at V3.invoke (c:\\Users\\lukas\\.vscode\\extensions\\uqbar.wollok-lsp-ide-0.5.4\\out\\server\\src\\server.js:3:157328)\n    at o.fire (c:\\Users\\lukas\\.vscode\\extensions\\uqbar.wollok-lsp-ide-0.5.4\\out\\server\\src\\server.js:3:158098)\n    at c:\\Users\\lukas\\.vscode\\extensions\\uqbar.wollok-lsp-ide-0.5.4\\out\\server\\src\\server.js:37:57871\n    at nd (c:\\Users\\lukas\\.vscode\\extensions\\uqbar.wollok-lsp-ide-0.5.4\\out\\server\\src\\server.js:8:1561)","timestamp":"2026-08-14T13:02:54.374Z"}
{"level":"error","message":"✘ Failed to rebuild document Failed to parse pepita.wlk: \n-- PARSING FAILED --------------------------------------------------\n\n  53 |     }\n  54 | \n> 55 | }\n     | ^\n\nExpected one of the following: \n\n'@', 'class', 'const', 'describe', 'mixin', 'object', 'only', 'package', 'program', 'test', 'var', '{', EOF, comment, not \"}\", whitespace\n","stack":"Error: Failed to parse pepita.wlk: \n-- PARSING FAILED --------------------------------------------------\n\n  53 |     }\n  54 | \n> 55 | }\n     | ^\n\nExpected one of the following: \n\n'@', 'class', 'const', 'describe', 'mixin', 'object', 'only', 'package', 'program', 'test', 'var', '{', EOF, comment, not \"}\", whitespace\n\n    at c:\\Users\\lukas\\.vscode\\extensions\\uqbar.wollok-lsp-ide-0.5.4\\out\\server\\src\\server.js:2353:13026\n    at Array.map (<anonymous>)\n    at U1n (c:\\Users\\lukas\\.vscode\\extensions\\uqbar.wollok-lsp-ide-0.5.4\\out\\server\\src\\server.js:2353:12950)\n    at H2.buildEnvironmentFrom (c:\\Users\\lukas\\.vscode\\extensions\\uqbar.wollok-lsp-ide-0.5.4\\out\\server\\src\\server.js:2398:5254)\n    at H2.updateEnvironmentWith (c:\\Users\\lukas\\.vscode\\extensions\\uqbar.wollok-lsp-ide-0.5.4\\out\\server\\src\\server.js:2398:4989)\n    at GF (c:\\Users\\lukas\\.vscode\\extensions\\uqbar.wollok-lsp-ide-0.5.4\\out\\server\\src\\server.js:2398:7383)\n    at V3.invoke (c:\\Users\\lukas\\.vscode\\extensions\\uqbar.wollok-lsp-ide-0.5.4\\out\\server\\src\\server.js:3:157328)\n    at o.fire (c:\\Users\\lukas\\.vscode\\extensions\\uqbar.wollok-lsp-ide-0.5.4\\out\\server\\src\\server.js:3:158098)\n    at c:\\Users\\lukas\\.vscode\\extensions\\uqbar.wollok-lsp-ide-0.5.4\\out\\server\\src\\server.js:37:57871\n    at nd (c:\\Users\\lukas\\.vscode\\extensions\\uqbar.wollok-lsp-ide-0.5.4\\out\\server\\src\\server.js:8:1561)","timestamp":"2026-08-14T13:02:54.433Z"}
{"level":"error","message":"✘ Failed to rebuild document Failed to parse pepita.wlk: \n-- PARSING FAILED --------------------------------------------------\n\n  53 |     }\n  54 | \n> 55 | }\n     | ^\n\nExpected one of the following: \n\n'@', 'class', 'const', 'describe', 'mixin', 'object', 'only', 'package', 'program', 'test', 'var', '{', EOF, comment, not \"}\", whitespace\n","stack":"Error: Failed to parse pepita.wlk: \n-- PARSING FAILED --------------------------------------------------\n\n  53 |     }\n  54 | \n> 55 | }\n     | ^\n\nExpected one of the following: \n\n'@', 'class', 'const', 'describe', 'mixin', 'object', 'only', 'package', 'program', 'test', 'var', '{', EOF, comment, not \"}\", whitespace\n\n    at c:\\Users\\lukas\\.vscode\\extensions\\uqbar.wollok-lsp-ide-0.5.4\\out\\server\\src\\server.js:2353:13026\n    at Array.map (<anonymous>)\n    at U1n (c:\\Users\\lukas\\.vscode\\extensions\\uqbar.wollok-lsp-ide-0.5.4\\out\\server\\src\\server.js:2353:12950)\n    at H2.buildEnvironmentFrom (c:\\Users\\lukas\\.vscode\\extensions\\uqbar.wollok-lsp-ide-0.5.4\\out\\server\\src\\server.js:2398:5254)\n    at H2.updateEnvironmentWith (c:\\Users\\lukas\\.vscode\\extensions\\uqbar.wollok-lsp-ide-0.5.4\\out\\server\\src\\server.js:2398:4989)\n    at GF (c:\\Users\\lukas\\.vscode\\extensions\\uqbar.wollok-lsp-ide-0.5.4\\out\\server\\src\\server.js:2398:7383)\n    at V3.invoke (c:\\Users\\lukas\\.vscode\\extensions\\uqbar.wollok-lsp-ide-0.5.4\\out\\server\\src\\server.js:3:157328)\n    at o.fire (c:\\Users\\lukas\\.vscode\\extensions\\uqbar.wollok-lsp-ide-0.5.4\\out\\server\\src\\server.js:3:158098)\n    at c:\\Users\\lukas\\.vscode\\extensions\\uqbar.wollok-lsp-ide-0.5.4\\out\\server\\src\\server.js:37:57871\n    at nd (c:\\Users\\lukas\\.vscode\\extensions\\uqbar.wollok-lsp-ide-0.5.4\\out\\server\\src\\server.js:8:1561)","timestamp":"2026-08-14T13:02:54.493Z"}
{"level":"error","message":"✘ Failed to rebuild document Failed to parse pepita.wlk: \n-- PARSING FAILED --------------------------------------------------\n\n  53 |     }\n  54 | \n> 55 | }\n     | ^\n\nExpected one of the following: \n\n'@', 'class', 'const', 'describe', 'mixin', 'object', 'only', 'package', 'program', 'test', 'var', '{', EOF, comment, not \"}\", whitespace\n","stack":"Error: Failed to parse pepita.wlk: \n-- PARSING FAILED --------------------------------------------------\n\n  53 |     }\n  54 | \n> 55 | }\n     | ^\n\nExpected one of the following: \n\n'@', 'class', 'const', 'describe', 'mixin', 'object', 'only', 'package', 'program', 'test', 'var', '{', EOF, comment, not \"}\", whitespace\n\n    at c:\\Users\\lukas\\.vscode\\extensions\\uqbar.wollok-lsp-ide-0.5.4\\out\\server\\src\\server.js:2353:13026\n    at Array.map (<anonymous>)\n    at U1n (c:\\Users\\lukas\\.vscode\\extensions\\uqbar.wollok-lsp-ide-0.5.4\\out\\server\\src\\server.js:2353:12950)\n    at H2.buildEnvironmentFrom (c:\\Users\\lukas\\.vscode\\extensions\\uqbar.wollok-lsp-ide-0.5.4\\out\\server\\src\\server.js:2398:5254)\n    at H2.updateEnvironmentWith (c:\\Users\\lukas\\.vscode\\extensions\\uqbar.wollok-lsp-ide-0.5.4\\out\\server\\src\\server.js:2398:4989)\n    at GF (c:\\Users\\lukas\\.vscode\\extensions\\uqbar.wollok-lsp-ide-0.5.4\\out\\server\\src\\server.js:2398:7383)\n    at V3.invoke (c:\\Users\\lukas\\.vscode\\extensions\\uqbar.wollok-lsp-ide-0.5.4\\out\\server\\src\\server.js:3:157328)\n    at o.fire (c:\\Users\\lukas\\.vscode\\extensions\\uqbar.wollok-lsp-ide-0.5.4\\out\\server\\src\\server.js:3:158098)\n    at c:\\Users\\lukas\\.vscode\\extensions\\uqbar.wollok-lsp-ide-0.5.4\\out\\server\\src\\server.js:37:57871\n    at nd (c:\\Users\\lukas\\.vscode\\extensions\\uqbar.wollok-lsp-ide-0.5.4\\out\\server\\src\\server.js:8:1561)","timestamp":"2026-08-14T13:02:54.557Z"}
{"level":"info","message":"⌛ Validating pepita.wlk","timeElapsed":277,"timestamp":"2026-08-14T13:02:54.944Z"}
{"level":"error","message":"✘ Failed to rebuild document Failed to parse pepita.wlk: \n-- PARSING FAILED --------------------------------------------------\n\n  53 |     }\n  54 | \n> 55 | }\n     | ^\n\nExpected one of the following: \n\n'@', 'class', 'const', 'describe', 'mixin', 'object', 'only', 'package', 'program', 'test', 'var', '{', EOF, comment, not \"}\", whitespace\n","stack":"Error: Failed to parse pepita.wlk: \n-- PARSING FAILED --------------------------------------------------\n\n  53 |     }\n  54 | \n> 55 | }\n     | ^\n\nExpected one of the following: \n\n'@', 'class', 'const', 'describe', 'mixin', 'object', 'only', 'package', 'program', 'test', 'var', '{', EOF, comment, not \"}\", whitespace\n\n    at c:\\Users\\lukas\\.vscode\\extensions\\uqbar.wollok-lsp-ide-0.5.4\\out\\server\\src\\server.js:2353:13026\n    at Array.map (<anonymous>)\n    at U1n (c:\\Users\\lukas\\.vscode\\extensions\\uqbar.wollok-lsp-ide-0.5.4\\out\\server\\src\\server.js:2353:12950)\n    at H2.buildEnvironmentFrom (c:\\Users\\lukas\\.vscode\\extensions\\uqbar.wollok-lsp-ide-0.5.4\\out\\server\\src\\server.js:2398:5254)\n    at H2.updateEnvironmentWith (c:\\Users\\lukas\\.vscode\\extensions\\uqbar.wollok-lsp-ide-0.5.4\\out\\server\\src\\server.js:2398:4989)\n    at GF (c:\\Users\\lukas\\.vscode\\extensions\\uqbar.wollok-lsp-ide-0.5.4\\out\\server\\src\\server.js:2398:7383)\n    at V3.invoke (c:\\Users\\lukas\\.vscode\\extensions\\uqbar.wollok-lsp-ide-0.5.4\\out\\server\\src\\server.js:3:157328)\n    at o.fire (c:\\Users\\lukas\\.vscode\\extensions\\uqbar.wollok-lsp-ide-0.5.4\\out\\server\\src\\server.js:3:158098)\n    at c:\\Users\\lukas\\.vscode\\extensions\\uqbar.wollok-lsp-ide-0.5.4\\out\\server\\src\\server.js:37:57871\n    at nd (c:\\Users\\lukas\\.vscode\\extensions\\uqbar.wollok-lsp-ide-0.5.4\\out\\server\\src\\server.js:8:1561)","timestamp":"2026-08-14T13:02:55.020Z"}
{"level":"error","message":"✘ Failed to rebuild document Failed to parse pepita.wlk: \n-- PARSING FAILED --------------------------------------------------\n\n  53 |     }\n  54 | \n> 55 | }\n     | ^\n\nExpected one of the following: \n\n'@', 'class', 'const', 'describe', 'mixin', 'object', 'only', 'package', 'program', 'test', 'var', '{', EOF, comment, not \"}\", whitespace\n","stack":"Error: Failed to parse pepita.wlk: \n-- PARSING FAILED --------------------------------------------------\n\n  53 |     }\n  54 | \n> 55 | }\n     | ^\n\nExpected one of the following: \n\n'@', 'class', 'const', 'describe', 'mixin', 'object', 'only', 'package', 'program', 'test', 'var', '{', EOF, comment, not \"}\", whitespace\n\n    at c:\\Users\\lukas\\.vscode\\extensions\\uqbar.wollok-lsp-ide-0.5.4\\out\\server\\src\\server.js:2353:13026\n    at Array.map (<anonymous>)\n    at U1n (c:\\Users\\lukas\\.vscode\\extensions\\uqbar.wollok-lsp-ide-0.5.4\\out\\server\\src\\server.js:2353:12950)\n    at H2.buildEnvironmentFrom (c:\\Users\\lukas\\.vscode\\extensions\\uqbar.wollok-lsp-ide-0.5.4\\out\\server\\src\\server.js:2398:5254)\n    at H2.updateEnvironmentWith (c:\\Users\\lukas\\.vscode\\extensions\\uqbar.wollok-lsp-ide-0.5.4\\out\\server\\src\\server.js:2398:4989)\n    at GF (c:\\Users\\lukas\\.vscode\\extensions\\uqbar.wollok-lsp-ide-0.5.4\\out\\server\\src\\server.js:2398:7383)\n    at V3.invoke (c:\\Users\\lukas\\.vscode\\extensions\\uqbar.wollok-lsp-ide-0.5.4\\out\\server\\src\\server.js:3:157328)\n    at o.fire (c:\\Users\\lukas\\.vscode\\extensions\\uqbar.wollok-lsp-ide-0.5.4\\out\\server\\src\\server.js:3:158098)\n    at c:\\Users\\lukas\\.vscode\\extensions\\uqbar.wollok-lsp-ide-0.5.4\\out\\server\\src\\server.js:37:57871\n    at nd (c:\\Users\\lukas\\.vscode\\extensions\\uqbar.wollok-lsp-ide-0.5.4\\out\\server\\src\\server.js:8:1561)","timestamp":"2026-08-14T13:02:55.104Z"}
{"level":"info","message":"⌛ Validating pepita.wlk","timeElapsed":347,"timestamp":"2026-08-14T13:02:55.452Z"}
{"level":"info","message":"⌛ Validating pepita.wlk","timeElapsed":389,"timestamp":"2026-08-14T13:02:55.850Z"}
{"level":"error","message":"✘ Failed to rebuild document Failed to parse pepita.wlk: \n-- PARSING FAILED --------------------------------------------------\n\n  53 |     }\n  54 | \n> 55 | }\n     | ^\n\nExpected one of the following: \n\n'@', 'class', 'const', 'describe', 'mixin', 'object', 'only', 'package', 'program', 'test', 'var', '{', EOF, comment, not \"}\", whitespace\n","stack":"Error: Failed to parse pepita.wlk: \n-- PARSING FAILED --------------------------------------------------\n\n  53 |     }\n  54 | \n> 55 | }\n     | ^\n\nExpected one of the following: \n\n'@', 'class', 'const', 'describe', 'mixin', 'object', 'only', 'package', 'program', 'test', 'var', '{', EOF, comment, not \"}\", whitespace\n\n    at c:\\Users\\lukas\\.vscode\\extensions\\uqbar.wollok-lsp-ide-0.5.4\\out\\server\\src\\server.js:2353:13026\n    at Array.map (<anonymous>)\n    at U1n (c:\\Users\\lukas\\.vscode\\extensions\\uqbar.wollok-lsp-ide-0.5.4\\out\\server\\src\\server.js:2353:12950)\n    at H2.buildEnvironmentFrom (c:\\Users\\lukas\\.vscode\\extensions\\uqbar.wollok-lsp-ide-0.5.4\\out\\server\\src\\server.js:2398:5254)\n    at H2.updateEnvironmentWith (c:\\Users\\lukas\\.vscode\\extensions\\uqbar.wollok-lsp-ide-0.5.4\\out\\server\\src\\server.js:2398:4989)\n    at GF (c:\\Users\\lukas\\.vscode\\extensions\\uqbar.wollok-lsp-ide-0.5.4\\out\\server\\src\\server.js:2398:7383)\n    at V3.invoke (c:\\Users\\lukas\\.vscode\\extensions\\uqbar.wollok-lsp-ide-0.5.4\\out\\server\\src\\server.js:3:157328)\n    at o.fire (c:\\Users\\lukas\\.vscode\\extensions\\uqbar.wollok-lsp-ide-0.5.4\\out\\server\\src\\server.js:3:158098)\n    at c:\\Users\\lukas\\.vscode\\extensions\\uqbar.wollok-lsp-ide-0.5.4\\out\\server\\src\\server.js:37:57871\n    at nd (c:\\Users\\lukas\\.vscode\\extensions\\uqbar.wollok-lsp-ide-0.5.4\\out\\server\\src\\server.js:8:1561)","timestamp":"2026-08-14T13:02:55.905Z"}
{"level":"error","message":"✘ Failed to rebuild document Failed to parse pepita.wlk: \n-- PARSING FAILED --------------------------------------------------\n\n  53 |     }\n  54 | \n> 55 | }\n     | ^\n\nExpected one of the following: \n\n'@', 'class', 'const', 'describe', 'mixin', 'object', 'only', 'package', 'program', 'test', 'var', '{', EOF, comment, not \"}\", whitespace\n","stack":"Error: Failed to parse pepita.wlk: \n-- PARSING FAILED --------------------------------------------------\n\n  53 |     }\n  54 | \n> 55 | }\n     | ^\n\nExpected one of the following: \n\n'@', 'class', 'const', 'describe', 'mixin', 'object', 'only', 'package', 'program', 'test', 'var', '{', EOF, comment, not \"}\", whitespace\n\n    at c:\\Users\\lukas\\.vscode\\extensions\\uqbar.wollok-lsp-ide-0.5.4\\out\\server\\src\\server.js:2353:13026\n    at Array.map (<anonymous>)\n    at U1n (c:\\Users\\lukas\\.vscode\\extensions\\uqbar.wollok-lsp-ide-0.5.4\\out\\server\\src\\server.js:2353:12950)\n    at H2.buildEnvironmentFrom (c:\\Users\\lukas\\.vscode\\extensions\\uqbar.wollok-lsp-ide-0.5.4\\out\\server\\src\\server.js:2398:5254)\n    at H2.updateEnvironmentWith (c:\\Users\\lukas\\.vscode\\extensions\\uqbar.wollok-lsp-ide-0.5.4\\out\\server\\src\\server.js:2398:4989)\n    at GF (c:\\Users\\lukas\\.vscode\\extensions\\uqbar.wollok-lsp-ide-0.5.4\\out\\server\\src\\server.js:2398:7383)\n    at V3.invoke (c:\\Users\\lukas\\.vscode\\extensions\\uqbar.wollok-lsp-ide-0.5.4\\out\\server\\src\\server.js:3:157328)\n    at o.fire (c:\\Users\\lukas\\.vscode\\extensions\\uqbar.wollok-lsp-ide-0.5.4\\out\\server\\src\\server.js:3:158098)\n    at c:\\Users\\lukas\\.vscode\\extensions\\uqbar.wollok-lsp-ide-0.5.4\\out\\server\\src\\server.js:37:57871\n    at nd (c:\\Users\\lukas\\.vscode\\extensions\\uqbar.wollok-lsp-ide-0.5.4\\out\\server\\src\\server.js:8:1561)","timestamp":"2026-08-14T13:02:55.934Z"}
{"level":"info","message":"⌛ Validating pepita.wlk","timeElapsed":367,"timestamp":"2026-08-14T13:02:56.303Z"}
{"level":"error","message":"✘ Failed to rebuild document Failed to parse pepita.wlk: \n-- PARSING FAILED --------------------------------------------------\n\n  53 |     }\n  54 | \n> 55 | }\n     | ^\n\nExpected one of the following: \n\n'@', 'class', 'const', 'describe', 'mixin', 'object', 'only', 'package', 'program', 'test', 'var', '{', EOF, comment, not \"}\", whitespace\n","stack":"Error: Failed to parse pepita.wlk: \n-- PARSING FAILED --------------------------------------------------\n\n  53 |     }\n  54 | \n> 55 | }\n     | ^\n\nExpected one of the following: \n\n'@', 'class', 'const', 'describe', 'mixin', 'object', 'only', 'package', 'program', 'test', 'var', '{', EOF, comment, not \"}\", whitespace\n\n    at c:\\Users\\lukas\\.vscode\\extensions\\uqbar.wollok-lsp-ide-0.5.4\\out\\server\\src\\server.js:2353:13026\n    at Array.map (<anonymous>)\n    at U1n (c:\\Users\\lukas\\.vscode\\extensions\\uqbar.wollok-lsp-ide-0.5.4\\out\\server\\src\\server.js:2353:12950)\n    at H2.buildEnvironmentFrom (c:\\Users\\lukas\\.vscode\\extensions\\uqbar.wollok-lsp-ide-0.5.4\\out\\server\\src\\server.js:2398:5254)\n    at H2.updateEnvironmentWith (c:\\Users\\lukas\\.vscode\\extensions\\uqbar.wollok-lsp-ide-0.5.4\\out\\server\\src\\server.js:2398:4989)\n    at GF (c:\\Users\\lukas\\.vscode\\extensions\\uqbar.wollok-lsp-ide-0.5.4\\out\\server\\src\\server.js:2398:7383)\n    at V3.invoke (c:\\Users\\lukas\\.vscode\\extensions\\uqbar.wollok-lsp-ide-0.5.4\\out\\server\\src\\server.js:3:157328)\n    at o.fire (c:\\Users\\lukas\\.vscode\\extensions\\uqbar.wollok-lsp-ide-0.5.4\\out\\server\\src\\server.js:3:158098)\n    at c:\\Users\\lukas\\.vscode\\extensions\\uqbar.wollok-lsp-ide-0.5.4\\out\\server\\src\\server.js:37:57871\n    at nd (c:\\Users\\lukas\\.vscode\\extensions\\uqbar.wollok-lsp-ide-0.5.4\\out\\server\\src\\server.js:8:1561)","timestamp":"2026-08-14T13:02:56.388Z"}
{"level":"error","message":"✘ Failed to rebuild document Failed to parse pepita.wlk: \n-- PARSING FAILED --------------------------------------------------\n\n  53 |     }\n  54 | \n> 55 | }\n     | ^\n\nExpected one of the following: \n\n'@', 'class', 'const', 'describe', 'mixin', 'object', 'only', 'package', 'program', 'test', 'var', '{', EOF, comment, not \"}\", whitespace\n","stack":"Error: Failed to parse pepita.wlk: \n-- PARSING FAILED --------------------------------------------------\n\n  53 |     }\n  54 | \n> 55 | }\n     | ^\n\nExpected one of the following: \n\n'@', 'class', 'const', 'describe', 'mixin', 'object', 'only', 'package', 'program', 'test', 'var', '{', EOF, comment, not \"}\", whitespace\n\n    at c:\\Users\\lukas\\.vscode\\extensions\\uqbar.wollok-lsp-ide-0.5.4\\out\\server\\src\\server.js:2353:13026\n    at Array.map (<anonymous>)\n    at U1n (c:\\Users\\lukas\\.vscode\\extensions\\uqbar.wollok-lsp-ide-0.5.4\\out\\server\\src\\server.js:2353:12950)\n    at H2.buildEnvironmentFrom (c:\\Users\\lukas\\.vscode\\extensions\\uqbar.wollok-lsp-ide-0.5.4\\out\\server\\src\\server.js:2398:5254)\n    at H2.updateEnvironmentWith (c:\\Users\\lukas\\.vscode\\extensions\\uqbar.wollok-lsp-ide-0.5.4\\out\\server\\src\\server.js:2398:4989)\n    at GF (c:\\Users\\lukas\\.vscode\\extensions\\uqbar.wollok-lsp-ide-0.5.4\\out\\server\\src\\server.js:2398:7383)\n    at V3.invoke (c:\\Users\\lukas\\.vscode\\extensions\\uqbar.wollok-lsp-ide-0.5.4\\out\\server\\src\\server.js:3:157328)\n    at o.fire (c:\\Users\\lukas\\.vscode\\extensions\\uqbar.wollok-lsp-ide-0.5.4\\out\\server\\src\\server.js:3:158098)\n    at c:\\Users\\lukas\\.vscode\\extensions\\uqbar.wollok-lsp-ide-0.5.4\\out\\server\\src\\server.js:37:57871\n    at nd (c:\\Users\\lukas\\.vscode\\extensions\\uqbar.wollok-lsp-ide-0.5.4\\out\\server\\src\\server.js:8:1561)","timestamp":"2026-08-14T13:02:56.454Z"}
{"level":"error","message":"✘ Failed to rebuild document Failed to parse pepita.wlk: \n-- PARSING FAILED --------------------------------------------------\n\n  53 |     }\n  54 | \n> 55 | }\n     | ^\n\nExpected one of the following: \n\n'@', 'class', 'const', 'describe', 'mixin', 'object', 'only', 'package', 'program', 'test', 'var', '{', EOF, comment, not \"}\", whitespace\n","stack":"Error: Failed to parse pepita.wlk: \n-- PARSING FAILED --------------------------------------------------\n\n  53 |     }\n  54 | \n> 55 | }\n     | ^\n\nExpected one of the following: \n\n'@', 'class', 'const', 'describe', 'mixin', 'object', 'only', 'package', 'program', 'test', 'var', '{', EOF, comment, not \"}\", whitespace\n\n    at c:\\Users\\lukas\\.vscode\\extensions\\uqbar.wollok-lsp-ide-0.5.4\\out\\server\\src\\server.js:2353:13026\n    at Array.map (<anonymous>)\n    at U1n (c:\\Users\\lukas\\.vscode\\extensions\\uqbar.wollok-lsp-ide-0.5.4\\out\\server\\src\\server.js:2353:12950)\n    at H2.buildEnvironmentFrom (c:\\Users\\lukas\\.vscode\\extensions\\uqbar.wollok-lsp-ide-0.5.4\\out\\server\\src\\server.js:2398:5254)\n    at H2.updateEnvironmentWith (c:\\Users\\lukas\\.vscode\\extensions\\uqbar.wollok-lsp-ide-0.5.4\\out\\server\\src\\server.js:2398:4989)\n    at GF (c:\\Users\\lukas\\.vscode\\extensions\\uqbar.wollok-lsp-ide-0.5.4\\out\\server\\src\\server.js:2398:7383)\n    at V3.invoke (c:\\Users\\lukas\\.vscode\\extensions\\uqbar.wollok-lsp-ide-0.5.4\\out\\server\\src\\server.js:3:157328)\n    at o.fire (c:\\Users\\lukas\\.vscode\\extensions\\uqbar.wollok-lsp-ide-0.5.4\\out\\server\\src\\server.js:3:158098)\n    at c:\\Users\\lukas\\.vscode\\extensions\\uqbar.wollok-lsp-ide-0.5.4\\out\\server\\src\\server.js:37:57871\n    at nd (c:\\Users\\lukas\\.vscode\\extensions\\uqbar.wollok-lsp-ide-0.5.4\\out\\server\\src\\server.js:8:1561)","timestamp":"2026-08-14T13:02:56.525Z"}
{"level":"error","message":"✘ Failed to rebuild document Failed to parse pepita.wlk: \n-- PARSING FAILED --------------------------------------------------\n\n  53 |     }\n  54 | \n> 55 | }\n     | ^\n\nExpected one of the following: \n\n'@', 'class', 'const', 'describe', 'mixin', 'object', 'only', 'package', 'program', 'test', 'var', '{', EOF, comment, not \"}\", whitespace\n","stack":"Error: Failed to parse pepita.wlk: \n-- PARSING FAILED --------------------------------------------------\n\n  53 |     }\n  54 | \n> 55 | }\n     | ^\n\nExpected one of the following: \n\n'@', 'class', 'const', 'describe', 'mixin', 'object', 'only', 'package', 'program', 'test', 'var', '{', EOF, comment, not \"}\", whitespace\n\n    at c:\\Users\\lukas\\.vscode\\extensions\\uqbar.wollok-lsp-ide-0.5.4\\out\\server\\src\\server.js:2353:13026\n    at Array.map (<anonymous>)\n    at U1n (c:\\Users\\lukas\\.vscode\\extensions\\uqbar.wollok-lsp-ide-0.5.4\\out\\server\\src\\server.js:2353:12950)\n    at H2.buildEnvironmentFrom (c:\\Users\\lukas\\.vscode\\extensions\\uqbar.wollok-lsp-ide-0.5.4\\out\\server\\src\\server.js:2398:5254)\n    at H2.updateEnvironmentWith (c:\\Users\\lukas\\.vscode\\extensions\\uqbar.wollok-lsp-ide-0.5.4\\out\\server\\src\\server.js:2398:4989)\n    at GF (c:\\Users\\lukas\\.vscode\\extensions\\uqbar.wollok-lsp-ide-0.5.4\\out\\server\\src\\server.js:2398:7383)\n    at V3.invoke (c:\\Users\\lukas\\.vscode\\extensions\\uqbar.wollok-lsp-ide-0.5.4\\out\\server\\src\\server.js:3:157328)\n    at o.fire (c:\\Users\\lukas\\.vscode\\extensions\\uqbar.wollok-lsp-ide-0.5.4\\out\\server\\src\\server.js:3:158098)\n    at c:\\Users\\lukas\\.vscode\\extensions\\uqbar.wollok-lsp-ide-0.5.4\\out\\server\\src\\server.js:37:57871\n    at nd (c:\\Users\\lukas\\.vscode\\extensions\\uqbar.wollok-lsp-ide-0.5.4\\out\\server\\src\\server.js:8:1561)","timestamp":"2026-08-14T13:02:56.583Z"}
{"level":"info","message":"⌛ Validating pepita.wlk","timeElapsed":303,"timestamp":"2026-08-14T13:02:56.909Z"}
{"level":"error","message":"✘ Failed to rebuild document Failed to parse pepita.wlk: \n-- PARSING FAILED --------------------------------------------------\n\n  53 |     }\n  54 | \n> 55 | }\n     | ^\n\nExpected one of the following: \n\n'@', 'class', 'const', 'describe', 'mixin', 'object', 'only', 'package', 'program', 'test', 'var', '{', EOF, comment, not \"}\", whitespace\n","stack":"Error: Failed to parse pepita.wlk: \n-- PARSING FAILED --------------------------------------------------\n\n  53 |     }\n  54 | \n> 55 | }\n     | ^\n\nExpected one of the following: \n\n'@', 'class', 'const', 'describe', 'mixin', 'object', 'only', 'package', 'program', 'test', 'var', '{', EOF, comment, not \"}\", whitespace\n\n    at c:\\Users\\lukas\\.vscode\\extensions\\uqbar.wollok-lsp-ide-0.5.4\\out\\server\\src\\server.js:2353:13026\n    at Array.map (<anonymous>)\n    at U1n (c:\\Users\\lukas\\.vscode\\extensions\\uqbar.wollok-lsp-ide-0.5.4\\out\\server\\src\\server.js:2353:12950)\n    at H2.buildEnvironmentFrom (c:\\Users\\lukas\\.vscode\\extensions\\uqbar.wollok-lsp-ide-0.5.4\\out\\server\\src\\server.js:2398:5254)\n    at H2.updateEnvironmentWith (c:\\Users\\lukas\\.vscode\\extensions\\uqbar.wollok-lsp-ide-0.5.4\\out\\server\\src\\server.js:2398:4989)\n    at GF (c:\\Users\\lukas\\.vscode\\extensions\\uqbar.wollok-lsp-ide-0.5.4\\out\\server\\src\\server.js:2398:7383)\n    at V3.invoke (c:\\Users\\lukas\\.vscode\\extensions\\uqbar.wollok-lsp-ide-0.5.4\\out\\server\\src\\server.js:3:157328)\n    at o.fire (c:\\Users\\lukas\\.vscode\\extensions\\uqbar.wollok-lsp-ide-0.5.4\\out\\server\\src\\server.js:3:158098)\n    at c:\\Users\\lukas\\.vscode\\extensions\\uqbar.wollok-lsp-ide-0.5.4\\out\\server\\src\\server.js:37:57871\n    at nd (c:\\Users\\lukas\\.vscode\\extensions\\uqbar.wollok-lsp-ide-0.5.4\\out\\server\\src\\server.js:8:1561)","timestamp":"2026-08-14T13:02:56.973Z"}
{"level":"error","message":"✘ Failed to rebuild document Failed to parse pepita.wlk: \n-- PARSING FAILED --------------------------------------------------\n\n  53 |     }\n  54 | \n> 55 | }\n     | ^\n\nExpected one of the following: \n\n'@', 'class', 'const', 'describe', 'mixin', 'object', 'only', 'package', 'program', 'test', 'var', '{', EOF, comment, not \"}\", whitespace\n","stack":"Error: Failed to parse pepita.wlk: \n-- PARSING FAILED --------------------------------------------------\n\n  53 |     }\n  54 | \n> 55 | }\n     | ^\n\nExpected one of the following: \n\n'@', 'class', 'const', 'describe', 'mixin', 'object', 'only', 'package', 'program', 'test', 'var', '{', EOF, comment, not \"}\", whitespace\n\n    at c:\\Users\\lukas\\.vscode\\extensions\\uqbar.wollok-lsp-ide-0.5.4\\out\\server\\src\\server.js:2353:13026\n    at Array.map (<anonymous>)\n    at U1n (c:\\Users\\lukas\\.vscode\\extensions\\uqbar.wollok-lsp-ide-0.5.4\\out\\server\\src\\server.js:2353:12950)\n    at H2.buildEnvironmentFrom (c:\\Users\\lukas\\.vscode\\extensions\\uqbar.wollok-lsp-ide-0.5.4\\out\\server\\src\\server.js:2398:5254)\n    at H2.updateEnvironmentWith (c:\\Users\\lukas\\.vscode\\extensions\\uqbar.wollok-lsp-ide-0.5.4\\out\\server\\src\\server.js:2398:4989)\n    at GF (c:\\Users\\lukas\\.vscode\\extensions\\uqbar.wollok-lsp-ide-0.5.4\\out\\server\\src\\server.js:2398:7383)\n    at V3.invoke (c:\\Users\\lukas\\.vscode\\extensions\\uqbar.wollok-lsp-ide-0.5.4\\out\\server\\src\\server.js:3:157328)\n    at o.fire (c:\\Users\\lukas\\.vscode\\extensions\\uqbar.wollok-lsp-ide-0.5.4\\out\\server\\src\\server.js:3:158098)\n    at c:\\Users\\lukas\\.vscode\\extensions\\uqbar.wollok-lsp-ide-0.5.4\\out\\server\\src\\server.js:37:57871\n    at nd (c:\\Users\\lukas\\.vscode\\extensions\\uqbar.wollok-lsp-ide-0.5.4\\out\\server\\src\\server.js:8:1561)","timestamp":"2026-08-14T13:02:57.068Z"}
{"level":"info","message":"⌛ Validating pepita.wlk","timeElapsed":329,"timestamp":"2026-08-14T13:02:57.425Z"}
{"level":"info","message":"⌛ Validating pepita.wlk","timeElapsed":308,"timestamp":"2026-08-14T13:02:57.745Z"}
{"level":"info","message":"⌛ Validating pepita.wlk","timeElapsed":302,"timestamp":"2026-08-14T13:02:58.065Z"}
{"level":"info","message":"⌛ Validating pepita.wlk","timeElapsed":289,"timestamp":"2026-08-14T13:02:58.362Z"}
{"level":"info","message":"⌛ Validating pepita.wlk","timeElapsed":303,"timestamp":"2026-08-14T13:02:58.676Z"}
{"level":"info","message":"⌛ Validating pepita.wlk","timeElapsed":315,"timestamp":"2026-08-14T13:02:59.003Z"}
{"level":"info","message":"⌛ Validating pepita.wlk","timeElapsed":303,"timestamp":"2026-08-14T13:02:59.311Z"}
{"level":"info","message":"⌛ Validating pepita.wlk","timeElapsed":373,"timestamp":"2026-08-14T13:02:59.686Z"}
{"level":"info","message":"⌛ Validating pepita.wlk","timeElapsed":329,"timestamp":"2026-08-14T13:03:00.015Z"}
{"level":"info","message":"⌛ Validating pepita.wlk","timeElapsed":345,"timestamp":"2026-08-14T13:03:00.364Z"}
{"level":"error","message":"✘ Failed to rebuild document Failed to parse pepita.wlk: \n-- PARSING FAILED --------------------------------------------------\n\n  53 |     }\n  54 | \n> 55 | }\n     | ^\n\nExpected one of the following: \n\n'@', 'class', 'const', 'describe', 'mixin', 'object', 'only', 'package', 'program', 'test', 'var', '{', EOF, comment, not \"}\", whitespace\n","stack":"Error: Failed to parse pepita.wlk: \n-- PARSING FAILED --------------------------------------------------\n\n  53 |     }\n  54 | \n> 55 | }\n     | ^\n\nExpected one of the following: \n\n'@', 'class', 'const', 'describe', 'mixin', 'object', 'only', 'package', 'program', 'test', 'var', '{', EOF, comment, not \"}\", whitespace\n\n    at c:\\Users\\lukas\\.vscode\\extensions\\uqbar.wollok-lsp-ide-0.5.4\\out\\server\\src\\server.js:2353:13026\n    at Array.map (<anonymous>)\n    at U1n (c:\\Users\\lukas\\.vscode\\extensions\\uqbar.wollok-lsp-ide-0.5.4\\out\\server\\src\\server.js:2353:12950)\n    at H2.buildEnvironmentFrom (c:\\Users\\lukas\\.vscode\\extensions\\uqbar.wollok-lsp-ide-0.5.4\\out\\server\\src\\server.js:2398:5254)\n    at H2.updateEnvironmentWith (c:\\Users\\lukas\\.vscode\\extensions\\uqbar.wollok-lsp-ide-0.5.4\\out\\server\\src\\server.js:2398:4989)\n    at GF (c:\\Users\\lukas\\.vscode\\extensions\\uqbar.wollok-lsp-ide-0.5.4\\out\\server\\src\\server.js:2398:7383)\n    at V3.invoke (c:\\Users\\lukas\\.vscode\\extensions\\uqbar.wollok-lsp-ide-0.5.4\\out\\server\\src\\server.js:3:157328)\n    at o.fire (c:\\Users\\lukas\\.vscode\\extensions\\uqbar.wollok-lsp-ide-0.5.4\\out\\server\\src\\server.js:3:158098)\n    at c:\\Users\\lukas\\.vscode\\extensions\\uqbar.wollok-lsp-ide-0.5.4\\out\\server\\src\\server.js:37:57871\n    at nd (c:\\Users\\lukas\\.vscode\\extensions\\uqbar.wollok-lsp-ide-0.5.4\\out\\server\\src\\server.js:8:1561)","timestamp":"2026-08-14T13:03:08.052Z"}
{"level":"error","message":"✘ Failed to rebuild document Failed to parse pepita.wlk: \n-- PARSING FAILED --------------------------------------------------\n\n  53 |     }\n  54 | \n> 55 | }\n     | ^\n\nExpected one of the following: \n\n'@', 'class', 'const', 'describe', 'mixin', 'object', 'only', 'package', 'program', 'test', 'var', '{', EOF, comment, not \"}\", whitespace\n","stack":"Error: Failed to parse pepita.wlk: \n-- PARSING FAILED --------------------------------------------------\n\n  53 |     }\n  54 | \n> 55 | }\n     | ^\n\nExpected one of the following: \n\n'@', 'class', 'const', 'describe', 'mixin', 'object', 'only', 'package', 'program', 'test', 'var', '{', EOF, comment, not \"}\", whitespace\n\n    at c:\\Users\\lukas\\.vscode\\extensions\\uqbar.wollok-lsp-ide-0.5.4\\out\\server\\src\\server.js:2353:13026\n    at Array.map (<anonymous>)\n    at U1n (c:\\Users\\lukas\\.vscode\\extensions\\uqbar.wollok-lsp-ide-0.5.4\\out\\server\\src\\server.js:2353:12950)\n    at H2.buildEnvironmentFrom (c:\\Users\\lukas\\.vscode\\extensions\\uqbar.wollok-lsp-ide-0.5.4\\out\\server\\src\\server.js:2398:5254)\n    at H2.updateEnvironmentWith (c:\\Users\\lukas\\.vscode\\extensions\\uqbar.wollok-lsp-ide-0.5.4\\out\\server\\src\\server.js:2398:4989)\n    at GF (c:\\Users\\lukas\\.vscode\\extensions\\uqbar.wollok-lsp-ide-0.5.4\\out\\server\\src\\server.js:2398:7383)\n    at V3.invoke (c:\\Users\\lukas\\.vscode\\extensions\\uqbar.wollok-lsp-ide-0.5.4\\out\\server\\src\\server.js:3:157328)\n    at o.fire (c:\\Users\\lukas\\.vscode\\extensions\\uqbar.wollok-lsp-ide-0.5.4\\out\\server\\src\\server.js:3:158098)\n    at c:\\Users\\lukas\\.vscode\\extensions\\uqbar.wollok-lsp-ide-0.5.4\\out\\server\\src\\server.js:37:57871\n    at nd (c:\\Users\\lukas\\.vscode\\extensions\\uqbar.wollok-lsp-ide-0.5.4\\out\\server\\src\\server.js:8:1561)","timestamp":"2026-08-14T13:03:10.110Z"}
{"level":"error","message":"✘ Failed to rebuild document Failed to parse pepita.wlk: \n-- PARSING FAILED --------------------------------------------------\n\n  53 |     }\n  54 | \n> 55 | }\n     | ^\n\nExpected one of the following: \n\n'@', 'class', 'const', 'describe', 'mixin', 'object', 'only', 'package', 'program', 'test', 'var', '{', EOF, comment, not \"}\", whitespace\n","stack":"Error: Failed to parse pepita.wlk: \n-- PARSING FAILED --------------------------------------------------\n\n  53 |     }\n  54 | \n> 55 | }\n     | ^\n\nExpected one of the following: \n\n'@', 'class', 'const', 'describe', 'mixin', 'object', 'only', 'package', 'program', 'test', 'var', '{', EOF, comment, not \"}\", whitespace\n\n    at c:\\Users\\lukas\\.vscode\\extensions\\uqbar.wollok-lsp-ide-0.5.4\\out\\server\\src\\server.js:2353:13026\n    at Array.map (<anonymous>)\n    at U1n (c:\\Users\\lukas\\.vscode\\extensions\\uqbar.wollok-lsp-ide-0.5.4\\out\\server\\src\\server.js:2353:12950)\n    at H2.buildEnvironmentFrom (c:\\Users\\lukas\\.vscode\\extensions\\uqbar.wollok-lsp-ide-0.5.4\\out\\server\\src\\server.js:2398:5254)\n    at H2.updateEnvironmentWith (c:\\Users\\lukas\\.vscode\\extensions\\uqbar.wollok-lsp-ide-0.5.4\\out\\server\\src\\server.js:2398:4989)\n    at GF (c:\\Users\\lukas\\.vscode\\extensions\\uqbar.wollok-lsp-ide-0.5.4\\out\\server\\src\\server.js:2398:7383)\n    at V3.invoke (c:\\Users\\lukas\\.vscode\\extensions\\uqbar.wollok-lsp-ide-0.5.4\\out\\server\\src\\server.js:3:157328)\n    at o.fire (c:\\Users\\lukas\\.vscode\\extensions\\uqbar.wollok-lsp-ide-0.5.4\\out\\server\\src\\server.js:3:158098)\n    at c:\\Users\\lukas\\.vscode\\extensions\\uqbar.wollok-lsp-ide-0.5.4\\out\\server\\src\\server.js:37:57871\n    at nd (c:\\Users\\lukas\\.vscode\\extensions\\uqbar.wollok-lsp-ide-0.5.4\\out\\server\\src\\server.js:8:1561)","timestamp":"2026-08-14T13:03:11.129Z"}
{"level":"error","message":"✘ Failed to rebuild document Failed to parse pepita.wlk: \n-- PARSING FAILED --------------------------------------------------\n\n  53 |     }\n  54 | \n> 55 | }\n     | ^\n\nExpected one of the following: \n\n'@', 'class', 'const', 'describe', 'mixin', 'object', 'only', 'package', 'program', 'test', 'var', '{', EOF, comment, not \"}\", whitespace\n","stack":"Error: Failed to parse pepita.wlk: \n-- PARSING FAILED --------------------------------------------------\n\n  53 |     }\n  54 | \n> 55 | }\n     | ^\n\nExpected one of the following: \n\n'@', 'class', 'const', 'describe', 'mixin', 'object', 'only', 'package', 'program', 'test', 'var', '{', EOF, comment, not \"}\", whitespace\n\n    at c:\\Users\\lukas\\.vscode\\extensions\\uqbar.wollok-lsp-ide-0.5.4\\out\\server\\src\\server.js:2353:13026\n    at Array.map (<anonymous>)\n    at U1n (c:\\Users\\lukas\\.vscode\\extensions\\uqbar.wollok-lsp-ide-0.5.4\\out\\server\\src\\server.js:2353:12950)\n    at H2.buildEnvironmentFrom (c:\\Users\\lukas\\.vscode\\extensions\\uqbar.wollok-lsp-ide-0.5.4\\out\\server\\src\\server.js:2398:5254)\n    at H2.updateEnvironmentWith (c:\\Users\\lukas\\.vscode\\extensions\\uqbar.wollok-lsp-ide-0.5.4\\out\\server\\src\\server.js:2398:4989)\n    at GF (c:\\Users\\lukas\\.vscode\\extensions\\uqbar.wollok-lsp-ide-0.5.4\\out\\server\\src\\server.js:2398:7383)\n    at V3.invoke (c:\\Users\\lukas\\.vscode\\extensions\\uqbar.wollok-lsp-ide-0.5.4\\out\\server\\src\\server.js:3:157328)\n    at o.fire (c:\\Users\\lukas\\.vscode\\extensions\\uqbar.wollok-lsp-ide-0.5.4\\out\\server\\src\\server.js:3:158098)\n    at c:\\Users\\lukas\\.vscode\\extensions\\uqbar.wollok-lsp-ide-0.5.4\\out\\server\\src\\server.js:37:57871\n    at nd (c:\\Users\\lukas\\.vscode\\extensions\\uqbar.wollok-lsp-ide-0.5.4\\out\\server\\src\\server.js:8:1561)","timestamp":"2026-08-14T13:03:11.720Z"}
{"level":"error","message":"✘ Failed to rebuild document Failed to parse pepita.wlk: \n-- PARSING FAILED --------------------------------------------------\n\n  53 |     }\n  54 | \n> 55 | }\n     | ^\n\nExpected one of the following: \n\n'@', 'class', 'const', 'describe', 'mixin', 'object', 'only', 'package', 'program', 'test', 'var', '{', EOF, comment, not \"}\", whitespace\n","stack":"Error: Failed to parse pepita.wlk: \n-- PARSING FAILED --------------------------------------------------\n\n  53 |     }\n  54 | \n> 55 | }\n     | ^\n\nExpected one of the following: \n\n'@', 'class', 'const', 'describe', 'mixin', 'object', 'only', 'package', 'program', 'test', 'var', '{', EOF, comment, not \"}\", whitespace\n\n    at c:\\Users\\lukas\\.vscode\\extensions\\uqbar.wollok-lsp-ide-0.5.4\\out\\server\\src\\server.js:2353:13026\n    at Array.map (<anonymous>)\n    at U1n (c:\\Users\\lukas\\.vscode\\extensions\\uqbar.wollok-lsp-ide-0.5.4\\out\\server\\src\\server.js:2353:12950)\n    at H2.buildEnvironmentFrom (c:\\Users\\lukas\\.vscode\\extensions\\uqbar.wollok-lsp-ide-0.5.4\\out\\server\\src\\server.js:2398:5254)\n    at H2.updateEnvironmentWith (c:\\Users\\lukas\\.vscode\\extensions\\uqbar.wollok-lsp-ide-0.5.4\\out\\server\\src\\server.js:2398:4989)\n    at GF (c:\\Users\\lukas\\.vscode\\extensions\\uqbar.wollok-lsp-ide-0.5.4\\out\\server\\src\\server.js:2398:7383)\n    at V3.invoke (c:\\Users\\lukas\\.vscode\\extensions\\uqbar.wollok-lsp-ide-0.5.4\\out\\server\\src\\server.js:3:157328)\n    at o.fire (c:\\Users\\lukas\\.vscode\\extensions\\uqbar.wollok-lsp-ide-0.5.4\\out\\server\\src\\server.js:3:158098)\n    at c:\\Users\\lukas\\.vscode\\extensions\\uqbar.wollok-lsp-ide-0.5.4\\out\\server\\src\\server.js:37:57871\n    at nd (c:\\Users\\lukas\\.vscode\\extensions\\uqbar.wollok-lsp-ide-0.5.4\\out\\server\\src\\server.js:8:1561)","timestamp":"2026-08-14T13:03:14.514Z"}
{"level":"error","message":"✘ Failed to get type description: Error: Failed to print, found malformed node Failed to print, found malformed node","node":{"fileName":"pepita.wlk","id":"7f6be2cd-cde2-4d6b-a03c-53685cff9c15","imports":[],"members":[{"id":"9c3b6605-2456-48d5-88a8-fd515cdd3981","members":[{"id":"def95f53-4331-41e9-aef8-478f60000c2d","isConstant":false,"isProperty":false,"metadata":[],"name":"energia","scope":{"containerScope":{"containerScope":{"containerScope":{"contributions":{},"includedScopes":[]},"contributions":{},"includedScopes":[]},"contributions":{},"includedScopes":[{"containerScope":{"containerScope":{"containerScope":{"contributions":{},"includedScopes":[]},"contributions":{},"includedScopes":[]},"contributions":{},"includedScopes":[]},"contributions":{},"includedScopes":[]}]},"contributions":{},"includedScopes":[]},"sourceMap":{"end":{"column":22,"line":3,"offset":40},"start":{"column":5,"line":3,"offset":23}},"value":{"id":"aaafcfbd-1935-42d2-9eac-b4e3b8acca07","metadata":[],"scope":{"containerScope":{"containerScope":{"containerScope":{"containerScope":{"contributions":{},"includedScopes":[]},"contributions":{},"includedScopes":[]},"contributions":{},"includedScopes":[{"containerScope":{"containerScope":{"containerScope":{"contributions":{},"includedScopes":[]},"contributions":{},"includedScopes":[]},"contributions":{},"includedScopes":[]},"contributions":{},"includedScopes":[]}]},"contributions":{},"includedScopes":[]},"contributions":{},"includedScopes":[]},"sourceMap":{"end":{"column":22,"line":3,"offset":40},"start":{"column":19,"line":3,"offset":37}},"value":100}},{"body":{"id":"c21d5d57-19c4-4343-900c-331400d48b19","metadata":[],"problems":[],"scope":{"containerScope":{"containerScope":{"containerScope":{"containerScope":{"contributions":{},"includedScopes":[]},"contributions":{},"includedScopes":[]},"contributions":{},"includedScopes":[{"containerScope":{"containerScope":{"containerScope":{"contributions":{},"includedScopes":[]},"contributions":{},"includedScopes":[]},"contributions":{},"includedScopes":[]},"contributions":{},"includedScopes":[]}]},"contributions":{},"includedScopes":[]},"contributions":{},"includedScopes":[]},"sentences":[{"id":"6416d5e6-217f-4b7e-95eb-aa57df1e00c6","metadata":[],"scope":{"containerScope":{"containerScope":{"containerScope":{"containerScope":{"containerScope":{"contributions":{},"includedScopes":[]},"contributions":{},"includedScopes":[]},"contributions":{},"includedScopes":[{"containerScope":{"containerScope":{"containerScope":{"contributions":{},"includedScopes":[]},"contributions":{},"includedScopes":[]},"contributions":{},"includedScopes":[]},"contributions":{},"includedScopes":[]}]},"contributions":{},"includedScopes":[]},"contributions":{},"includedScopes":[]},"contributions":{},"includedScopes":[]},"sourceMap":{"end":{"column":45,"line":7,"offset":120},"start":{"column":9,"line":7,"offset":84}},"value":{"args":[{"args":[{"id":"c0f0183d-d00c-4bdc-b258-21b85792803f","metadata":[],"scope":{"containerScope":{"containerScope":{"containerScope":{"containerScope":{"containerScope":{"containerScope":{"containerScope":{"containerScope":{"contributions":{},"includedScopes":[]},"contributions":{},"includedScopes":[]},"contributions":{},"includedScopes":[{"containerScope":{"containerScope":{"containerScope":{"contributions":{},"includedScopes":[]},"contributions":{},"includedScopes":[]},"contributions":{},"includedScopes":[]},"contributions":{},"includedScopes":[]}]},"contributions":{},"includedScopes":[]},"contributions":{},"includedScopes":[]},"contributions":{},"includedScopes":[]},"contributions":{},"includedScopes":[]},"contributions":{},"includedScopes":[]},"contributions":{},"includedScopes":[]},"sourceMap":{"end":{"column":45,"line":7,"offset":120},"start":{"column":43,"line":7,"offset":118}},"value":10}],"id":"c8b272bd-303b-4521-9d03-be3cd8f781c1","message":"/","metadata":[],"receiver":{"id":"793b13b3-3bc5-4a1e-8af8-7f34225fd1b5","metadata":[],"name":"distancia","scope":{"containerScope":{"containerScope":{"containerScope":{"containerScope":{"containerScope":{"containerScope":{"containerScope":{"containerScope":{"contributions":{},"includedScopes":[]},"contributions":{},"includedScopes":[]},"contributions":{},"includedScopes":[{"containerScope":{"containerScope":{"containerScope":{"contributions":{},"includedScopes":[]},"contributions":{},"includedScopes":[]},"contributions":{},"includedScopes":[]},"contributions":{},"includedScopes":[]}]},"contributions":{},"includedScopes":[]},"contributions":{},"includedScopes":[]},"contributions":{},"includedScopes":[]},"contributions":{},"includedScopes":[]},"contributions":{},"includedScopes":[]},"contributions":{},"includedScopes":[]},"sourceMap":{"end":{"column":42,"line":7,"offset":117},"start":{"column":33,"line":7,"offset":108}}},"scope":{"containerScope":{"containerScope":{"containerScope":{"containerScope":{"containerScope":{"containerScope":{"containerScope":{"contributions":{},"includedScopes":[]},"contributions":{},"includedScopes":[]},"contributions":{},"includedScopes":[{"containerScope":{"containerScope":{"containerScope":{"contributions":{},"includedScopes":[]},"contributions":{},"includedScopes":[]},"contributions":{},"includedScopes":[]},"contributions":{},"includedScopes":[]}]},"contributions":{},"includedScopes":[]},"contributions":{},"includedScopes":[]},"contributions":{},"includedScopes":[]},"contributions":{},"includedScopes":[]},"contributions":{},"includedScopes":[]},"sourceMap":{"end":{"column":45,"line":7,"offset":120},"start":{"column":33,"line":7,"offset":108}}}],"id":"391bc465-42bd-42b7-8409-0f25793ee3b6","message":"-","metadata":[],"receiver":{"args":[{"id":"3e2e9d2a-034b-4269-b0c5-b3d9f5875c52","metadata":[],"scope":{"containerScope":{"containerScope":{"containerScope":{"containerScope":{"containerScope":{"containerScope":{"containerScope":{"containerScope":{"contributions":{},"includedScopes":[]},"contributions":{},"includedScopes":[]},"contributions":{},"includedScopes":[{"containerScope":{"containerScope":{"containerScope":{"contributions":{},"includedScopes":[]},"contributions":{},"includedScopes":[]},"contributions":{},"includedScopes":[]},"contributions":{},"includedScopes":[]}]},"contributions":{},"includedScopes":[]},"contributions":{},"includedScopes":[]},"contributions":{},"includedScopes":[]},"contributions":{},"includedScopes":[]},"contributions":{},"includedScopes":[]},"contributions":{},"includedScopes":[]},"sourceMap":{"end":{"column":30,"line":7,"offset":105},"start":{"column":28,"line":7,"offset":103}},"value":10}],"id":"1264e08d-2f3e-456b-8c6a-5e8a2644eb9b","message":"-","metadata":[],"receiver":{"id":"d746ed70-8905-4b8d-b9cc-3de4050f17b2","metadata":[],"name":"energia","scope":{"containerScope":{"containerScope":{"containerScope":{"containerScope":{"containerScope":{"containerScope":{"containerScope":{"containerScope":{"contributions":{},"includedScopes":[]},"contributions":{},"includedScopes":[]},"contributions":{},"includedScopes":[{"containerScope":{"containerScope":{"containerScope":{"contributions":{},"includedScopes":[]},"contributions":{},"includedScopes":[]},"contributions":{},"includedScopes":[]},"contributions":{},"includedScopes":[]}]},"contributions":{},"includedScopes":[]},"contributions":{},"includedScopes":[]},"contributions":{},"includedScopes":[]},"contributions":{},"includedScopes":[]},"contributions":{},"includedScopes":[]},"contributions":{},"includedScopes":[]},"sourceMap":{"end":{"column":26,"line":7,"offset":101},"start":{"column":19,"line":7,"offset":94}}},"scope":{"containerScope":{"containerScope":{"containerScope":{"containerScope":{"containerScope":{"containerScope":{"containerScope":{"contributions":{},"includedScopes":[]},"contributions":{},"includedScopes":[]},"contributions":{},"includedScopes":[{"containerScope":{"containerScope":{"containerScope":{"contributions":{},"includedScopes":[]},"contributions":{},"includedScopes":[]},"contributions":{},"includedScopes":[]},"contributions":{},"includedScopes":[]}]},"contributions":{},"includedScopes":[]},"contributions":{},"includedScopes":[]},"contributions":{},"includedScopes":[]},"contributions":{},"includedScopes":[]},"contributions":{},"includedScopes":[]},"sourceMap":{"end":{"column":30,"line":7,"offset":105},"start":{"column":19,"line":7,"offset":94}}},"scope":{"containerScope":{"containerScope":{"containerScope":{"containerScope":{"containerScope":{"containerScope":{"contributions":{},"includedScopes":[]},"contributions":{},"includedScopes":[]},"contributions":{},"includedScopes":[{"containerScope":{"containerScope":{"containerScope":{"contributions":{},"includedScopes":[]},"contributions":{},"includedScopes":[]},"contributions":{},"includedScopes":[]},"contributions":{},"includedScopes":[]}]},"contributions":{},"includedScopes":[]},"contributions":{},"includedScopes":[]},"contributions":{},"includedScopes":[]},"contributions":{},"includedScopes":[]},"sourceMap":{"end":{"column":45,"line":7,"offset":120},"start":{"column":19,"line":7,"offset":94}}},"variable":{"id":"a1cfd862-bad7-4913-b4a7-24e978111b7f","metadata":[],"name":"energia","scope":{"containerScope":{"containerScope":{"containerScope":{"containerScope":{"containerScope":{"containerScope":{"contributions":{},"includedScopes":[]},"contributions":{},"includedScopes":[]},"contributions":{},"includedScopes":[{"containerScope":{"containerScope":{"containerScope":{"contributions":{},"includedScopes":[]},"contributions":{},"includedScopes":[]},"contributions":{},"includedScopes":[]},"contributions":{},"includedScopes":[]}]},"contributions":{},"includedScopes":[]},"contributions":{},"includedScopes":[]},"contributions":{},"includedScopes":[]},"contributions":{},"includedScopes":[]},"sourceMap":{"end":{"column":16,"line":7,"offset":91},"start":{"column":9,"line":7,"offset":84}}}}],"sourceMap":{"end":{"column":2,"line":9,"offset":125},"start":{"column":28,"line":5,"offset":71}}},"compiled":false,"id":"8eca8066-e585-4476-8383-fc64fe91bb4d","isOverride":false,"metadata":[],"name":"volar","parameters":[{"id":"aff86e2b-8ded-451b-b71b-d72511f662a2","isVarArg":false,"metadata":[],"name":"distancia","scope":{"containerScope":{"containerScope":{"containerScope":{"containerScope":{"contributions":{},"includedScopes":[]},"contributions":{},"includedScopes":[]},"contributions":{},"includedScopes":[{"containerScope":{"containerScope":{"containerScope":{"contributions":{},"includedScopes":[]},"contributions":{},"includedScopes":[]},"contributions":{},"includedScopes":[]},"contributions":{},"includedScopes":[]}]},"contributions":{},"includedScopes":[]},"contributions":{},"includedScopes":[]},"sourceMap":{"end":{"column":27,"line":5,"offset":70},"start":{"column":18,"line":5,"offset":61}}}],"problems":[],"scope":{"containerScope":{"containerScope":{"containerScope":{"contributions":{},"includedScopes":[]},"contributions":{},"includedScopes":[]},"contributions":{},"includedScopes":[{"containerScope":{"containerScope":{"containerScope":{"contributions":{},"includedScopes":[]},"contributions":{},"includedScopes":[]},"contributions":{},"includedScopes":[]},"contributions":{},"includedScopes":[]}]},"contributions":{},"includedScopes":[]},"sourceMap":{"end":{"column":2,"line":9,"offset":125},"start":{"column":5,"line":5,"offset":48}}},{"body":{"id":"7645aa92-3032-4910-a17f-a2bd25cceb01","metadata":[],"problems":[],"scope":{"containerScope":{"containerScope":{"containerScope":{"containerScope":{"contributions":{},"includedScopes":[]},"contributions":{},"includedScopes":[]},"contributions":{},"includedScopes":[{"containerScope":{"containerScope":{"containerScope":{"contributions":{},"includedScopes":[]},"contributions":{},"includedScopes":[]},"contributions":{},"includedScopes":[]},"contributions":{},"includedScopes":[]}]},"contributions":{},"includedScopes":[]},"contributions":{},"includedScopes":[]},"sentences":[{"id":"40d40317-3f4a-46ea-8ec5-cc525b045349","metadata":[],"scope":{"containerScope":{"containerScope":{"containerScope":{"containerScope":{"containerScope":{"contributions":{},"includedScopes":[]},"contributions":{},"includedScopes":[]},"contributions":{},"includedScopes":[{"containerScope":{"containerScope":{"containerScope":{"contributions":{},"includedScopes":[]},"contributions":{},"includedScopes":[]},"contributions":{},"includedScopes":[]},"contributions":{},"includedScopes":[]}]},"contributions":{},"includedScopes":[]},"contributions":{},"includedScopes":[]},"contributions":{},"includedScopes":[]},"sourceMap":{"end":{"column":31,"line":13,"offset":186},"start":{"column":9,"line":13,"offset":164}},"value":{"args":[{"id":"6fc5a306-f618-472c-9653-62734fd51653","metadata":[],"scope":{"containerScope":{"containerScope":{"containerScope":{"containerScope":{"containerScope":{"containerScope":{"containerScope":{"contributions":{},"includedScopes":[]},"contributions":{},"includedScopes":[]},"contributions":{},"includedScopes":[{"containerScope":{"containerScope":{"containerScope":{"contributions":{},"includedScopes":[]},"contributions":{},"includedScopes":[]},"contributions":{},"includedScopes":[]},"contributions":{},"includedScopes":[]}]},"contributions":{},"includedScopes":[]},"contributions":{},"includedScopes":[]},"contributions":{},"includedScopes":[]},"contributions":{},"includedScopes":[]},"contributions":{},"includedScopes":[]},"sourceMap":{"end":{"column":31,"line":13,"offset":186},"start":{"column":29,"line":13,"offset":184}},"value":10}],"id":"f06b85b6-4b8c-4ef8-b7b4-fdf10b23b84f","message":"+","metadata":[],"receiver":{"id":"0255062c-9277-4cc6-a528-fc14fdd5a095","metadata":[],"name":"energia","scope":{"containerScope":{"containerScope":{"containerScope":{"containerScope":{"containerScope":{"containerScope":{"containerScope":{"contributions":{},"includedScopes":[]},"contributions":{},"includedScopes":[]},"contributions":{},"includedScopes":[{"containerScope":{"containerScope":{"containerScope":{"contributions":{},"includedScopes":[]},"contributions":{},"includedScopes":[]},"contributions":{},"includedScopes":[]},"contributions":{},"includedScopes":[]}]},"contributions":{},"includedScopes":[]},"contributions":{},"includedScopes":[]},"contributions":{},"includedScopes":[]},"contributions":{},"includedScopes":[]},"contributions":{},"includedScopes":[]},"sourceMap":{"end":{"column":26,"line":13,"offset":181},"start":{"column":19,"line":13,"offset":174}}},"scope":{"containerScope":{"containerScope":{"containerScope":{"containerScope":{"containerScope":{"containerScope":{"contributions":{},"includedScopes":[]},"contributions":{},"includedScopes":[]},"contributions":{},"includedScopes":[{"containerScope":{"containerScope":{"containerScope":{"contributions":{},"includedScopes":[]},"contributions":{},"includedScopes":[]},"contributions":{},"includedScopes":[]},"contributions":{},"includedScopes":[]}]},"contributions":{},"includedScopes":[]},"contributions":{},"includedScopes":[]},"contributions":{},"includedScopes":[]},"contributions":{},"includedScopes":[]},"sourceMap":{"end":{"column":31,"line":13,"offset":186},"start":{"column":19,"line":13,"offset":174}}},"variable":{"id":"88a4a414-2dd6-47b3-8513-ca8bfb0f58e2","metadata":[],"name":"energia","scope":{"containerScope":{"containerScope":{"containerScope":{"containerScope":{"containerScope":{"containerScope":{"contributions":{},"includedScopes":[]},"contributions":{},"includedScopes":[]},"contributions":{},"includedScopes":[{"containerScope":{"containerScope":{"containerScope":{"contributions":{},"includedScopes":[]},"contributions":{},"includedScopes":[]},"contributions":{},"includedScopes":[]},"contributions":{},"includedScopes":[]}]},"contributions":{},"includedScopes":[]},"contributions":{},"includedScopes":[]},"contributions":{},"includedScopes":[]},"contributions":{},"includedScopes":[]},"sourceMap":{"end":{"column":16,"line":13,"offset":171},"start":{"column":9,"line":13,"offset":164}}}}],"sourceMap":{"end":{"column":2,"line":15,"offset":191},"start":{"column":23,"line":11,"offset":151}}},"compiled":false,"id":"f7452a3d-ac5f-41ed-bbc4-a305921f1285","isOverride":false,"metadata":[],"name":"descansar","parameters":[],"problems":[],"scope":{"containerScope":{"containerScope":{"containerScope":{"contributions":{},"includedScopes":[]},"contributions":{},"includedScopes":[]},"contributions":{},"includedScopes":[{"containerScope":{"containerScope":{"containerScope":{"contributions":{},"includedScopes":[]},"contributions":{},"includedScopes":[]},"contributions":{},"includedScopes":[]},"contributions":{},"includedScopes":[]}]},"contributions":{},"includedScopes":[]},"sourceMap":{"end":{"column":2,"line":15,"offset":191},"start":{"column":5,"line":11,"offset":133}}},{"body":{"id":"04422f88-84d2-4e87-9dd9-e280cffbe75c","metadata":[],"problems":[],"scope":{"containerScope":{"containerScope":{"containerScope":{"containerScope":{"contributions":{},"includedScopes":[]},"contributions":{},"includedScopes":[]},"contributions":{},"includedScopes":[{"containerScope":{"containerScope":{"containerScope":{"contributions":{},"includedScopes":[]},"contributions":{},"includedScopes":[]},"contributions":{},"includedScopes":[]},"contributions":{},"includedScopes":[]}]},"contributions":{},"includedScopes":[]},"contributions":{},"includedScopes":[]},"sentences":[{"id":"9f2054d5-7216-4b97-831e-62efd7901ea6","metadata":[],"scope":{"containerScope":{"containerScope":{"containerScope":{"containerScope":{"containerScope":{"contributions":{},"includedScopes":[]},"contributions":{},"includedScopes":[]},"contributions":{},"includedScopes":[{"containerScope":{"containerScope":{"containerScope":{"contributions":{},"includedScopes":[]},"contributions":{},"includedScopes":[]},"contributions":{},"includedScopes":[]},"contributions":{},"includedScopes":[]}]},"contributions":{},"includedScopes":[]},"contributions":{},"includedScopes":[]},"contributions":{},"includedScopes":[]},"sourceMap":{"end":{"column":55,"line":19,"offset":279},"start":{"column":9,"line":19,"offset":233}},"value":{"args":[{"args":[],"id":"ad801e7c-dd84-4731-9c54-4d0f42419e91","message":"energiaQueAporta","metadata":[],"receiver":{"id":"ac25ae3f-4db6-4193-8db3-e1a77d83a93f","metadata":[],"name":"alpiste","scope":{"containerScope":{"containerScope":{"containerScope":{"containerScope":{"containerScope":{"containerScope":{"containerScope":{"containerScope":{"contributions":{},"includedScopes":[]},"contributions":{},"includedScopes":[]},"contributions":{},"includedScopes":[{"containerScope":{"containerScope":{"containerScope":{"contributions":{},"includedScopes":[]},"contributions":{},"includedScopes":[]},"contributions":{},"includedScopes":[]},"contributions":{},"includedScopes":[]}]},"contributions":{},"includedScopes":[]},"contributions":{},"includedScopes":[]},"contributions":{},"includedScopes":[]},"contributions":{},"includedScopes":[]},"contributions":{},"includedScopes":[]},"contributions":{},"includedScopes":[]},"sourceMap":{"end":{"column":36,"line":19,"offset":260},"start":{"column":29,"line":19,"offset":253}}},"scope":{"containerScope":{"containerScope":{"containerScope":{"containerScope":{"containerScope":{"containerScope":{"containerScope":{"contributions":{},"includedScopes":[]},"contributions":{},"includedScopes":[]},"contributions":{},"includedScopes":[{"containerScope":{"containerScope":{"containerScope":{"contributions":{},"includedScopes":[]},"contributions":{},"includedScopes":[]},"contributions":{},"includedScopes":[]},"contributions":{},"includedScopes":[]}]},"contributions":{},"includedScopes":[]},"contributions":{},"includedScopes":[]},"contributions":{},"includedScopes":[]},"contributions":{},"includedScopes":[]},"contributions":{},"includedScopes":[]},"sourceMap":{"end":{"column":55,"line":19,"offset":279},"start":{"column":29,"line":19,"offset":253}}}],"id":"33f3a4a6-92b6-49ce-bba3-f94f430f56c1","message":"+","metadata":[],"receiver":{"id":"8f5526cc-c373-4669-b394-53772e410cc9","metadata":[],"name":"energia","scope":{"containerScope":{"containerScope":{"containerScope":{"containerScope":{"containerScope":{"containerScope":{"containerScope":{"contributions":{},"includedScopes":[]},"contributions":{},"includedScopes":[]},"contributions":{},"includedScopes":[{"containerScope":{"containerScope":{"containerScope":{"contributions":{},"includedScopes":[]},"contributions":{},"includedScopes":[]},"contributions":{},"includedScopes":[]},"contributions":{},"includedScopes":[]}]},"contributions":{},"includedScopes":[]},"contributions":{},"includedScopes":[]},"contributions":{},"includedScopes":[]},"contributions":{},"includedScopes":[]},"contributions":{},"includedScopes":[]},"sourceMap":{"end":{"column":26,"line":19,"offset":250},"start":{"column":19,"line":19,"offset":243}}},"scope":{"containerScope":{"containerScope":{"containerScope":{"containerScope":{"containerScope":{"containerScope":{"contributions":{},"includedScopes":[]},"contributions":{},"includedScopes":[]},"contributions":{},"includedScopes":[{"containerScope":{"containerScope":{"containerScope":{"contributions":{},"includedScopes":[]},"contributions":{},"includedScopes":[]},"contributions":{},"includedScopes":[]},"contributions":{},"includedScopes":[]}]},"contributions":{},"includedScopes":[]},"contributions":{},"includedScopes":[]},"contributions":{},"includedScopes":[]},"contributions":{},"includedScopes":[]},"sourceMap":{"end":{"column":55,"line":19,"offset":279},"start":{"column":19,"line":19,"offset":243}}},"variable":{"id":"34d2cbdd-39e7-4115-9023-6c4ae38be395","metadata":[],"name":"energia","scope":{"containerScope":{"containerScope":{"containerScope":{"containerScope":{"containerScope":{"containerScope":{"contributions":{},"includedScopes":[]},"contributions":{},"includedScopes":[]},"contributions":{},"includedScopes":[{"containerScope":{"containerScope":{"containerScope":{"contributions":{},"includedScopes":[]},"contributions":{},"includedScopes":[]},"contributions":{},"includedScopes":[]},"contributions":{},"includedScopes":[]}]},"contributions":{},"includedScopes":[]},"contributions":{},"includedScopes":[]},"contributions":{},"includedScopes":[]},"contributions":{},"includedScopes":[]},"sourceMap":{"end":{"column":16,"line":19,"offset":240},"start":{"column":9,"line":19,"offset":233}}}}],"sourceMap":{"end":{"column":2,"line":20,"offset":282},"start":{"column":26,"line":17,"offset":220}}},"compiled":false,"id":"bf2b15ab-94ac-4e60-9827-56d0ea02fdf4","isOverride":false,"metadata":[],"name":"comer","parameters":[{"id":"0abab15b-27d4-46ea-aa84-1b2eb0b37be0","isVarArg":false,"metadata":[],"name":"alpiste","scope":{"containerScope":{"containerScope":{"containerScope":{"containerScope":{"contributions":{},"includedScopes":[]},"contributions":{},"includedScopes":[]},"contributions":{},"includedScopes":[{"containerScope":{"containerScope":{"containerScope":{"contributions":{},"includedScopes":[]},"contributions":{},"includedScopes":[]},"contributions":{},"includedScopes":[]},"contributions":{},"includedScopes":[]}]},"contributions":{},"includedScopes":[]},"contributions":{},"includedScopes":[]},"sourceMap":{"end":{"column":25,"line":17,"offset":219},"start":{"column":18,"line":17,"offset":212}}}],"problems":[],"scope":{"containerScope":{"containerScope":{"containerScope":{"contributions":{},"includedScopes":[]},"contributions":{},"includedScopes":[]},"contributions":{},"includedScopes":[{"containerScope":{"containerScope":{"containerScope":{"contributions":{},"includedScopes":[]},"contributions":{},"includedScopes":[]},"contributions":{},"includedScopes":[]},"contributions":{},"includedScopes":[]}]},"contributions":{},"includedScopes":[]},"sourceMap":{"end":{"column":2,"line":20,"offset":282},"start":{"column":5,"line":17,"offset":199}}},{"body":{"id":"05296816-d853-4d28-9d38-ca54862a7cfc","metadata":[],"problems":[],"scope":{"containerScope":{"containerScope":{"containerScope":{"containerScope":{"contributions":{},"includedScopes":[]},"contributions":{},"includedScopes":[]},"contributions":{},"includedScopes":[{"containerScope":{"containerScope":{"containerScope":{"contributions":{},"includedScopes":[]},"contributions":{},"includedScopes":[]},"contributions":{},"includedScopes":[]},"contributions":{},"includedScopes":[]}]},"contributions":{},"includedScopes":[]},"contributions":{},"includedScopes":[]},"sentences":[{"id":"3c2ed6bf-ccc2-4f0b-974e-689f1e8ed3ab","metadata":[],"scope":{"containerScope":{"containerScope":{"containerScope":{"containerScope":{"containerScope":{"contributions":{},"includedScopes":[]},"contributions":{},"includedScopes":[]},"contributions":{},"includedScopes":[{"containerScope":{"containerScope":{"containerScope":{"contributions":{},"includedScopes":[]},"contributions":{},"includedScopes":[]},"contributions":{},"includedScopes":[]},"contributions":{},"includedScopes":[]}]},"contributions":{},"includedScopes":[]},"contributions":{},"includedScopes":[]},"contributions":{},"includedScopes":[]},"sourceMap":{"end":{"column":28,"line":25,"offset":340},"start":{"column":9,"line":25,"offset":321}},"value":{"args":[{"id":"31d6f585-d8ce-48ee-94c1-88213779e0f6","metadata":[],"scope":{"containerScope":{"containerScope":{"containerScope":{"containerScope":{"containerScope":{"containerScope":{"containerScope":{"contributions":{},"includedScopes":[]},"contributions":{},"includedScopes":[]},"contributions":{},"includedScopes":[{"containerScope":{"containerScope":{"containerScope":{"contributions":{},"includedScopes":[]},"contributions":{},"includedScopes":[]},"contributions":{},"includedScopes":[]},"contributions":{},"includedScopes":[]}]},"contributions":{},"includedScopes":[]},"contributions":{},"includedScopes":[]},"contributions":{},"includedScopes":[]},"contributions":{},"includedScopes":[]},"contributions":{},"includedScopes":[]},"sourceMap":{"end":{"column":28,"line":25,"offset":340},"start":{"column":26,"line":25,"offset":338}},"value":30}],"id":"1c967ca6-3d6d-4fe1-a598-dc6bf71a80c6","message":"<","metadata":[],"receiver":{"id":"3fce331e-4229-4399-9838-38615d7ce315","metadata":[],"name":"energia","scope":{"containerScope":{"containerScope":{"containerScope":{"containerScope":{"containerScope":{"containerScope":{"containerScope":{"contributions":{},"includedScopes":[]},"contributions":{},"includedScopes":[]},"contributions":{},"includedScopes":[{"containerScope":{"containerScope":{"containerScope":{"contributions":{},"includedScopes":[]},"contributions":{},"includedScopes":[]},"contributions":{},"includedScopes":[]},"contributions":{},"includedScopes":[]}]},"contributions":{},"includedScopes":[]},"contributions":{},"includedScopes":[]},"contributions":{},"includedScopes":[]},"contributions":{},"includedScopes":[]},"contributions":{},"includedScopes":[]},"sourceMap":{"end":{"column":23,"line":25,"offset":335},"start":{"column":16,"line":25,"offset":328}}},"scope":{"containerScope":{"containerScope":{"containerScope":{"containerScope":{"containerScope":{"containerScope":{"contributions":{},"includedScopes":[]},"contributions":{},"includedScopes":[]},"contributions":{},"includedScopes":[{"containerScope":{"containerScope":{"containerScope":{"contributions":{},"includedScopes":[]},"contributions":{},"includedScopes":[]},"contributions":{},"includedScopes":[]},"contributions":{},"includedScopes":[]}]},"contributions":{},"includedScopes":[]},"contributions":{},"includedScopes":[]},"contributions":{},"includedScopes":[]},"contributions":{},"includedScopes":[]},"sourceMap":{"end":{"column":28,"line":25,"offset":340},"start":{"column":16,"line":25,"offset":328}}}}],"sourceMap":{"end":{"column":6,"line":27,"offset":349},"start":{"column":21,"line":23,"offset":308}}},"compiled":false,"id":"4b8521d4-483a-4d5a-a0e2-2cc41f8e9893","isOverride":false,"metadata":[],"name":"cansada","parameters":[],"problems":[],"scope":{"containerScope":{"containerScope":{"containerScope":{"contributions":{},"includedScopes":[]},"contributions":{},"includedScopes":[]},"contributions":{},"includedScopes":[{"containerScope":{"containerScope":{"containerScope":{"contributions":{},"includedScopes":[]},"contributions":{},"includedScopes":[]},"contributions":{},"includedScopes":[]},"contributions":{},"includedScopes":[]}]},"contributions":{},"includedScopes":[]},"sourceMap":{"end":{"column":6,"line":27,"offset":349},"start":{"column":5,"line":23,"offset":292}}}],"metadata":[],"name":"pepita","problems":[],"scope":{"containerScope":{"containerScope":{"contributions":{},"includedScopes":[]},"contributions":{},"includedScopes":[]},"contributions":{},"includedScopes":[{"containerScope":{"containerScope":{"containerScope":{"contributions":{},"includedScopes":[]},"contributions":{},"includedScopes":[]},"contributions":{},"includedScopes":[]},"contributions":{},"includedScopes":[]}]},"sourceMap":{"end":{"column":2,"line":29,"offset":354},"start":{"column":1,"line":1,"offset":0}},"supertypes":[]},{"id":"996a160a-3cb3-4f67-81bc-8185ac999ca8","members":[{"body":{"id":"379cbee4-21de-4281-8eba-453f7eaa8175","metadata":[],"problems":[],"scope":{"containerScope":{"containerScope":{"containerScope":{"containerScope":{"contributions":{},"includedScopes":[]},"contributions":{},"includedScopes":[]},"contributions":{},"includedScopes":[{"containerScope":{"containerScope":{"containerScope":{"contributions":{},"includedScopes":[]},"contributions":{},"includedScopes":[]},"contributions":{},"includedScopes":[]},"contributions":{},"includedScopes":[]}]},"contributions":{},"includedScopes":[]},"contributions":{},"includedScopes":[]},"sentences":[{"id":"cdda523a-a6d5-4767-a490-5fcb1dd960a5","metadata":[],"scope":{"containerScope":{"containerScope":{"containerScope":{"containerScope":{"containerScope":{"contributions":{},"includedScopes":[]},"contributions":{},"includedScopes":[]},"contributions":{},"includedScopes":[{"containerScope":{"containerScope":{"containerScope":{"contributions":{},"includedScopes":[]},"contributions":{},"includedScopes":[]},"contributions":{},"includedScopes":[]},"contributions":{},"includedScopes":[]}]},"contributions":{},"includedScopes":[]},"contributions":{},"includedScopes":[]},"contributions":{},"includedScopes":[]},"sourceMap":{"end":{"column":18,"line":38,"offset":438},"start":{"column":9,"line":38,"offset":429}},"value":{"id":"5ca439a3-1dbb-469f-a478-592a19db236b","metadata":[],"scope":{"containerScope":{"containerScope":{"containerScope":{"containerScope":{"containerScope":{"containerScope":{"contributions":{},"includedScopes":[]},"contributions":{},"includedScopes":[]},"contributions":{},"includedScopes":[{"containerScope":{"containerScope":{"containerScope":{"contributions":{},"includedScopes":[]},"contributions":{},"includedScopes":[]},"contributions":{},"includedScopes":[]},"contributions":{},"includedScopes":[]}]},"contributions":{},"includedScopes":[]},"contributions":{},"includedScopes":[]},"contributions":{},"includedScopes":[]},"contributions":{},"includedScopes":[]},"sourceMap":{"end":{"column":18,"line":38,"offset":438},"start":{"column":16,"line":38,"offset":436}},"value":25}}],"sourceMap":{"end":{"column":6,"line":40,"offset":447},"start":{"column":30,"line":36,"offset":416}}},"compiled":false,"id":"8dc82e13-078e-4e35-a606-0e16a6f8d1ce","isOverride":false,"metadata":[],"name":"energiaQueAporta","parameters":[],"problems":[],"scope":{"containerScope":{"containerScope":{"containerScope":{"contributions":{},"includedScopes":[]},"contributions":{},"includedScopes":[]},"contributions":{},"includedScopes":[{"containerScope":{"containerScope":{"containerScope":{"contributions":{},"includedScopes":[]},"contributions":{},"includedScopes":[]},"contributions":{},"includedScopes":[]},"contributions":{},"includedScopes":[]}]},"contributions":{},"includedScopes":[]},"sourceMap":{"end":{"column":6,"line":40,"offset":447},"start":{"column":5,"line":36,"offset":391}}}],"metadata":[],"name":"alpiste","problems":[],"scope":{"containerScope":{"containerScope":{"contributions":{},"includedScopes":[]},"contributions":{},"includedScopes":[]},"contributions":{},"includedScopes":[{"containerScope":{"containerScope":{"containerScope":{"contributions":{},"includedScopes":[]},"contributions":{},"includedScopes":[]},"contributions":{},"includedScopes":[]},"contributions":{},"includedScopes":[]}]},"sourceMap":{"end":{"column":2,"line":42,"offset":452},"start":{"column":1,"line":33,"offset":362}},"supertypes":[]}],"metadata":[],"name":"pepita","problems":[{"code":"malformedEntity","sourceMap":{"end":{"column":2,"line":54,"offset":592},"start":{"column":1,"line":45,"offset":458}}}],"scope":{"containerScope":{"contributions":{},"includedScopes":[]},"contributions":{},"includedScopes":[]}},"stack":"Error: Failed to print, found malformed node\n    at c:\\Users\\lukas\\.vscode\\extensions\\uqbar.wollok-lsp-ide-0.5.4\\out\\server\\src\\server.js:68:3585\n    at Kbn (c:\\Users\\lukas\\.vscode\\extensions\\uqbar.wollok-lsp-ide-0.5.4\\out\\server\\src\\server.js:68:3396)\n    at c:\\Users\\lukas\\.vscode\\extensions\\uqbar.wollok-lsp-ide-0.5.4\\out\\server\\src\\server.js:2398:847\n    at c:\\Users\\lukas\\.vscode\\extensions\\uqbar.wollok-lsp-ide-0.5.4\\out\\server\\src\\server.js:2398:8440\n    at c:\\Users\\lukas\\.vscode\\extensions\\uqbar.wollok-lsp-ide-0.5.4\\out\\server\\src\\server.js:37:74770\n    at Ke (c:\\Users\\lukas\\.vscode\\extensions\\uqbar.wollok-lsp-ide-0.5.4\\out\\server\\src\\server.js:7:8527)\n    at Lt (c:\\Users\\lukas\\.vscode\\extensions\\uqbar.wollok-lsp-ide-0.5.4\\out\\server\\src\\server.js:7:6189)\n    at ct (c:\\Users\\lukas\\.vscode\\extensions\\uqbar.wollok-lsp-ide-0.5.4\\out\\server\\src\\server.js:7:6378)\n    at Immediate._onImmediate (c:\\Users\\lukas\\.vscode\\extensions\\uqbar.wollok-lsp-ide-0.5.4\\out\\server\\src\\server.js:7:6142)\n    at process.processImmediate (node:internal/timers:504:21)","timestamp":"2026-08-14T13:03:21.672Z"}
{"level":"error","message":"✘ Failed to rebuild document Failed to parse pepita.wlk: \n-- PARSING FAILED --------------------------------------------------\n\n  53 |     }\n  54 | \n> 55 | }\n     | ^\n\nExpected one of the following: \n\n'@', 'class', 'const', 'describe', 'mixin', 'object', 'only', 'package', 'program', 'test', 'var', '{', EOF, comment, not \"}\", whitespace\n","stack":"Error: Failed to parse pepita.wlk: \n-- PARSING FAILED --------------------------------------------------\n\n  53 |     }\n  54 | \n> 55 | }\n     | ^\n\nExpected one of the following: \n\n'@', 'class', 'const', 'describe', 'mixin', 'object', 'only', 'package', 'program', 'test', 'var', '{', EOF, comment, not \"}\", whitespace\n\n    at c:\\Users\\lukas\\.vscode\\extensions\\uqbar.wollok-lsp-ide-0.5.4\\out\\server\\src\\server.js:2353:13026\n    at Array.map (<anonymous>)\n    at U1n (c:\\Users\\lukas\\.vscode\\extensions\\uqbar.wollok-lsp-ide-0.5.4\\out\\server\\src\\server.js:2353:12950)\n    at H2.buildEnvironmentFrom (c:\\Users\\lukas\\.vscode\\extensions\\uqbar.wollok-lsp-ide-0.5.4\\out\\server\\src\\server.js:2398:5254)\n    at H2.updateEnvironmentWith (c:\\Users\\lukas\\.vscode\\extensions\\uqbar.wollok-lsp-ide-0.5.4\\out\\server\\src\\server.js:2398:4989)\n    at GF (c:\\Users\\lukas\\.vscode\\extensions\\uqbar.wollok-lsp-ide-0.5.4\\out\\server\\src\\server.js:2398:7383)\n    at V3.invoke (c:\\Users\\lukas\\.vscode\\extensions\\uqbar.wollok-lsp-ide-0.5.4\\out\\server\\src\\server.js:3:157328)\n    at o.fire (c:\\Users\\lukas\\.vscode\\extensions\\uqbar.wollok-lsp-ide-0.5.4\\out\\server\\src\\server.js:3:158098)\n    at c:\\Users\\lukas\\.vscode\\extensions\\uqbar.wollok-lsp-ide-0.5.4\\out\\server\\src\\server.js:37:57871\n    at nd (c:\\Users\\lukas\\.vscode\\extensions\\uqbar.wollok-lsp-ide-0.5.4\\out\\server\\src\\server.js:8:1561)","timestamp":"2026-08-14T13:03:23.284Z"}
{"level":"error","message":"✘ Failed to rebuild document Failed to parse pepita.wlk: \n-- PARSING FAILED --------------------------------------------------\n\n  53 |     }\n  54 | \n> 55 | }\n     | ^\n\nExpected one of the following: \n\n'@', 'class', 'const', 'describe', 'mixin', 'object', 'only', 'package', 'program', 'test', 'var', '{', EOF, comment, not \"}\", whitespace\n","stack":"Error: Failed to parse pepita.wlk: \n-- PARSING FAILED --------------------------------------------------\n\n  53 |     }\n  54 | \n> 55 | }\n     | ^\n\nExpected one of the following: \n\n'@', 'class', 'const', 'describe', 'mixin', 'object', 'only', 'package', 'program', 'test', 'var', '{', EOF, comment, not \"}\", whitespace\n\n    at c:\\Users\\lukas\\.vscode\\extensions\\uqbar.wollok-lsp-ide-0.5.4\\out\\server\\src\\server.js:2353:13026\n    at Array.map (<anonymous>)\n    at U1n (c:\\Users\\lukas\\.vscode\\extensions\\uqbar.wollok-lsp-ide-0.5.4\\out\\server\\src\\server.js:2353:12950)\n    at H2.buildEnvironmentFrom (c:\\Users\\lukas\\.vscode\\extensions\\uqbar.wollok-lsp-ide-0.5.4\\out\\server\\src\\server.js:2398:5254)\n    at H2.updateEnvironmentWith (c:\\Users\\lukas\\.vscode\\extensions\\uqbar.wollok-lsp-ide-0.5.4\\out\\server\\src\\server.js:2398:4989)\n    at GF (c:\\Users\\lukas\\.vscode\\extensions\\uqbar.wollok-lsp-ide-0.5.4\\out\\server\\src\\server.js:2398:7383)\n    at V3.invoke (c:\\Users\\lukas\\.vscode\\extensions\\uqbar.wollok-lsp-ide-0.5.4\\out\\server\\src\\server.js:3:157328)\n    at o.fire (c:\\Users\\lukas\\.vscode\\extensions\\uqbar.wollok-lsp-ide-0.5.4\\out\\server\\src\\server.js:3:158098)\n    at c:\\Users\\lukas\\.vscode\\extensions\\uqbar.wollok-lsp-ide-0.5.4\\out\\server\\src\\server.js:37:57871\n    at nd (c:\\Users\\lukas\\.vscode\\extensions\\uqbar.wollok-lsp-ide-0.5.4\\out\\server\\src\\server.js:8:1561)","timestamp":"2026-08-14T13:03:23.468Z"}
{"level":"error","message":"✘ Failed to get type description: Error: Failed to print, found malformed node Failed to print, found malformed node","node":{"fileName":"pepita.wlk","id":"7f6be2cd-cde2-4d6b-a03c-53685cff9c15","imports":[],"members":[{"id":"9c3b6605-2456-48d5-88a8-fd515cdd3981","members":[{"id":"def95f53-4331-41e9-aef8-478f60000c2d","isConstant":false,"isProperty":false,"metadata":[],"name":"energia","scope":{"containerScope":{"containerScope":{"containerScope":{"contributions":{},"includedScopes":[]},"contributions":{},"includedScopes":[]},"contributions":{},"includedScopes":[{"containerScope":{"containerScope":{"containerScope":{"contributions":{},"includedScopes":[]},"contributions":{},"includedScopes":[]},"contributions":{},"includedScopes":[]},"contributions":{},"includedScopes":[]}]},"contributions":{},"includedScopes":[]},"sourceMap":{"end":{"column":22,"line":3,"offset":40},"start":{"column":5,"line":3,"offset":23}},"value":{"id":"aaafcfbd-1935-42d2-9eac-b4e3b8acca07","metadata":[],"scope":{"containerScope":{"containerScope":{"containerScope":{"containerScope":{"contributions":{},"includedScopes":[]},"contributions":{},"includedScopes":[]},"contributions":{},"includedScopes":[{"containerScope":{"containerScope":{"containerScope":{"contributions":{},"includedScopes":[]},"contributions":{},"includedScopes":[]},"contributions":{},"includedScopes":[]},"contributions":{},"includedScopes":[]}]},"contributions":{},"includedScopes":[]},"contributions":{},"includedScopes":[]},"sourceMap":{"end":{"column":22,"line":3,"offset":40},"start":{"column":19,"line":3,"offset":37}},"value":100}},{"body":{"id":"c21d5d57-19c4-4343-900c-331400d48b19","metadata":[],"problems":[],"scope":{"containerScope":{"containerScope":{"containerScope":{"containerScope":{"contributions":{},"includedScopes":[]},"contributions":{},"includedScopes":[]},"contributions":{},"includedScopes":[{"containerScope":{"containerScope":{"containerScope":{"contributions":{},"includedScopes":[]},"contributions":{},"includedScopes":[]},"contributions":{},"includedScopes":[]},"contributions":{},"includedScopes":[]}]},"contributions":{},"includedScopes":[]},"contributions":{},"includedScopes":[]},"sentences":[{"id":"6416d5e6-217f-4b7e-95eb-aa57df1e00c6","metadata":[],"scope":{"containerScope":{"containerScope":{"containerScope":{"containerScope":{"containerScope":{"contributions":{},"includedScopes":[]},"contributions":{},"includedScopes":[]},"contributions":{},"includedScopes":[{"containerScope":{"containerScope":{"containerScope":{"contributions":{},"includedScopes":[]},"contributions":{},"includedScopes":[]},"contributions":{},"includedScopes":[]},"contributions":{},"includedScopes":[]}]},"contributions":{},"includedScopes":[]},"contributions":{},"includedScopes":[]},"contributions":{},"includedScopes":[]},"sourceMap":{"end":{"column":45,"line":7,"offset":120},"start":{"column":9,"line":7,"offset":84}},"value":{"args":[{"args":[{"id":"c0f0183d-d00c-4bdc-b258-21b85792803f","metadata":[],"scope":{"containerScope":{"containerScope":{"containerScope":{"containerScope":{"containerScope":{"containerScope":{"containerScope":{"containerScope":{"contributions":{},"includedScopes":[]},"contributions":{},"includedScopes":[]},"contributions":{},"includedScopes":[{"containerScope":{"containerScope":{"containerScope":{"contributions":{},"includedScopes":[]},"contributions":{},"includedScopes":[]},"contributions":{},"includedScopes":[]},"contributions":{},"includedScopes":[]}]},"contributions":{},"includedScopes":[]},"contributions":{},"includedScopes":[]},"contributions":{},"includedScopes":[]},"contributions":{},"includedScopes":[]},"contributions":{},"includedScopes":[]},"contributions":{},"includedScopes":[]},"sourceMap":{"end":{"column":45,"line":7,"offset":120},"start":{"column":43,"line":7,"offset":118}},"value":10}],"id":"c8b272bd-303b-4521-9d03-be3cd8f781c1","message":"/","metadata":[],"receiver":{"id":"793b13b3-3bc5-4a1e-8af8-7f34225fd1b5","metadata":[],"name":"distancia","scope":{"containerScope":{"containerScope":{"containerScope":{"containerScope":{"containerScope":{"containerScope":{"containerScope":{"containerScope":{"contributions":{},"includedScopes":[]},"contributions":{},"includedScopes":[]},"contributions":{},"includedScopes":[{"containerScope":{"containerScope":{"containerScope":{"contributions":{},"includedScopes":[]},"contributions":{},"includedScopes":[]},"contributions":{},"includedScopes":[]},"contributions":{},"includedScopes":[]}]},"contributions":{},"includedScopes":[]},"contributions":{},"includedScopes":[]},"contributions":{},"includedScopes":[]},"contributions":{},"includedScopes":[]},"contributions":{},"includedScopes":[]},"contributions":{},"includedScopes":[]},"sourceMap":{"end":{"column":42,"line":7,"offset":117},"start":{"column":33,"line":7,"offset":108}}},"scope":{"containerScope":{"containerScope":{"containerScope":{"containerScope":{"containerScope":{"containerScope":{"containerScope":{"contributions":{},"includedScopes":[]},"contributions":{},"includedScopes":[]},"contributions":{},"includedScopes":[{"containerScope":{"containerScope":{"containerScope":{"contributions":{},"includedScopes":[]},"contributions":{},"includedScopes":[]},"contributions":{},"includedScopes":[]},"contributions":{},"includedScopes":[]}]},"contributions":{},"includedScopes":[]},"contributions":{},"includedScopes":[]},"contributions":{},"includedScopes":[]},"contributions":{},"includedScopes":[]},"contributions":{},"includedScopes":[]},"sourceMap":{"end":{"column":45,"line":7,"offset":120},"start":{"column":33,"line":7,"offset":108}}}],"id":"391bc465-42bd-42b7-8409-0f25793ee3b6","message":"-","metadata":[],"receiver":{"args":[{"id":"3e2e9d2a-034b-4269-b0c5-b3d9f5875c52","metadata":[],"scope":{"containerScope":{"containerScope":{"containerScope":{"containerScope":{"containerScope":{"containerScope":{"containerScope":{"containerScope":{"contributions":{},"includedScopes":[]},"contributions":{},"includedScopes":[]},"contributions":{},"includedScopes":[{"containerScope":{"containerScope":{"containerScope":{"contributions":{},"includedScopes":[]},"contributions":{},"includedScopes":[]},"contributions":{},"includedScopes":[]},"contributions":{},"includedScopes":[]}]},"contributions":{},"includedScopes":[]},"contributions":{},"includedScopes":[]},"contributions":{},"includedScopes":[]},"contributions":{},"includedScopes":[]},"contributions":{},"includedScopes":[]},"contributions":{},"includedScopes":[]},"sourceMap":{"end":{"column":30,"line":7,"offset":105},"start":{"column":28,"line":7,"offset":103}},"value":10}],"id":"1264e08d-2f3e-456b-8c6a-5e8a2644eb9b","message":"-","metadata":[],"receiver":{"id":"d746ed70-8905-4b8d-b9cc-3de4050f17b2","metadata":[],"name":"energia","scope":{"containerScope":{"containerScope":{"containerScope":{"containerScope":{"containerScope":{"containerScope":{"containerScope":{"containerScope":{"contributions":{},"includedScopes":[]},"contributions":{},"includedScopes":[]},"contributions":{},"includedScopes":[{"containerScope":{"containerScope":{"containerScope":{"contributions":{},"includedScopes":[]},"contributions":{},"includedScopes":[]},"contributions":{},"includedScopes":[]},"contributions":{},"includedScopes":[]}]},"contributions":{},"includedScopes":[]},"contributions":{},"includedScopes":[]},"contributions":{},"includedScopes":[]},"contributions":{},"includedScopes":[]},"contributions":{},"includedScopes":[]},"contributions":{},"includedScopes":[]},"sourceMap":{"end":{"column":26,"line":7,"offset":101},"start":{"column":19,"line":7,"offset":94}}},"scope":{"containerScope":{"containerScope":{"containerScope":{"containerScope":{"containerScope":{"containerScope":{"containerScope":{"contributions":{},"includedScopes":[]},"contributions":{},"includedScopes":[]},"contributions":{},"includedScopes":[{"containerScope":{"containerScope":{"containerScope":{"contributions":{},"includedScopes":[]},"contributions":{},"includedScopes":[]},"contributions":{},"includedScopes":[]},"contributions":{},"includedScopes":[]}]},"contributions":{},"includedScopes":[]},"contributions":{},"includedScopes":[]},"contributions":{},"includedScopes":[]},"contributions":{},"includedScopes":[]},"contributions":{},"includedScopes":[]},"sourceMap":{"end":{"column":30,"line":7,"offset":105},"start":{"column":19,"line":7,"offset":94}}},"scope":{"containerScope":{"containerScope":{"containerScope":{"containerScope":{"containerScope":{"containerScope":{"contributions":{},"includedScopes":[]},"contributions":{},"includedScopes":[]},"contributions":{},"includedScopes":[{"containerScope":{"containerScope":{"containerScope":{"contributions":{},"includedScopes":[]},"contributions":{},"includedScopes":[]},"contributions":{},"includedScopes":[]},"contributions":{},"includedScopes":[]}]},"contributions":{},"includedScopes":[]},"contributions":{},"includedScopes":[]},"contributions":{},"includedScopes":[]},"contributions":{},"includedScopes":[]},"sourceMap":{"end":{"column":45,"line":7,"offset":120},"start":{"column":19,"line":7,"offset":94}}},"variable":{"id":"a1cfd862-bad7-4913-b4a7-24e978111b7f","metadata":[],"name":"energia","scope":{"containerScope":{"containerScope":{"containerScope":{"containerScope":{"containerScope":{"containerScope":{"contributions":{},"includedScopes":[]},"contributions":{},"includedScopes":[]},"contributions":{},"includedScopes":[{"containerScope":{"containerScope":{"containerScope":{"contributions":{},"includedScopes":[]},"contributions":{},"includedScopes":[]},"contributions":{},"includedScopes":[]},"contributions":{},"includedScopes":[]}]},"contributions":{},"includedScopes":[]},"contributions":{},"includedScopes":[]},"contributions":{},"includedScopes":[]},"contributions":{},"includedScopes":[]},"sourceMap":{"end":{"column":16,"line":7,"offset":91},"start":{"column":9,"line":7,"offset":84}}}}],"sourceMap":{"end":{"column":2,"line":9,"offset":125},"start":{"column":28,"line":5,"offset":71}}},"compiled":false,"id":"8eca8066-e585-4476-8383-fc64fe91bb4d","isOverride":false,"metadata":[],"name":"volar","parameters":[{"id":"aff86e2b-8ded-451b-b71b-d72511f662a2","isVarArg":false,"metadata":[],"name":"distancia","scope":{"containerScope":{"containerScope":{"containerScope":{"containerScope":{"contributions":{},"includedScopes":[]},"contributions":{},"includedScopes":[]},"contributions":{},"includedScopes":[{"containerScope":{"containerScope":{"containerScope":{"contributions":{},"includedScopes":[]},"contributions":{},"includedScopes":[]},"contributions":{},"includedScopes":[]},"contributions":{},"includedScopes":[]}]},"contributions":{},"includedScopes":[]},"contributions":{},"includedScopes":[]},"sourceMap":{"end":{"column":27,"line":5,"offset":70},"start":{"column":18,"line":5,"offset":61}}}],"problems":[],"scope":{"containerScope":{"containerScope":{"containerScope":{"contributions":{},"includedScopes":[]},"contributions":{},"includedScopes":[]},"contributions":{},"includedScopes":[{"containerScope":{"containerScope":{"containerScope":{"contributions":{},"includedScopes":[]},"contributions":{},"includedScopes":[]},"contributions":{},"includedScopes":[]},"contributions":{},"includedScopes":[]}]},"contributions":{},"includedScopes":[]},"sourceMap":{"end":{"column":2,"line":9,"offset":125},"start":{"column":5,"line":5,"offset":48}}},{"body":{"id":"7645aa92-3032-4910-a17f-a2bd25cceb01","metadata":[],"problems":[],"scope":{"containerScope":{"containerScope":{"containerScope":{"containerScope":{"contributions":{},"includedScopes":[]},"contributions":{},"includedScopes":[]},"contributions":{},"includedScopes":[{"containerScope":{"containerScope":{"containerScope":{"contributions":{},"includedScopes":[]},"contributions":{},"includedScopes":[]},"contributions":{},"includedScopes":[]},"contributions":{},"includedScopes":[]}]},"contributions":{},"includedScopes":[]},"contributions":{},"includedScopes":[]},"sentences":[{"id":"40d40317-3f4a-46ea-8ec5-cc525b045349","metadata":[],"scope":{"containerScope":{"containerScope":{"containerScope":{"containerScope":{"containerScope":{"contributions":{},"includedScopes":[]},"contributions":{},"includedScopes":[]},"contributions":{},"includedScopes":[{"containerScope":{"containerScope":{"containerScope":{"contributions":{},"includedScopes":[]},"contributions":{},"includedScopes":[]},"contributions":{},"includedScopes":[]},"contributions":{},"includedScopes":[]}]},"contributions":{},"includedScopes":[]},"contributions":{},"includedScopes":[]},"contributions":{},"includedScopes":[]},"sourceMap":{"end":{"column":31,"line":13,"offset":186},"start":{"column":9,"line":13,"offset":164}},"value":{"args":[{"id":"6fc5a306-f618-472c-9653-62734fd51653","metadata":[],"scope":{"containerScope":{"containerScope":{"containerScope":{"containerScope":{"containerScope":{"containerScope":{"containerScope":{"contributions":{},"includedScopes":[]},"contributions":{},"includedScopes":[]},"contributions":{},"includedScopes":[{"containerScope":{"containerScope":{"containerScope":{"contributions":{},"includedScopes":[]},"contributions":{},"includedScopes":[]},"contributions":{},"includedScopes":[]},"contributions":{},"includedScopes":[]}]},"contributions":{},"includedScopes":[]},"contributions":{},"includedScopes":[]},"contributions":{},"includedScopes":[]},"contributions":{},"includedScopes":[]},"contributions":{},"includedScopes":[]},"sourceMap":{"end":{"column":31,"line":13,"offset":186},"start":{"column":29,"line":13,"offset":184}},"value":10}],"id":"f06b85b6-4b8c-4ef8-b7b4-fdf10b23b84f","message":"+","metadata":[],"receiver":{"id":"0255062c-9277-4cc6-a528-fc14fdd5a095","metadata":[],"name":"energia","scope":{"containerScope":{"containerScope":{"containerScope":{"containerScope":{"containerScope":{"containerScope":{"containerScope":{"contributions":{},"includedScopes":[]},"contributions":{},"includedScopes":[]},"contributions":{},"includedScopes":[{"containerScope":{"containerScope":{"containerScope":{"contributions":{},"includedScopes":[]},"contributions":{},"includedScopes":[]},"contributions":{},"includedScopes":[]},"contributions":{},"includedScopes":[]}]},"contributions":{},"includedScopes":[]},"contributions":{},"includedScopes":[]},"contributions":{},"includedScopes":[]},"contributions":{},"includedScopes":[]},"contributions":{},"includedScopes":[]},"sourceMap":{"end":{"column":26,"line":13,"offset":181},"start":{"column":19,"line":13,"offset":174}}},"scope":{"containerScope":{"containerScope":{"containerScope":{"containerScope":{"containerScope":{"containerScope":{"contributions":{},"includedScopes":[]},"contributions":{},"includedScopes":[]},"contributions":{},"includedScopes":[{"containerScope":{"containerScope":{"containerScope":{"contributions":{},"includedScopes":[]},"contributions":{},"includedScopes":[]},"contributions":{},"includedScopes":[]},"contributions":{},"includedScopes":[]}]},"contributions":{},"includedScopes":[]},"contributions":{},"includedScopes":[]},"contributions":{},"includedScopes":[]},"contributions":{},"includedScopes":[]},"sourceMap":{"end":{"column":31,"line":13,"offset":186},"start":{"column":19,"line":13,"offset":174}}},"variable":{"id":"88a4a414-2dd6-47b3-8513-ca8bfb0f58e2","metadata":[],"name":"energia","scope":{"containerScope":{"containerScope":{"containerScope":{"containerScope":{"containerScope":{"containerScope":{"contributions":{},"includedScopes":[]},"contributions":{},"includedScopes":[]},"contributions":{},"includedScopes":[{"containerScope":{"containerScope":{"containerScope":{"contributions":{},"includedScopes":[]},"contributions":{},"includedScopes":[]},"contributions":{},"includedScopes":[]},"contributions":{},"includedScopes":[]}]},"contributions":{},"includedScopes":[]},"contributions":{},"includedScopes":[]},"contributions":{},"includedScopes":[]},"contributions":{},"includedScopes":[]},"sourceMap":{"end":{"column":16,"line":13,"offset":171},"start":{"column":9,"line":13,"offset":164}}}}],"sourceMap":{"end":{"column":2,"line":15,"offset":191},"start":{"column":23,"line":11,"offset":151}}},"compiled":false,"id":"f7452a3d-ac5f-41ed-bbc4-a305921f1285","isOverride":false,"metadata":[],"name":"descansar","parameters":[],"problems":[],"scope":{"containerScope":{"containerScope":{"containerScope":{"contributions":{},"includedScopes":[]},"contributions":{},"includedScopes":[]},"contributions":{},"includedScopes":[{"containerScope":{"containerScope":{"containerScope":{"contributions":{},"includedScopes":[]},"contributions":{},"includedScopes":[]},"contributions":{},"includedScopes":[]},"contributions":{},"includedScopes":[]}]},"contributions":{},"includedScopes":[]},"sourceMap":{"end":{"column":2,"line":15,"offset":191},"start":{"column":5,"line":11,"offset":133}}},{"body":{"id":"04422f88-84d2-4e87-9dd9-e280cffbe75c","metadata":[],"problems":[],"scope":{"containerScope":{"containerScope":{"containerScope":{"containerScope":{"contributions":{},"includedScopes":[]},"contributions":{},"includedScopes":[]},"contributions":{},"includedScopes":[{"containerScope":{"containerScope":{"containerScope":{"contributions":{},"includedScopes":[]},"contributions":{},"includedScopes":[]},"contributions":{},"includedScopes":[]},"contributions":{},"includedScopes":[]}]},"contributions":{},"includedScopes":[]},"contributions":{},"includedScopes":[]},"sentences":[{"id":"9f2054d5-7216-4b97-831e-62efd7901ea6","metadata":[],"scope":{"containerScope":{"containerScope":{"containerScope":{"containerScope":{"containerScope":{"contributions":{},"includedScopes":[]},"contributions":{},"includedScopes":[]},"contributions":{},"includedScopes":[{"containerScope":{"containerScope":{"containerScope":{"contributions":{},"includedScopes":[]},"contributions":{},"includedScopes":[]},"contributions":{},"includedScopes":[]},"contributions":{},"includedScopes":[]}]},"contributions":{},"includedScopes":[]},"contributions":{},"includedScopes":[]},"contributions":{},"includedScopes":[]},"sourceMap":{"end":{"column":55,"line":19,"offset":279},"start":{"column":9,"line":19,"offset":233}},"value":{"args":[{"args":[],"id":"ad801e7c-dd84-4731-9c54-4d0f42419e91","message":"energiaQueAporta","metadata":[],"receiver":{"id":"ac25ae3f-4db6-4193-8db3-e1a77d83a93f","metadata":[],"name":"alpiste","scope":{"containerScope":{"containerScope":{"containerScope":{"containerScope":{"containerScope":{"containerScope":{"containerScope":{"containerScope":{"contributions":{},"includedScopes":[]},"contributions":{},"includedScopes":[]},"contributions":{},"includedScopes":[{"containerScope":{"containerScope":{"containerScope":{"contributions":{},"includedScopes":[]},"contributions":{},"includedScopes":[]},"contributions":{},"includedScopes":[]},"contributions":{},"includedScopes":[]}]},"contributions":{},"includedScopes":[]},"contributions":{},"includedScopes":[]},"contributions":{},"includedScopes":[]},"contributions":{},"includedScopes":[]},"contributions":{},"includedScopes":[]},"contributions":{},"includedScopes":[]},"sourceMap":{"end":{"column":36,"line":19,"offset":260},"start":{"column":29,"line":19,"offset":253}}},"scope":{"containerScope":{"containerScope":{"containerScope":{"containerScope":{"containerScope":{"containerScope":{"containerScope":{"contributions":{},"includedScopes":[]},"contributions":{},"includedScopes":[]},"contributions":{},"includedScopes":[{"containerScope":{"containerScope":{"containerScope":{"contributions":{},"includedScopes":[]},"contributions":{},"includedScopes":[]},"contributions":{},"includedScopes":[]},"contributions":{},"includedScopes":[]}]},"contributions":{},"includedScopes":[]},"contributions":{},"includedScopes":[]},"contributions":{},"includedScopes":[]},"contributions":{},"includedScopes":[]},"contributions":{},"includedScopes":[]},"sourceMap":{"end":{"column":55,"line":19,"offset":279},"start":{"column":29,"line":19,"offset":253}}}],"id":"33f3a4a6-92b6-49ce-bba3-f94f430f56c1","message":"+","metadata":[],"receiver":{"id":"8f5526cc-c373-4669-b394-53772e410cc9","metadata":[],"name":"energia","scope":{"containerScope":{"containerScope":{"containerScope":{"containerScope":{"containerScope":{"containerScope":{"containerScope":{"contributions":{},"includedScopes":[]},"contributions":{},"includedScopes":[]},"contributions":{},"includedScopes":[{"containerScope":{"containerScope":{"containerScope":{"contributions":{},"includedScopes":[]},"contributions":{},"includedScopes":[]},"contributions":{},"includedScopes":[]},"contributions":{},"includedScopes":[]}]},"contributions":{},"includedScopes":[]},"contributions":{},"includedScopes":[]},"contributions":{},"includedScopes":[]},"contributions":{},"includedScopes":[]},"contributions":{},"includedScopes":[]},"sourceMap":{"end":{"column":26,"line":19,"offset":250},"start":{"column":19,"line":19,"offset":243}}},"scope":{"containerScope":{"containerScope":{"containerScope":{"containerScope":{"containerScope":{"containerScope":{"contributions":{},"includedScopes":[]},"contributions":{},"includedScopes":[]},"contributions":{},"includedScopes":[{"containerScope":{"containerScope":{"containerScope":{"contributions":{},"includedScopes":[]},"contributions":{},"includedScopes":[]},"contributions":{},"includedScopes":[]},"contributions":{},"includedScopes":[]}]},"contributions":{},"includedScopes":[]},"contributions":{},"includedScopes":[]},"contributions":{},"includedScopes":[]},"contributions":{},"includedScopes":[]},"sourceMap":{"end":{"column":55,"line":19,"offset":279},"start":{"column":19,"line":19,"offset":243}}},"variable":{"id":"34d2cbdd-39e7-4115-9023-6c4ae38be395","metadata":[],"name":"energia","scope":{"containerScope":{"containerScope":{"containerScope":{"containerScope":{"containerScope":{"containerScope":{"contributions":{},"includedScopes":[]},"contributions":{},"includedScopes":[]},"contributions":{},"includedScopes":[{"containerScope":{"containerScope":{"containerScope":{"contributions":{},"includedScopes":[]},"contributions":{},"includedScopes":[]},"contributions":{},"includedScopes":[]},"contributions":{},"includedScopes":[]}]},"contributions":{},"includedScopes":[]},"contributions":{},"includedScopes":[]},"contributions":{},"includedScopes":[]},"contributions":{},"includedScopes":[]},"sourceMap":{"end":{"column":16,"line":19,"offset":240},"start":{"column":9,"line":19,"offset":233}}}}],"sourceMap":{"end":{"column":2,"line":20,"offset":282},"start":{"column":26,"line":17,"offset":220}}},"compiled":false,"id":"bf2b15ab-94ac-4e60-9827-56d0ea02fdf4","isOverride":false,"metadata":[],"name":"comer","parameters":[{"id":"0abab15b-27d4-46ea-aa84-1b2eb0b37be0","isVarArg":false,"metadata":[],"name":"alpiste","scope":{"containerScope":{"containerScope":{"containerScope":{"containerScope":{"contributions":{},"includedScopes":[]},"contributions":{},"includedScopes":[]},"contributions":{},"includedScopes":[{"containerScope":{"containerScope":{"containerScope":{"contributions":{},"includedScopes":[]},"contributions":{},"includedScopes":[]},"contributions":{},"includedScopes":[]},"contributions":{},"includedScopes":[]}]},"contributions":{},"includedScopes":[]},"contributions":{},"includedScopes":[]},"sourceMap":{"end":{"column":25,"line":17,"offset":219},"start":{"column":18,"line":17,"offset":212}}}],"problems":[],"scope":{"containerScope":{"containerScope":{"containerScope":{"contributions":{},"includedScopes":[]},"contributions":{},"includedScopes":[]},"contributions":{},"includedScopes":[{"containerScope":{"containerScope":{"containerScope":{"contributions":{},"includedScopes":[]},"contributions":{},"includedScopes":[]},"contributions":{},"includedScopes":[]},"contributions":{},"includedScopes":[]}]},"contributions":{},"includedScopes":[]},"sourceMap":{"end":{"column":2,"line":20,"offset":282},"start":{"column":5,"line":17,"offset":199}}},{"body":{"id":"05296816-d853-4d28-9d38-ca54862a7cfc","metadata":[],"problems":[],"scope":{"containerScope":{"containerScope":{"containerScope":{"containerScope":{"contributions":{},"includedScopes":[]},"contributions":{},"includedScopes":[]},"contributions":{},"includedScopes":[{"containerScope":{"containerScope":{"containerScope":{"contributions":{},"includedScopes":[]},"contributions":{},"includedScopes":[]},"contributions":{},"includedScopes":[]},"contributions":{},"includedScopes":[]}]},"contributions":{},"includedScopes":[]},"contributions":{},"includedScopes":[]},"sentences":[{"id":"3c2ed6bf-ccc2-4f0b-974e-689f1e8ed3ab","metadata":[],"scope":{"containerScope":{"containerScope":{"containerScope":{"containerScope":{"containerScope":{"contributions":{},"includedScopes":[]},"contributions":{},"includedScopes":[]},"contributions":{},"includedScopes":[{"containerScope":{"containerScope":{"containerScope":{"contributions":{},"includedScopes":[]},"contributions":{},"includedScopes":[]},"contributions":{},"includedScopes":[]},"contributions":{},"includedScopes":[]}]},"contributions":{},"includedScopes":[]},"contributions":{},"includedScopes":[]},"contributions":{},"includedScopes":[]},"sourceMap":{"end":{"column":28,"line":25,"offset":340},"start":{"column":9,"line":25,"offset":321}},"value":{"args":[{"id":"31d6f585-d8ce-48ee-94c1-88213779e0f6","metadata":[],"scope":{"containerScope":{"containerScope":{"containerScope":{"containerScope":{"containerScope":{"containerScope":{"containerScope":{"contributions":{},"includedScopes":[]},"contributions":{},"includedScopes":[]},"contributions":{},"includedScopes":[{"containerScope":{"containerScope":{"containerScope":{"contributions":{},"includedScopes":[]},"contributions":{},"includedScopes":[]},"contributions":{},"includedScopes":[]},"contributions":{},"includedScopes":[]}]},"contributions":{},"includedScopes":[]},"contributions":{},"includedScopes":[]},"contributions":{},"includedScopes":[]},"contributions":{},"includedScopes":[]},"contributions":{},"includedScopes":[]},"sourceMap":{"end":{"column":28,"line":25,"offset":340},"start":{"column":26,"line":25,"offset":338}},"value":30}],"id":"1c967ca6-3d6d-4fe1-a598-dc6bf71a80c6","message":"<","metadata":[],"receiver":{"id":"3fce331e-4229-4399-9838-38615d7ce315","metadata":[],"name":"energia","scope":{"containerScope":{"containerScope":{"containerScope":{"containerScope":{"containerScope":{"containerScope":{"containerScope":{"contributions":{},"includedScopes":[]},"contributions":{},"includedScopes":[]},"contributions":{},"includedScopes":[{"containerScope":{"containerScope":{"containerScope":{"contributions":{},"includedScopes":[]},"contributions":{},"includedScopes":[]},"contributions":{},"includedScopes":[]},"contributions":{},"includedScopes":[]}]},"contributions":{},"includedScopes":[]},"contributions":{},"includedScopes":[]},"contributions":{},"includedScopes":[]},"contributions":{},"includedScopes":[]},"contributions":{},"includedScopes":[]},"sourceMap":{"end":{"column":23,"line":25,"offset":335},"start":{"column":16,"line":25,"offset":328}}},"scope":{"containerScope":{"containerScope":{"containerScope":{"containerScope":{"containerScope":{"containerScope":{"contributions":{},"includedScopes":[]},"contributions":{},"includedScopes":[]},"contributions":{},"includedScopes":[{"containerScope":{"containerScope":{"containerScope":{"contributions":{},"includedScopes":[]},"contributions":{},"includedScopes":[]},"contributions":{},"includedScopes":[]},"contributions":{},"includedScopes":[]}]},"contributions":{},"includedScopes":[]},"contributions":{},"includedScopes":[]},"contributions":{},"includedScopes":[]},"contributions":{},"includedScopes":[]},"sourceMap":{"end":{"column":28,"line":25,"offset":340},"start":{"column":16,"line":25,"offset":328}}}}],"sourceMap":{"end":{"column":6,"line":27,"offset":349},"start":{"column":21,"line":23,"offset":308}}},"compiled":false,"id":"4b8521d4-483a-4d5a-a0e2-2cc41f8e9893","isOverride":false,"metadata":[],"name":"cansada","parameters":[],"problems":[],"scope":{"containerScope":{"containerScope":{"containerScope":{"contributions":{},"includedScopes":[]},"contributions":{},"includedScopes":[]},"contributions":{},"includedScopes":[{"containerScope":{"containerScope":{"containerScope":{"contributions":{},"includedScopes":[]},"contributions":{},"includedScopes":[]},"contributions":{},"includedScopes":[]},"contributions":{},"includedScopes":[]}]},"contributions":{},"includedScopes":[]},"sourceMap":{"end":{"column":6,"line":27,"offset":349},"start":{"column":5,"line":23,"offset":292}}}],"metadata":[],"name":"pepita","problems":[],"scope":{"containerScope":{"containerScope":{"contributions":{},"includedScopes":[]},"contributions":{},"includedScopes":[]},"contributions":{},"includedScopes":[{"containerScope":{"containerScope":{"containerScope":{"contributions":{},"includedScopes":[]},"contributions":{},"includedScopes":[]},"contributions":{},"includedScopes":[]},"contributions":{},"includedScopes":[]}]},"sourceMap":{"end":{"column":2,"line":29,"offset":354},"start":{"column":1,"line":1,"offset":0}},"supertypes":[]},{"id":"996a160a-3cb3-4f67-81bc-8185ac999ca8","members":[{"body":{"id":"379cbee4-21de-4281-8eba-453f7eaa8175","metadata":[],"problems":[],"scope":{"containerScope":{"containerScope":{"containerScope":{"containerScope":{"contributions":{},"includedScopes":[]},"contributions":{},"includedScopes":[]},"contributions":{},"includedScopes":[{"containerScope":{"containerScope":{"containerScope":{"contributions":{},"includedScopes":[]},"contributions":{},"includedScopes":[]},"contributions":{},"includedScopes":[]},"contributions":{},"includedScopes":[]}]},"contributions":{},"includedScopes":[]},"contributions":{},"includedScopes":[]},"sentences":[{"id":"cdda523a-a6d5-4767-a490-5fcb1dd960a5","metadata":[],"scope":{"containerScope":{"containerScope":{"containerScope":{"containerScope":{"containerScope":{"contributions":{},"includedScopes":[]},"contributions":{},"includedScopes":[]},"contributions":{},"includedScopes":[{"containerScope":{"containerScope":{"containerScope":{"contributions":{},"includedScopes":[]},"contributions":{},"includedScopes":[]},"contributions":{},"includedScopes":[]},"contributions":{},"includedScopes":[]}]},"contributions":{},"includedScopes":[]},"contributions":{},"includedScopes":[]},"contributions":{},"includedScopes":[]},"sourceMap":{"end":{"column":18,"line":38,"offset":438},"start":{"column":9,"line":38,"offset":429}},"value":{"id":"5ca439a3-1dbb-469f-a478-592a19db236b","metadata":[],"scope":{"containerScope":{"containerScope":{"containerScope":{"containerScope":{"containerScope":{"containerScope":{"contributions":{},"includedScopes":[]},"contributions":{},"includedScopes":[]},"contributions":{},"includedScopes":[{"containerScope":{"containerScope":{"containerScope":{"contributions":{},"includedScopes":[]},"contributions":{},"includedScopes":[]},"contributions":{},"includedScopes":[]},"contributions":{},"includedScopes":[]}]},"contributions":{},"includedScopes":[]},"contributions":{},"includedScopes":[]},"contributions":{},"includedScopes":[]},"contributions":{},"includedScopes":[]},"sourceMap":{"end":{"column":18,"line":38,"offset":438},"start":{"column":16,"line":38,"offset":436}},"value":25}}],"sourceMap":{"end":{"column":6,"line":40,"offset":447},"start":{"column":30,"line":36,"offset":416}}},"compiled":false,"id":"8dc82e13-078e-4e35-a606-0e16a6f8d1ce","isOverride":false,"metadata":[],"name":"energiaQueAporta","parameters":[],"problems":[],"scope":{"containerScope":{"containerScope":{"containerScope":{"contributions":{},"includedScopes":[]},"contributions":{},"includedScopes":[]},"contributions":{},"includedScopes":[{"containerScope":{"containerScope":{"containerScope":{"contributions":{},"includedScopes":[]},"contributions":{},"includedScopes":[]},"contributions":{},"includedScopes":[]},"contributions":{},"includedScopes":[]}]},"contributions":{},"includedScopes":[]},"sourceMap":{"end":{"column":6,"line":40,"offset":447},"start":{"column":5,"line":36,"offset":391}}}],"metadata":[],"name":"alpiste","problems":[],"scope":{"containerScope":{"containerScope":{"contributions":{},"includedScopes":[]},"contributions":{},"includedScopes":[]},"contributions":{},"includedScopes":[{"containerScope":{"containerScope":{"containerScope":{"contributions":{},"includedScopes":[]},"contributions":{},"includedScopes":[]},"contributions":{},"includedScopes":[]},"contributions":{},"includedScopes":[]}]},"sourceMap":{"end":{"column":2,"line":42,"offset":452},"start":{"column":1,"line":33,"offset":362}},"supertypes":[]}],"metadata":[],"name":"pepita","problems":[{"code":"malformedEntity","sourceMap":{"end":{"column":2,"line":54,"offset":592},"start":{"column":1,"line":45,"offset":458}}}],"scope":{"containerScope":{"contributions":{},"includedScopes":[]},"contributions":{},"includedScopes":[]}},"stack":"Error: Failed to print, found malformed node\n    at c:\\Users\\lukas\\.vscode\\extensions\\uqbar.wollok-lsp-ide-0.5.4\\out\\server\\src\\server.js:68:3585\n    at Kbn (c:\\Users\\lukas\\.vscode\\extensions\\uqbar.wollok-lsp-ide-0.5.4\\out\\server\\src\\server.js:68:3396)\n    at c:\\Users\\lukas\\.vscode\\extensions\\uqbar.wollok-lsp-ide-0.5.4\\out\\server\\src\\server.js:2398:847\n    at c:\\Users\\lukas\\.vscode\\extensions\\uqbar.wollok-lsp-ide-0.5.4\\out\\server\\src\\server.js:2398:8440\n    at c:\\Users\\lukas\\.vscode\\extensions\\uqbar.wollok-lsp-ide-0.5.4\\out\\server\\src\\server.js:37:74770\n    at Ke (c:\\Users\\lukas\\.vscode\\extensions\\uqbar.wollok-lsp-ide-0.5.4\\out\\server\\src\\server.js:7:8527)\n    at Lt (c:\\Users\\lukas\\.vscode\\extensions\\uqbar.wollok-lsp-ide-0.5.4\\out\\server\\src\\server.js:7:6189)\n    at ct (c:\\Users\\lukas\\.vscode\\extensions\\uqbar.wollok-lsp-ide-0.5.4\\out\\server\\src\\server.js:7:6378)\n    at Immediate._onImmediate (c:\\Users\\lukas\\.vscode\\extensions\\uqbar.wollok-lsp-ide-0.5.4\\out\\server\\src\\server.js:7:6142)\n    at process.processImmediate (node:internal/timers:504:21)","timestamp":"2026-08-14T13:03:25.333Z"}
{"level":"error","message":"✘ Failed to get type description: Error: Failed to print, found malformed node Failed to print, found malformed node","node":{"fileName":"pepita.wlk","id":"7f6be2cd-cde2-4d6b-a03c-53685cff9c15","imports":[],"members":[{"id":"9c3b6605-2456-48d5-88a8-fd515cdd3981","members":[{"id":"def95f53-4331-41e9-aef8-478f60000c2d","isConstant":false,"isProperty":false,"metadata":[],"name":"energia","scope":{"containerScope":{"containerScope":{"containerScope":{"contributions":{},"includedScopes":[]},"contributions":{},"includedScopes":[]},"contributions":{},"includedScopes":[{"containerScope":{"containerScope":{"containerScope":{"contributions":{},"includedScopes":[]},"contributions":{},"includedScopes":[]},"contributions":{},"includedScopes":[]},"contributions":{},"includedScopes":[]}]},"contributions":{},"includedScopes":[]},"sourceMap":{"end":{"column":22,"line":3,"offset":40},"start":{"column":5,"line":3,"offset":23}},"value":{"id":"aaafcfbd-1935-42d2-9eac-b4e3b8acca07","metadata":[],"scope":{"containerScope":{"containerScope":{"containerScope":{"containerScope":{"contributions":{},"includedScopes":[]},"contributions":{},"includedScopes":[]},"contributions":{},"includedScopes":[{"containerScope":{"containerScope":{"containerScope":{"contributions":{},"includedScopes":[]},"contributions":{},"includedScopes":[]},"contributions":{},"includedScopes":[]},"contributions":{},"includedScopes":[]}]},"contributions":{},"includedScopes":[]},"contributions":{},"includedScopes":[]},"sourceMap":{"end":{"column":22,"line":3,"offset":40},"start":{"column":19,"line":3,"offset":37}},"value":100}},{"body":{"id":"c21d5d57-19c4-4343-900c-331400d48b19","metadata":[],"problems":[],"scope":{"containerScope":{"containerScope":{"containerScope":{"containerScope":{"contributions":{},"includedScopes":[]},"contributions":{},"includedScopes":[]},"contributions":{},"includedScopes":[{"containerScope":{"containerScope":{"containerScope":{"contributions":{},"includedScopes":[]},"contributions":{},"includedScopes":[]},"contributions":{},"includedScopes":[]},"contributions":{},"includedScopes":[]}]},"contributions":{},"includedScopes":[]},"contributions":{},"includedScopes":[]},"sentences":[{"id":"6416d5e6-217f-4b7e-95eb-aa57df1e00c6","metadata":[],"scope":{"containerScope":{"containerScope":{"containerScope":{"containerScope":{"containerScope":{"contributions":{},"includedScopes":[]},"contributions":{},"includedScopes":[]},"contributions":{},"includedScopes":[{"containerScope":{"containerScope":{"containerScope":{"contributions":{},"includedScopes":[]},"contributions":{},"includedScopes":[]},"contributions":{},"includedScopes":[]},"contributions":{},"includedScopes":[]}]},"contributions":{},"includedScopes":[]},"contributions":{},"includedScopes":[]},"contributions":{},"includedScopes":[]},"sourceMap":{"end":{"column":45,"line":7,"offset":120},"start":{"column":9,"line":7,"offset":84}},"value":{"args":[{"args":[{"id":"c0f0183d-d00c-4bdc-b258-21b85792803f","metadata":[],"scope":{"containerScope":{"containerScope":{"containerScope":{"containerScope":{"containerScope":{"containerScope":{"containerScope":{"containerScope":{"contributions":{},"includedScopes":[]},"contributions":{},"includedScopes":[]},"contributions":{},"includedScopes":[{"containerScope":{"containerScope":{"containerScope":{"contributions":{},"includedScopes":[]},"contributions":{},"includedScopes":[]},"contributions":{},"includedScopes":[]},"contributions":{},"includedScopes":[]}]},"contributions":{},"includedScopes":[]},"contributions":{},"includedScopes":[]},"contributions":{},"includedScopes":[]},"contributions":{},"includedScopes":[]},"contributions":{},"includedScopes":[]},"contributions":{},"includedScopes":[]},"sourceMap":{"end":{"column":45,"line":7,"offset":120},"start":{"column":43,"line":7,"offset":118}},"value":10}],"id":"c8b272bd-303b-4521-9d03-be3cd8f781c1","message":"/","metadata":[],"receiver":{"id":"793b13b3-3bc5-4a1e-8af8-7f34225fd1b5","metadata":[],"name":"distancia","scope":{"containerScope":{"containerScope":{"containerScope":{"containerScope":{"containerScope":{"containerScope":{"containerScope":{"containerScope":{"contributions":{},"includedScopes":[]},"contributions":{},"includedScopes":[]},"contributions":{},"includedScopes":[{"containerScope":{"containerScope":{"containerScope":{"contributions":{},"includedScopes":[]},"contributions":{},"includedScopes":[]},"contributions":{},"includedScopes":[]},"contributions":{},"includedScopes":[]}]},"contributions":{},"includedScopes":[]},"contributions":{},"includedScopes":[]},"contributions":{},"includedScopes":[]},"contributions":{},"includedScopes":[]},"contributions":{},"includedScopes":[]},"contributions":{},"includedScopes":[]},"sourceMap":{"end":{"column":42,"line":7,"offset":117},"start":{"column":33,"line":7,"offset":108}}},"scope":{"containerScope":{"containerScope":{"containerScope":{"containerScope":{"containerScope":{"containerScope":{"containerScope":{"contributions":{},"includedScopes":[]},"contributions":{},"includedScopes":[]},"contributions":{},"includedScopes":[{"containerScope":{"containerScope":{"containerScope":{"contributions":{},"includedScopes":[]},"contributions":{},"includedScopes":[]},"contributions":{},"includedScopes":[]},"contributions":{},"includedScopes":[]}]},"contributions":{},"includedScopes":[]},"contributions":{},"includedScopes":[]},"contributions":{},"includedScopes":[]},"contributions":{},"includedScopes":[]},"contributions":{},"includedScopes":[]},"sourceMap":{"end":{"column":45,"line":7,"offset":120},"start":{"column":33,"line":7,"offset":108}}}],"id":"391bc465-42bd-42b7-8409-0f25793ee3b6","message":"-","metadata":[],"receiver":{"args":[{"id":"3e2e9d2a-034b-4269-b0c5-b3d9f5875c52","metadata":[],"scope":{"containerScope":{"containerScope":{"containerScope":{"containerScope":{"containerScope":{"containerScope":{"containerScope":{"containerScope":{"contributions":{},"includedScopes":[]},"contributions":{},"includedScopes":[]},"contributions":{},"includedScopes":[{"containerScope":{"containerScope":{"containerScope":{"contributions":{},"includedScopes":[]},"contributions":{},"includedScopes":[]},"contributions":{},"includedScopes":[]},"contributions":{},"includedScopes":[]}]},"contributions":{},"includedScopes":[]},"contributions":{},"includedScopes":[]},"contributions":{},"includedScopes":[]},"contributions":{},"includedScopes":[]},"contributions":{},"includedScopes":[]},"contributions":{},"includedScopes":[]},"sourceMap":{"end":{"column":30,"line":7,"offset":105},"start":{"column":28,"line":7,"offset":103}},"value":10}],"id":"1264e08d-2f3e-456b-8c6a-5e8a2644eb9b","message":"-","metadata":[],"receiver":{"id":"d746ed70-8905-4b8d-b9cc-3de4050f17b2","metadata":[],"name":"energia","scope":{"containerScope":{"containerScope":{"containerScope":{"containerScope":{"containerScope":{"containerScope":{"containerScope":{"containerScope":{"contributions":{},"includedScopes":[]},"contributions":{},"includedScopes":[]},"contributions":{},"includedScopes":[{"containerScope":{"containerScope":{"containerScope":{"contributions":{},"includedScopes":[]},"contributions":{},"includedScopes":[]},"contributions":{},"includedScopes":[]},"contributions":{},"includedScopes":[]}]},"contributions":{},"includedScopes":[]},"contributions":{},"includedScopes":[]},"contributions":{},"includedScopes":[]},"contributions":{},"includedScopes":[]},"contributions":{},"includedScopes":[]},"contributions":{},"includedScopes":[]},"sourceMap":{"end":{"column":26,"line":7,"offset":101},"start":{"column":19,"line":7,"offset":94}}},"scope":{"containerScope":{"containerScope":{"containerScope":{"containerScope":{"containerScope":{"containerScope":{"containerScope":{"contributions":{},"includedScopes":[]},"contributions":{},"includedScopes":[]},"contributions":{},"includedScopes":[{"containerScope":{"containerScope":{"containerScope":{"contributions":{},"includedScopes":[]},"contributions":{},"includedScopes":[]},"contributions":{},"includedScopes":[]},"contributions":{},"includedScopes":[]}]},"contributions":{},"includedScopes":[]},"contributions":{},"includedScopes":[]},"contributions":{},"includedScopes":[]},"contributions":{},"includedScopes":[]},"contributions":{},"includedScopes":[]},"sourceMap":{"end":{"column":30,"line":7,"offset":105},"start":{"column":19,"line":7,"offset":94}}},"scope":{"containerScope":{"containerScope":{"containerScope":{"containerScope":{"containerScope":{"containerScope":{"contributions":{},"includedScopes":[]},"contributions":{},"includedScopes":[]},"contributions":{},"includedScopes":[{"containerScope":{"containerScope":{"containerScope":{"contributions":{},"includedScopes":[]},"contributions":{},"includedScopes":[]},"contributions":{},"includedScopes":[]},"contributions":{},"includedScopes":[]}]},"contributions":{},"includedScopes":[]},"contributions":{},"includedScopes":[]},"contributions":{},"includedScopes":[]},"contributions":{},"includedScopes":[]},"sourceMap":{"end":{"column":45,"line":7,"offset":120},"start":{"column":19,"line":7,"offset":94}}},"variable":{"id":"a1cfd862-bad7-4913-b4a7-24e978111b7f","metadata":[],"name":"energia","scope":{"containerScope":{"containerScope":{"containerScope":{"containerScope":{"containerScope":{"containerScope":{"contributions":{},"includedScopes":[]},"contributions":{},"includedScopes":[]},"contributions":{},"includedScopes":[{"containerScope":{"containerScope":{"containerScope":{"contributions":{},"includedScopes":[]},"contributions":{},"includedScopes":[]},"contributions":{},"includedScopes":[]},"contributions":{},"includedScopes":[]}]},"contributions":{},"includedScopes":[]},"contributions":{},"includedScopes":[]},"contributions":{},"includedScopes":[]},"contributions":{},"includedScopes":[]},"sourceMap":{"end":{"column":16,"line":7,"offset":91},"start":{"column":9,"line":7,"offset":84}}}}],"sourceMap":{"end":{"column":2,"line":9,"offset":125},"start":{"column":28,"line":5,"offset":71}}},"compiled":false,"id":"8eca8066-e585-4476-8383-fc64fe91bb4d","isOverride":false,"metadata":[],"name":"volar","parameters":[{"id":"aff86e2b-8ded-451b-b71b-d72511f662a2","isVarArg":false,"metadata":[],"name":"distancia","scope":{"containerScope":{"containerScope":{"containerScope":{"containerScope":{"contributions":{},"includedScopes":[]},"contributions":{},"includedScopes":[]},"contributions":{},"includedScopes":[{"containerScope":{"containerScope":{"containerScope":{"contributions":{},"includedScopes":[]},"contributions":{},"includedScopes":[]},"contributions":{},"includedScopes":[]},"contributions":{},"includedScopes":[]}]},"contributions":{},"includedScopes":[]},"contributions":{},"includedScopes":[]},"sourceMap":{"end":{"column":27,"line":5,"offset":70},"start":{"column":18,"line":5,"offset":61}}}],"problems":[],"scope":{"containerScope":{"containerScope":{"containerScope":{"contributions":{},"includedScopes":[]},"contributions":{},"includedScopes":[]},"contributions":{},"includedScopes":[{"containerScope":{"containerScope":{"containerScope":{"contributions":{},"includedScopes":[]},"contributions":{},"includedScopes":[]},"contributions":{},"includedScopes":[]},"contributions":{},"includedScopes":[]}]},"contributions":{},"includedScopes":[]},"sourceMap":{"end":{"column":2,"line":9,"offset":125},"start":{"column":5,"line":5,"offset":48}}},{"body":{"id":"7645aa92-3032-4910-a17f-a2bd25cceb01","metadata":[],"problems":[],"scope":{"containerScope":{"containerScope":{"containerScope":{"containerScope":{"contributions":{},"includedScopes":[]},"contributions":{},"includedScopes":[]},"contributions":{},"includedScopes":[{"containerScope":{"containerScope":{"containerScope":{"contributions":{},"includedScopes":[]},"contributions":{},"includedScopes":[]},"contributions":{},"includedScopes":[]},"contributions":{},"includedScopes":[]}]},"contributions":{},"includedScopes":[]},"contributions":{},"includedScopes":[]},"sentences":[{"id":"40d40317-3f4a-46ea-8ec5-cc525b045349","metadata":[],"scope":{"containerScope":{"containerScope":{"containerScope":{"containerScope":{"containerScope":{"contributions":{},"includedScopes":[]},"contributions":{},"includedScopes":[]},"contributions":{},"includedScopes":[{"containerScope":{"containerScope":{"containerScope":{"contributions":{},"includedScopes":[]},"contributions":{},"includedScopes":[]},"contributions":{},"includedScopes":[]},"contributions":{},"includedScopes":[]}]},"contributions":{},"includedScopes":[]},"contributions":{},"includedScopes":[]},"contributions":{},"includedScopes":[]},"sourceMap":{"end":{"column":31,"line":13,"offset":186},"start":{"column":9,"line":13,"offset":164}},"value":{"args":[{"id":"6fc5a306-f618-472c-9653-62734fd51653","metadata":[],"scope":{"containerScope":{"containerScope":{"containerScope":{"containerScope":{"containerScope":{"containerScope":{"containerScope":{"contributions":{},"includedScopes":[]},"contributions":{},"includedScopes":[]},"contributions":{},"includedScopes":[{"containerScope":{"containerScope":{"containerScope":{"contributions":{},"includedScopes":[]},"contributions":{},"includedScopes":[]},"contributions":{},"includedScopes":[]},"contributions":{},"includedScopes":[]}]},"contributions":{},"includedScopes":[]},"contributions":{},"includedScopes":[]},"contributions":{},"includedScopes":[]},"contributions":{},"includedScopes":[]},"contributions":{},"includedScopes":[]},"sourceMap":{"end":{"column":31,"line":13,"offset":186},"start":{"column":29,"line":13,"offset":184}},"value":10}],"id":"f06b85b6-4b8c-4ef8-b7b4-fdf10b23b84f","message":"+","metadata":[],"receiver":{"id":"0255062c-9277-4cc6-a528-fc14fdd5a095","metadata":[],"name":"energia","scope":{"containerScope":{"containerScope":{"containerScope":{"containerScope":{"containerScope":{"containerScope":{"containerScope":{"contributions":{},"includedScopes":[]},"contributions":{},"includedScopes":[]},"contributions":{},"includedScopes":[{"containerScope":{"containerScope":{"containerScope":{"contributions":{},"includedScopes":[]},"contributions":{},"includedScopes":[]},"contributions":{},"includedScopes":[]},"contributions":{},"includedScopes":[]}]},"contributions":{},"includedScopes":[]},"contributions":{},"includedScopes":[]},"contributions":{},"includedScopes":[]},"contributions":{},"includedScopes":[]},"contributions":{},"includedScopes":[]},"sourceMap":{"end":{"column":26,"line":13,"offset":181},"start":{"column":19,"line":13,"offset":174}}},"scope":{"containerScope":{"containerScope":{"containerScope":{"containerScope":{"containerScope":{"containerScope":{"contributions":{},"includedScopes":[]},"contributions":{},"includedScopes":[]},"contributions":{},"includedScopes":[{"containerScope":{"containerScope":{"containerScope":{"contributions":{},"includedScopes":[]},"contributions":{},"includedScopes":[]},"contributions":{},"includedScopes":[]},"contributions":{},"includedScopes":[]}]},"contributions":{},"includedScopes":[]},"contributions":{},"includedScopes":[]},"contributions":{},"includedScopes":[]},"contributions":{},"includedScopes":[]},"sourceMap":{"end":{"column":31,"line":13,"offset":186},"start":{"column":19,"line":13,"offset":174}}},"variable":{"id":"88a4a414-2dd6-47b3-8513-ca8bfb0f58e2","metadata":[],"name":"energia","scope":{"containerScope":{"containerScope":{"containerScope":{"containerScope":{"containerScope":{"containerScope":{"contributions":{},"includedScopes":[]},"contributions":{},"includedScopes":[]},"contributions":{},"includedScopes":[{"containerScope":{"containerScope":{"containerScope":{"contributions":{},"includedScopes":[]},"contributions":{},"includedScopes":[]},"contributions":{},"includedScopes":[]},"contributions":{},"includedScopes":[]}]},"contributions":{},"includedScopes":[]},"contributions":{},"includedScopes":[]},"contributions":{},"includedScopes":[]},"contributions":{},"includedScopes":[]},"sourceMap":{"end":{"column":16,"line":13,"offset":171},"start":{"column":9,"line":13,"offset":164}}}}],"sourceMap":{"end":{"column":2,"line":15,"offset":191},"start":{"column":23,"line":11,"offset":151}}},"compiled":false,"id":"f7452a3d-ac5f-41ed-bbc4-a305921f1285","isOverride":false,"metadata":[],"name":"descansar","parameters":[],"problems":[],"scope":{"containerScope":{"containerScope":{"containerScope":{"contributions":{},"includedScopes":[]},"contributions":{},"includedScopes":[]},"contributions":{},"includedScopes":[{"containerScope":{"containerScope":{"containerScope":{"contributions":{},"includedScopes":[]},"contributions":{},"includedScopes":[]},"contributions":{},"includedScopes":[]},"contributions":{},"includedScopes":[]}]},"contributions":{},"includedScopes":[]},"sourceMap":{"end":{"column":2,"line":15,"offset":191},"start":{"column":5,"line":11,"offset":133}}},{"body":{"id":"04422f88-84d2-4e87-9dd9-e280cffbe75c","metadata":[],"problems":[],"scope":{"containerScope":{"containerScope":{"containerScope":{"containerScope":{"contributions":{},"includedScopes":[]},"contributions":{},"includedScopes":[]},"contributions":{},"includedScopes":[{"containerScope":{"containerScope":{"containerScope":{"contributions":{},"includedScopes":[]},"contributions":{},"includedScopes":[]},"contributions":{},"includedScopes":[]},"contributions":{},"includedScopes":[]}]},"contributions":{},"includedScopes":[]},"contributions":{},"includedScopes":[]},"sentences":[{"id":"9f2054d5-7216-4b97-831e-62efd7901ea6","metadata":[],"scope":{"containerScope":{"containerScope":{"containerScope":{"containerScope":{"containerScope":{"contributions":{},"includedScopes":[]},"contributions":{},"includedScopes":[]},"contributions":{},"includedScopes":[{"containerScope":{"containerScope":{"containerScope":{"contributions":{},"includedScopes":[]},"contributions":{},"includedScopes":[]},"contributions":{},"includedScopes":[]},"contributions":{},"includedScopes":[]}]},"contributions":{},"includedScopes":[]},"contributions":{},"includedScopes":[]},"contributions":{},"includedScopes":[]},"sourceMap":{"end":{"column":55,"line":19,"offset":279},"start":{"column":9,"line":19,"offset":233}},"value":{"args":[{"args":[],"id":"ad801e7c-dd84-4731-9c54-4d0f42419e91","message":"energiaQueAporta","metadata":[],"receiver":{"id":"ac25ae3f-4db6-4193-8db3-e1a77d83a93f","metadata":[],"name":"alpiste","scope":{"containerScope":{"containerScope":{"containerScope":{"containerScope":{"containerScope":{"containerScope":{"containerScope":{"containerScope":{"contributions":{},"includedScopes":[]},"contributions":{},"includedScopes":[]},"contributions":{},"includedScopes":[{"containerScope":{"containerScope":{"containerScope":{"contributions":{},"includedScopes":[]},"contributions":{},"includedScopes":[]},"contributions":{},"includedScopes":[]},"contributions":{},"includedScopes":[]}]},"contributions":{},"includedScopes":[]},"contributions":{},"includedScopes":[]},"contributions":{},"includedScopes":[]},"contributions":{},"includedScopes":[]},"contributions":{},"includedScopes":[]},"contributions":{},"includedScopes":[]},"sourceMap":{"end":{"column":36,"line":19,"offset":260},"start":{"column":29,"line":19,"offset":253}}},"scope":{"containerScope":{"containerScope":{"containerScope":{"containerScope":{"containerScope":{"containerScope":{"containerScope":{"contributions":{},"includedScopes":[]},"contributions":{},"includedScopes":[]},"contributions":{},"includedScopes":[{"containerScope":{"containerScope":{"containerScope":{"contributions":{},"includedScopes":[]},"contributions":{},"includedScopes":[]},"contributions":{},"includedScopes":[]},"contributions":{},"includedScopes":[]}]},"contributions":{},"includedScopes":[]},"contributions":{},"includedScopes":[]},"contributions":{},"includedScopes":[]},"contributions":{},"includedScopes":[]},"contributions":{},"includedScopes":[]},"sourceMap":{"end":{"column":55,"line":19,"offset":279},"start":{"column":29,"line":19,"offset":253}}}],"id":"33f3a4a6-92b6-49ce-bba3-f94f430f56c1","message":"+","metadata":[],"receiver":{"id":"8f5526cc-c373-4669-b394-53772e410cc9","metadata":[],"name":"energia","scope":{"containerScope":{"containerScope":{"containerScope":{"containerScope":{"containerScope":{"containerScope":{"containerScope":{"contributions":{},"includedScopes":[]},"contributions":{},"includedScopes":[]},"contributions":{},"includedScopes":[{"containerScope":{"containerScope":{"containerScope":{"contributions":{},"includedScopes":[]},"contributions":{},"includedScopes":[]},"contributions":{},"includedScopes":[]},"contributions":{},"includedScopes":[]}]},"contributions":{},"includedScopes":[]},"contributions":{},"includedScopes":[]},"contributions":{},"includedScopes":[]},"contributions":{},"includedScopes":[]},"contributions":{},"includedScopes":[]},"sourceMap":{"end":{"column":26,"line":19,"offset":250},"start":{"column":19,"line":19,"offset":243}}},"scope":{"containerScope":{"containerScope":{"containerScope":{"containerScope":{"containerScope":{"containerScope":{"contributions":{},"includedScopes":[]},"contributions":{},"includedScopes":[]},"contributions":{},"includedScopes":[{"containerScope":{"containerScope":{"containerScope":{"contributions":{},"includedScopes":[]},"contributions":{},"includedScopes":[]},"contributions":{},"includedScopes":[]},"contributions":{},"includedScopes":[]}]},"contributions":{},"includedScopes":[]},"contributions":{},"includedScopes":[]},"contributions":{},"includedScopes":[]},"contributions":{},"includedScopes":[]},"sourceMap":{"end":{"column":55,"line":19,"offset":279},"start":{"column":19,"line":19,"offset":243}}},"variable":{"id":"34d2cbdd-39e7-4115-9023-6c4ae38be395","metadata":[],"name":"energia","scope":{"containerScope":{"containerScope":{"containerScope":{"containerScope":{"containerScope":{"containerScope":{"contributions":{},"includedScopes":[]},"contributions":{},"includedScopes":[]},"contributions":{},"includedScopes":[{"containerScope":{"containerScope":{"containerScope":{"contributions":{},"includedScopes":[]},"contributions":{},"includedScopes":[]},"contributions":{},"includedScopes":[]},"contributions":{},"includedScopes":[]}]},"contributions":{},"includedScopes":[]},"contributions":{},"includedScopes":[]},"contributions":{},"includedScopes":[]},"contributions":{},"includedScopes":[]},"sourceMap":{"end":{"column":16,"line":19,"offset":240},"start":{"column":9,"line":19,"offset":233}}}}],"sourceMap":{"end":{"column":2,"line":20,"offset":282},"start":{"column":26,"line":17,"offset":220}}},"compiled":false,"id":"bf2b15ab-94ac-4e60-9827-56d0ea02fdf4","isOverride":false,"metadata":[],"name":"comer","parameters":[{"id":"0abab15b-27d4-46ea-aa84-1b2eb0b37be0","isVarArg":false,"metadata":[],"name":"alpiste","scope":{"containerScope":{"containerScope":{"containerScope":{"containerScope":{"contributions":{},"includedScopes":[]},"contributions":{},"includedScopes":[]},"contributions":{},"includedScopes":[{"containerScope":{"containerScope":{"containerScope":{"contributions":{},"includedScopes":[]},"contributions":{},"includedScopes":[]},"contributions":{},"includedScopes":[]},"contributions":{},"includedScopes":[]}]},"contributions":{},"includedScopes":[]},"contributions":{},"includedScopes":[]},"sourceMap":{"end":{"column":25,"line":17,"offset":219},"start":{"column":18,"line":17,"offset":212}}}],"problems":[],"scope":{"containerScope":{"containerScope":{"containerScope":{"contributions":{},"includedScopes":[]},"contributions":{},"includedScopes":[]},"contributions":{},"includedScopes":[{"containerScope":{"containerScope":{"containerScope":{"contributions":{},"includedScopes":[]},"contributions":{},"includedScopes":[]},"contributions":{},"includedScopes":[]},"contributions":{},"includedScopes":[]}]},"contributions":{},"includedScopes":[]},"sourceMap":{"end":{"column":2,"line":20,"offset":282},"start":{"column":5,"line":17,"offset":199}}},{"body":{"id":"05296816-d853-4d28-9d38-ca54862a7cfc","metadata":[],"problems":[],"scope":{"containerScope":{"containerScope":{"containerScope":{"containerScope":{"contributions":{},"includedScopes":[]},"contributions":{},"includedScopes":[]},"contributions":{},"includedScopes":[{"containerScope":{"containerScope":{"containerScope":{"contributions":{},"includedScopes":[]},"contributions":{},"includedScopes":[]},"contributions":{},"includedScopes":[]},"contributions":{},"includedScopes":[]}]},"contributions":{},"includedScopes":[]},"contributions":{},"includedScopes":[]},"sentences":[{"id":"3c2ed6bf-ccc2-4f0b-974e-689f1e8ed3ab","metadata":[],"scope":{"containerScope":{"containerScope":{"containerScope":{"containerScope":{"containerScope":{"contributions":{},"includedScopes":[]},"contributions":{},"includedScopes":[]},"contributions":{},"includedScopes":[{"containerScope":{"containerScope":{"containerScope":{"contributions":{},"includedScopes":[]},"contributions":{},"includedScopes":[]},"contributions":{},"includedScopes":[]},"contributions":{},"includedScopes":[]}]},"contributions":{},"includedScopes":[]},"contributions":{},"includedScopes":[]},"contributions":{},"includedScopes":[]},"sourceMap":{"end":{"column":28,"line":25,"offset":340},"start":{"column":9,"line":25,"offset":321}},"value":{"args":[{"id":"31d6f585-d8ce-48ee-94c1-88213779e0f6","metadata":[],"scope":{"containerScope":{"containerScope":{"containerScope":{"containerScope":{"containerScope":{"containerScope":{"containerScope":{"contributions":{},"includedScopes":[]},"contributions":{},"includedScopes":[]},"contributions":{},"includedScopes":[{"containerScope":{"containerScope":{"containerScope":{"contributions":{},"includedScopes":[]},"contributions":{},"includedScopes":[]},"contributions":{},"includedScopes":[]},"contributions":{},"includedScopes":[]}]},"contributions":{},"includedScopes":[]},"contributions":{},"includedScopes":[]},"contributions":{},"includedScopes":[]},"contributions":{},"includedScopes":[]},"contributions":{},"includedScopes":[]},"sourceMap":{"end":{"column":28,"line":25,"offset":340},"start":{"column":26,"line":25,"offset":338}},"value":30}],"id":"1c967ca6-3d6d-4fe1-a598-dc6bf71a80c6","message":"<","metadata":[],"receiver":{"id":"3fce331e-4229-4399-9838-38615d7ce315","metadata":[],"name":"energia","scope":{"containerScope":{"containerScope":{"containerScope":{"containerScope":{"containerScope":{"containerScope":{"containerScope":{"contributions":{},"includedScopes":[]},"contributions":{},"includedScopes":[]},"contributions":{},"includedScopes":[{"containerScope":{"containerScope":{"containerScope":{"contributions":{},"includedScopes":[]},"contributions":{},"includedScopes":[]},"contributions":{},"includedScopes":[]},"contributions":{},"includedScopes":[]}]},"contributions":{},"includedScopes":[]},"contributions":{},"includedScopes":[]},"contributions":{},"includedScopes":[]},"contributions":{},"includedScopes":[]},"contributions":{},"includedScopes":[]},"sourceMap":{"end":{"column":23,"line":25,"offset":335},"start":{"column":16,"line":25,"offset":328}}},"scope":{"containerScope":{"containerScope":{"containerScope":{"containerScope":{"containerScope":{"containerScope":{"contributions":{},"includedScopes":[]},"contributions":{},"includedScopes":[]},"contributions":{},"includedScopes":[{"containerScope":{"containerScope":{"containerScope":{"contributions":{},"includedScopes":[]},"contributions":{},"includedScopes":[]},"contributions":{},"includedScopes":[]},"contributions":{},"includedScopes":[]}]},"contributions":{},"includedScopes":[]},"contributions":{},"includedScopes":[]},"contributions":{},"includedScopes":[]},"contributions":{},"includedScopes":[]},"sourceMap":{"end":{"column":28,"line":25,"offset":340},"start":{"column":16,"line":25,"offset":328}}}}],"sourceMap":{"end":{"column":6,"line":27,"offset":349},"start":{"column":21,"line":23,"offset":308}}},"compiled":false,"id":"4b8521d4-483a-4d5a-a0e2-2cc41f8e9893","isOverride":false,"metadata":[],"name":"cansada","parameters":[],"problems":[],"scope":{"containerScope":{"containerScope":{"containerScope":{"contributions":{},"includedScopes":[]},"contributions":{},"includedScopes":[]},"contributions":{},"includedScopes":[{"containerScope":{"containerScope":{"containerScope":{"contributions":{},"includedScopes":[]},"contributions":{},"includedScopes":[]},"contributions":{},"includedScopes":[]},"contributions":{},"includedScopes":[]}]},"contributions":{},"includedScopes":[]},"sourceMap":{"end":{"column":6,"line":27,"offset":349},"start":{"column":5,"line":23,"offset":292}}}],"metadata":[],"name":"pepita","problems":[],"scope":{"containerScope":{"containerScope":{"contributions":{},"includedScopes":[]},"contributions":{},"includedScopes":[]},"contributions":{},"includedScopes":[{"containerScope":{"containerScope":{"containerScope":{"contributions":{},"includedScopes":[]},"contributions":{},"includedScopes":[]},"contributions":{},"includedScopes":[]},"contributions":{},"includedScopes":[]}]},"sourceMap":{"end":{"column":2,"line":29,"offset":354},"start":{"column":1,"line":1,"offset":0}},"supertypes":[]},{"id":"996a160a-3cb3-4f67-81bc-8185ac999ca8","members":[{"body":{"id":"379cbee4-21de-4281-8eba-453f7eaa8175","metadata":[],"problems":[],"scope":{"containerScope":{"containerScope":{"containerScope":{"containerScope":{"contributions":{},"includedScopes":[]},"contributions":{},"includedScopes":[]},"contributions":{},"includedScopes":[{"containerScope":{"containerScope":{"containerScope":{"contributions":{},"includedScopes":[]},"contributions":{},"includedScopes":[]},"contributions":{},"includedScopes":[]},"contributions":{},"includedScopes":[]}]},"contributions":{},"includedScopes":[]},"contributions":{},"includedScopes":[]},"sentences":[{"id":"cdda523a-a6d5-4767-a490-5fcb1dd960a5","metadata":[],"scope":{"containerScope":{"containerScope":{"containerScope":{"containerScope":{"containerScope":{"contributions":{},"includedScopes":[]},"contributions":{},"includedScopes":[]},"contributions":{},"includedScopes":[{"containerScope":{"containerScope":{"containerScope":{"contributions":{},"includedScopes":[]},"contributions":{},"includedScopes":[]},"contributions":{},"includedScopes":[]},"contributions":{},"includedScopes":[]}]},"contributions":{},"includedScopes":[]},"contributions":{},"includedScopes":[]},"contributions":{},"includedScopes":[]},"sourceMap":{"end":{"column":18,"line":38,"offset":438},"start":{"column":9,"line":38,"offset":429}},"value":{"id":"5ca439a3-1dbb-469f-a478-592a19db236b","metadata":[],"scope":{"containerScope":{"containerScope":{"containerScope":{"containerScope":{"containerScope":{"containerScope":{"contributions":{},"includedScopes":[]},"contributions":{},"includedScopes":[]},"contributions":{},"includedScopes":[{"containerScope":{"containerScope":{"containerScope":{"contributions":{},"includedScopes":[]},"contributions":{},"includedScopes":[]},"contributions":{},"includedScopes":[]},"contributions":{},"includedScopes":[]}]},"contributions":{},"includedScopes":[]},"contributions":{},"includedScopes":[]},"contributions":{},"includedScopes":[]},"contributions":{},"includedScopes":[]},"sourceMap":{"end":{"column":18,"line":38,"offset":438},"start":{"column":16,"line":38,"offset":436}},"value":25}}],"sourceMap":{"end":{"column":6,"line":40,"offset":447},"start":{"column":30,"line":36,"offset":416}}},"compiled":false,"id":"8dc82e13-078e-4e35-a606-0e16a6f8d1ce","isOverride":false,"metadata":[],"name":"energiaQueAporta","parameters":[],"problems":[],"scope":{"containerScope":{"containerScope":{"containerScope":{"contributions":{},"includedScopes":[]},"contributions":{},"includedScopes":[]},"contributions":{},"includedScopes":[{"containerScope":{"containerScope":{"containerScope":{"contributions":{},"includedScopes":[]},"contributions":{},"includedScopes":[]},"contributions":{},"includedScopes":[]},"contributions":{},"includedScopes":[]}]},"contributions":{},"includedScopes":[]},"sourceMap":{"end":{"column":6,"line":40,"offset":447},"start":{"column":5,"line":36,"offset":391}}}],"metadata":[],"name":"alpiste","problems":[],"scope":{"containerScope":{"containerScope":{"contributions":{},"includedScopes":[]},"contributions":{},"includedScopes":[]},"contributions":{},"includedScopes":[{"containerScope":{"containerScope":{"containerScope":{"contributions":{},"includedScopes":[]},"contributions":{},"includedScopes":[]},"contributions":{},"includedScopes":[]},"contributions":{},"includedScopes":[]}]},"sourceMap":{"end":{"column":2,"line":42,"offset":452},"start":{"column":1,"line":33,"offset":362}},"supertypes":[]}],"metadata":[],"name":"pepita","problems":[{"code":"malformedEntity","sourceMap":{"end":{"column":2,"line":54,"offset":592},"start":{"column":1,"line":45,"offset":458}}}],"scope":{"containerScope":{"contributions":{},"includedScopes":[]},"contributions":{},"includedScopes":[]}},"stack":"Error: Failed to print, found malformed node\n    at c:\\Users\\lukas\\.vscode\\extensions\\uqbar.wollok-lsp-ide-0.5.4\\out\\server\\src\\server.js:68:3585\n    at Kbn (c:\\Users\\lukas\\.vscode\\extensions\\uqbar.wollok-lsp-ide-0.5.4\\out\\server\\src\\server.js:68:3396)\n    at c:\\Users\\lukas\\.vscode\\extensions\\uqbar.wollok-lsp-ide-0.5.4\\out\\server\\src\\server.js:2398:847\n    at c:\\Users\\lukas\\.vscode\\extensions\\uqbar.wollok-lsp-ide-0.5.4\\out\\server\\src\\server.js:2398:8440\n    at c:\\Users\\lukas\\.vscode\\extensions\\uqbar.wollok-lsp-ide-0.5.4\\out\\server\\src\\server.js:37:74770\n    at Ke (c:\\Users\\lukas\\.vscode\\extensions\\uqbar.wollok-lsp-ide-0.5.4\\out\\server\\src\\server.js:7:8527)\n    at Lt (c:\\Users\\lukas\\.vscode\\extensions\\uqbar.wollok-lsp-ide-0.5.4\\out\\server\\src\\server.js:7:6189)\n    at ct (c:\\Users\\lukas\\.vscode\\extensions\\uqbar.wollok-lsp-ide-0.5.4\\out\\server\\src\\server.js:7:6378)\n    at Immediate._onImmediate (c:\\Users\\lukas\\.vscode\\extensions\\uqbar.wollok-lsp-ide-0.5.4\\out\\server\\src\\server.js:7:6142)\n    at process.processImmediate (node:internal/timers:504:21)","timestamp":"2026-08-14T13:03:28.019Z"}
{"level":"error","message":"✘ Failed to get type description: Error: Failed to print, found malformed node Failed to print, found malformed node","node":{"fileName":"pepita.wlk","id":"7f6be2cd-cde2-4d6b-a03c-53685cff9c15","imports":[],"members":[{"id":"9c3b6605-2456-48d5-88a8-fd515cdd3981","members":[{"id":"def95f53-4331-41e9-aef8-478f60000c2d","isConstant":false,"isProperty":false,"metadata":[],"name":"energia","scope":{"containerScope":{"containerScope":{"containerScope":{"contributions":{},"includedScopes":[]},"contributions":{},"includedScopes":[]},"contributions":{},"includedScopes":[{"containerScope":{"containerScope":{"containerScope":{"contributions":{},"includedScopes":[]},"contributions":{},"includedScopes":[]},"contributions":{},"includedScopes":[]},"contributions":{},"includedScopes":[]}]},"contributions":{},"includedScopes":[]},"sourceMap":{"end":{"column":22,"line":3,"offset":40},"start":{"column":5,"line":3,"offset":23}},"value":{"id":"aaafcfbd-1935-42d2-9eac-b4e3b8acca07","metadata":[],"scope":{"containerScope":{"containerScope":{"containerScope":{"containerScope":{"contributions":{},"includedScopes":[]},"contributions":{},"includedScopes":[]},"contributions":{},"includedScopes":[{"containerScope":{"containerScope":{"containerScope":{"contributions":{},"includedScopes":[]},"contributions":{},"includedScopes":[]},"contributions":{},"includedScopes":[]},"contributions":{},"includedScopes":[]}]},"contributions":{},"includedScopes":[]},"contributions":{},"includedScopes":[]},"sourceMap":{"end":{"column":22,"line":3,"offset":40},"start":{"column":19,"line":3,"offset":37}},"value":100}},{"body":{"id":"c21d5d57-19c4-4343-900c-331400d48b19","metadata":[],"problems":[],"scope":{"containerScope":{"containerScope":{"containerScope":{"containerScope":{"contributions":{},"includedScopes":[]},"contributions":{},"includedScopes":[]},"contributions":{},"includedScopes":[{"containerScope":{"containerScope":{"containerScope":{"contributions":{},"includedScopes":[]},"contributions":{},"includedScopes":[]},"contributions":{},"includedScopes":[]},"contributions":{},"includedScopes":[]}]},"contributions":{},"includedScopes":[]},"contributions":{},"includedScopes":[]},"sentences":[{"id":"6416d5e6-217f-4b7e-95eb-aa57df1e00c6","metadata":[],"scope":{"containerScope":{"containerScope":{"containerScope":{"containerScope":{"containerScope":{"contributions":{},"includedScopes":[]},"contributions":{},"includedScopes":[]},"contributions":{},"includedScopes":[{"containerScope":{"containerScope":{"containerScope":{"contributions":{},"includedScopes":[]},"contributions":{},"includedScopes":[]},"contributions":{},"includedScopes":[]},"contributions":{},"includedScopes":[]}]},"contributions":{},"includedScopes":[]},"contributions":{},"includedScopes":[]},"contributions":{},"includedScopes":[]},"sourceMap":{"end":{"column":45,"line":7,"offset":120},"start":{"column":9,"line":7,"offset":84}},"value":{"args":[{"args":[{"id":"c0f0183d-d00c-4bdc-b258-21b85792803f","metadata":[],"scope":{"containerScope":{"containerScope":{"containerScope":{"containerScope":{"containerScope":{"containerScope":{"containerScope":{"containerScope":{"contributions":{},"includedScopes":[]},"contributions":{},"includedScopes":[]},"contributions":{},"includedScopes":[{"containerScope":{"containerScope":{"containerScope":{"contributions":{},"includedScopes":[]},"contributions":{},"includedScopes":[]},"contributions":{},"includedScopes":[]},"contributions":{},"includedScopes":[]}]},"contributions":{},"includedScopes":[]},"contributions":{},"includedScopes":[]},"contributions":{},"includedScopes":[]},"contributions":{},"includedScopes":[]},"contributions":{},"includedScopes":[]},"contributions":{},"includedScopes":[]},"sourceMap":{"end":{"column":45,"line":7,"offset":120},"start":{"column":43,"line":7,"offset":118}},"value":10}],"id":"c8b272bd-303b-4521-9d03-be3cd8f781c1","message":"/","metadata":[],"receiver":{"id":"793b13b3-3bc5-4a1e-8af8-7f34225fd1b5","metadata":[],"name":"distancia","scope":{"containerScope":{"containerScope":{"containerScope":{"containerScope":{"containerScope":{"containerScope":{"containerScope":{"containerScope":{"contributions":{},"includedScopes":[]},"contributions":{},"includedScopes":[]},"contributions":{},"includedScopes":[{"containerScope":{"containerScope":{"containerScope":{"contributions":{},"includedScopes":[]},"contributions":{},"includedScopes":[]},"contributions":{},"includedScopes":[]},"contributions":{},"includedScopes":[]}]},"contributions":{},"includedScopes":[]},"contributions":{},"includedScopes":[]},"contributions":{},"includedScopes":[]},"contributions":{},"includedScopes":[]},"contributions":{},"includedScopes":[]},"contributions":{},"includedScopes":[]},"sourceMap":{"end":{"column":42,"line":7,"offset":117},"start":{"column":33,"line":7,"offset":108}}},"scope":{"containerScope":{"containerScope":{"containerScope":{"containerScope":{"containerScope":{"containerScope":{"containerScope":{"contributions":{},"includedScopes":[]},"contributions":{},"includedScopes":[]},"contributions":{},"includedScopes":[{"containerScope":{"containerScope":{"containerScope":{"contributions":{},"includedScopes":[]},"contributions":{},"includedScopes":[]},"contributions":{},"includedScopes":[]},"contributions":{},"includedScopes":[]}]},"contributions":{},"includedScopes":[]},"contributions":{},"includedScopes":[]},"contributions":{},"includedScopes":[]},"contributions":{},"includedScopes":[]},"contributions":{},"includedScopes":[]},"sourceMap":{"end":{"column":45,"line":7,"offset":120},"start":{"column":33,"line":7,"offset":108}}}],"id":"391bc465-42bd-42b7-8409-0f25793ee3b6","message":"-","metadata":[],"receiver":{"args":[{"id":"3e2e9d2a-034b-4269-b0c5-b3d9f5875c52","metadata":[],"scope":{"containerScope":{"containerScope":{"containerScope":{"containerScope":{"containerScope":{"containerScope":{"containerScope":{"containerScope":{"contributions":{},"includedScopes":[]},"contributions":{},"includedScopes":[]},"contributions":{},"includedScopes":[{"containerScope":{"containerScope":{"containerScope":{"contributions":{},"includedScopes":[]},"contributions":{},"includedScopes":[]},"contributions":{},"includedScopes":[]},"contributions":{},"includedScopes":[]}]},"contributions":{},"includedScopes":[]},"contributions":{},"includedScopes":[]},"contributions":{},"includedScopes":[]},"contributions":{},"includedScopes":[]},"contributions":{},"includedScopes":[]},"contributions":{},"includedScopes":[]},"sourceMap":{"end":{"column":30,"line":7,"offset":105},"start":{"column":28,"line":7,"offset":103}},"value":10}],"id":"1264e08d-2f3e-456b-8c6a-5e8a2644eb9b","message":"-","metadata":[],"receiver":{"id":"d746ed70-8905-4b8d-b9cc-3de4050f17b2","metadata":[],"name":"energia","scope":{"containerScope":{"containerScope":{"containerScope":{"containerScope":{"containerScope":{"containerScope":{"containerScope":{"containerScope":{"contributions":{},"includedScopes":[]},"contributions":{},"includedScopes":[]},"contributions":{},"includedScopes":[{"containerScope":{"containerScope":{"containerScope":{"contributions":{},"includedScopes":[]},"contributions":{},"includedScopes":[]},"contributions":{},"includedScopes":[]},"contributions":{},"includedScopes":[]}]},"contributions":{},"includedScopes":[]},"contributions":{},"includedScopes":[]},"contributions":{},"includedScopes":[]},"contributions":{},"includedScopes":[]},"contributions":{},"includedScopes":[]},"contributions":{},"includedScopes":[]},"sourceMap":{"end":{"column":26,"line":7,"offset":101},"start":{"column":19,"line":7,"offset":94}}},"scope":{"containerScope":{"containerScope":{"containerScope":{"containerScope":{"containerScope":{"containerScope":{"containerScope":{"contributions":{},"includedScopes":[]},"contributions":{},"includedScopes":[]},"contributions":{},"includedScopes":[{"containerScope":{"containerScope":{"containerScope":{"contributions":{},"includedScopes":[]},"contributions":{},"includedScopes":[]},"contributions":{},"includedScopes":[]},"contributions":{},"includedScopes":[]}]},"contributions":{},"includedScopes":[]},"contributions":{},"includedScopes":[]},"contributions":{},"includedScopes":[]},"contributions":{},"includedScopes":[]},"contributions":{},"includedScopes":[]},"sourceMap":{"end":{"column":30,"line":7,"offset":105},"start":{"column":19,"line":7,"offset":94}}},"scope":{"containerScope":{"containerScope":{"containerScope":{"containerScope":{"containerScope":{"containerScope":{"contributions":{},"includedScopes":[]},"contributions":{},"includedScopes":[]},"contributions":{},"includedScopes":[{"containerScope":{"containerScope":{"containerScope":{"contributions":{},"includedScopes":[]},"contributions":{},"includedScopes":[]},"contributions":{},"includedScopes":[]},"contributions":{},"includedScopes":[]}]},"contributions":{},"includedScopes":[]},"contributions":{},"includedScopes":[]},"contributions":{},"includedScopes":[]},"contributions":{},"includedScopes":[]},"sourceMap":{"end":{"column":45,"line":7,"offset":120},"start":{"column":19,"line":7,"offset":94}}},"variable":{"id":"a1cfd862-bad7-4913-b4a7-24e978111b7f","metadata":[],"name":"energia","scope":{"containerScope":{"containerScope":{"containerScope":{"containerScope":{"containerScope":{"containerScope":{"contributions":{},"includedScopes":[]},"contributions":{},"includedScopes":[]},"contributions":{},"includedScopes":[{"containerScope":{"containerScope":{"containerScope":{"contributions":{},"includedScopes":[]},"contributions":{},"includedScopes":[]},"contributions":{},"includedScopes":[]},"contributions":{},"includedScopes":[]}]},"contributions":{},"includedScopes":[]},"contributions":{},"includedScopes":[]},"contributions":{},"includedScopes":[]},"contributions":{},"includedScopes":[]},"sourceMap":{"end":{"column":16,"line":7,"offset":91},"start":{"column":9,"line":7,"offset":84}}}}],"sourceMap":{"end":{"column":2,"line":9,"offset":125},"start":{"column":28,"line":5,"offset":71}}},"compiled":false,"id":"8eca8066-e585-4476-8383-fc64fe91bb4d","isOverride":false,"metadata":[],"name":"volar","parameters":[{"id":"aff86e2b-8ded-451b-b71b-d72511f662a2","isVarArg":false,"metadata":[],"name":"distancia","scope":{"containerScope":{"containerScope":{"containerScope":{"containerScope":{"contributions":{},"includedScopes":[]},"contributions":{},"includedScopes":[]},"contributions":{},"includedScopes":[{"containerScope":{"containerScope":{"containerScope":{"contributions":{},"includedScopes":[]},"contributions":{},"includedScopes":[]},"contributions":{},"includedScopes":[]},"contributions":{},"includedScopes":[]}]},"contributions":{},"includedScopes":[]},"contributions":{},"includedScopes":[]},"sourceMap":{"end":{"column":27,"line":5,"offset":70},"start":{"column":18,"line":5,"offset":61}}}],"problems":[],"scope":{"containerScope":{"containerScope":{"containerScope":{"contributions":{},"includedScopes":[]},"contributions":{},"includedScopes":[]},"contributions":{},"includedScopes":[{"containerScope":{"containerScope":{"containerScope":{"contributions":{},"includedScopes":[]},"contributions":{},"includedScopes":[]},"contributions":{},"includedScopes":[]},"contributions":{},"includedScopes":[]}]},"contributions":{},"includedScopes":[]},"sourceMap":{"end":{"column":2,"line":9,"offset":125},"start":{"column":5,"line":5,"offset":48}}},{"body":{"id":"7645aa92-3032-4910-a17f-a2bd25cceb01","metadata":[],"problems":[],"scope":{"containerScope":{"containerScope":{"containerScope":{"containerScope":{"contributions":{},"includedScopes":[]},"contributions":{},"includedScopes":[]},"contributions":{},"includedScopes":[{"containerScope":{"containerScope":{"containerScope":{"contributions":{},"includedScopes":[]},"contributions":{},"includedScopes":[]},"contributions":{},"includedScopes":[]},"contributions":{},"includedScopes":[]}]},"contributions":{},"includedScopes":[]},"contributions":{},"includedScopes":[]},"sentences":[{"id":"40d40317-3f4a-46ea-8ec5-cc525b045349","metadata":[],"scope":{"containerScope":{"containerScope":{"containerScope":{"containerScope":{"containerScope":{"contributions":{},"includedScopes":[]},"contributions":{},"includedScopes":[]},"contributions":{},"includedScopes":[{"containerScope":{"containerScope":{"containerScope":{"contributions":{},"includedScopes":[]},"contributions":{},"includedScopes":[]},"contributions":{},"includedScopes":[]},"contributions":{},"includedScopes":[]}]},"contributions":{},"includedScopes":[]},"contributions":{},"includedScopes":[]},"contributions":{},"includedScopes":[]},"sourceMap":{"end":{"column":31,"line":13,"offset":186},"start":{"column":9,"line":13,"offset":164}},"value":{"args":[{"id":"6fc5a306-f618-472c-9653-62734fd51653","metadata":[],"scope":{"containerScope":{"containerScope":{"containerScope":{"containerScope":{"containerScope":{"containerScope":{"containerScope":{"contributions":{},"includedScopes":[]},"contributions":{},"includedScopes":[]},"contributions":{},"includedScopes":[{"containerScope":{"containerScope":{"containerScope":{"contributions":{},"includedScopes":[]},"contributions":{},"includedScopes":[]},"contributions":{},"includedScopes":[]},"contributions":{},"includedScopes":[]}]},"contributions":{},"includedScopes":[]},"contributions":{},"includedScopes":[]},"contributions":{},"includedScopes":[]},"contributions":{},"includedScopes":[]},"contributions":{},"includedScopes":[]},"sourceMap":{"end":{"column":31,"line":13,"offset":186},"start":{"column":29,"line":13,"offset":184}},"value":10}],"id":"f06b85b6-4b8c-4ef8-b7b4-fdf10b23b84f","message":"+","metadata":[],"receiver":{"id":"0255062c-9277-4cc6-a528-fc14fdd5a095","metadata":[],"name":"energia","scope":{"containerScope":{"containerScope":{"containerScope":{"containerScope":{"containerScope":{"containerScope":{"containerScope":{"contributions":{},"includedScopes":[]},"contributions":{},"includedScopes":[]},"contributions":{},"includedScopes":[{"containerScope":{"containerScope":{"containerScope":{"contributions":{},"includedScopes":[]},"contributions":{},"includedScopes":[]},"contributions":{},"includedScopes":[]},"contributions":{},"includedScopes":[]}]},"contributions":{},"includedScopes":[]},"contributions":{},"includedScopes":[]},"contributions":{},"includedScopes":[]},"contributions":{},"includedScopes":[]},"contributions":{},"includedScopes":[]},"sourceMap":{"end":{"column":26,"line":13,"offset":181},"start":{"column":19,"line":13,"offset":174}}},"scope":{"containerScope":{"containerScope":{"containerScope":{"containerScope":{"containerScope":{"containerScope":{"contributions":{},"includedScopes":[]},"contributions":{},"includedScopes":[]},"contributions":{},"includedScopes":[{"containerScope":{"containerScope":{"containerScope":{"contributions":{},"includedScopes":[]},"contributions":{},"includedScopes":[]},"contributions":{},"includedScopes":[]},"contributions":{},"includedScopes":[]}]},"contributions":{},"includedScopes":[]},"contributions":{},"includedScopes":[]},"contributions":{},"includedScopes":[]},"contributions":{},"includedScopes":[]},"sourceMap":{"end":{"column":31,"line":13,"offset":186},"start":{"column":19,"line":13,"offset":174}}},"variable":{"id":"88a4a414-2dd6-47b3-8513-ca8bfb0f58e2","metadata":[],"name":"energia","scope":{"containerScope":{"containerScope":{"containerScope":{"containerScope":{"containerScope":{"containerScope":{"contributions":{},"includedScopes":[]},"contributions":{},"includedScopes":[]},"contributions":{},"includedScopes":[{"containerScope":{"containerScope":{"containerScope":{"contributions":{},"includedScopes":[]},"contributions":{},"includedScopes":[]},"contributions":{},"includedScopes":[]},"contributions":{},"includedScopes":[]}]},"contributions":{},"includedScopes":[]},"contributions":{},"includedScopes":[]},"contributions":{},"includedScopes":[]},"contributions":{},"includedScopes":[]},"sourceMap":{"end":{"column":16,"line":13,"offset":171},"start":{"column":9,"line":13,"offset":164}}}}],"sourceMap":{"end":{"column":2,"line":15,"offset":191},"start":{"column":23,"line":11,"offset":151}}},"compiled":false,"id":"f7452a3d-ac5f-41ed-bbc4-a305921f1285","isOverride":false,"metadata":[],"name":"descansar","parameters":[],"problems":[],"scope":{"containerScope":{"containerScope":{"containerScope":{"contributions":{},"includedScopes":[]},"contributions":{},"includedScopes":[]},"contributions":{},"includedScopes":[{"containerScope":{"containerScope":{"containerScope":{"contributions":{},"includedScopes":[]},"contributions":{},"includedScopes":[]},"contributions":{},"includedScopes":[]},"contributions":{},"includedScopes":[]}]},"contributions":{},"includedScopes":[]},"sourceMap":{"end":{"column":2,"line":15,"offset":191},"start":{"column":5,"line":11,"offset":133}}},{"body":{"id":"04422f88-84d2-4e87-9dd9-e280cffbe75c","metadata":[],"problems":[],"scope":{"containerScope":{"containerScope":{"containerScope":{"containerScope":{"contributions":{},"includedScopes":[]},"contributions":{},"includedScopes":[]},"contributions":{},"includedScopes":[{"containerScope":{"containerScope":{"containerScope":{"contributions":{},"includedScopes":[]},"contributions":{},"includedScopes":[]},"contributions":{},"includedScopes":[]},"contributions":{},"includedScopes":[]}]},"contributions":{},"includedScopes":[]},"contributions":{},"includedScopes":[]},"sentences":[{"id":"9f2054d5-7216-4b97-831e-62efd7901ea6","metadata":[],"scope":{"containerScope":{"containerScope":{"containerScope":{"containerScope":{"containerScope":{"contributions":{},"includedScopes":[]},"contributions":{},"includedScopes":[]},"contributions":{},"includedScopes":[{"containerScope":{"containerScope":{"containerScope":{"contributions":{},"includedScopes":[]},"contributions":{},"includedScopes":[]},"contributions":{},"includedScopes":[]},"contributions":{},"includedScopes":[]}]},"contributions":{},"includedScopes":[]},"contributions":{},"includedScopes":[]},"contributions":{},"includedScopes":[]},"sourceMap":{"end":{"column":55,"line":19,"offset":279},"start":{"column":9,"line":19,"offset":233}},"value":{"args":[{"args":[],"id":"ad801e7c-dd84-4731-9c54-4d0f42419e91","message":"energiaQueAporta","metadata":[],"receiver":{"id":"ac25ae3f-4db6-4193-8db3-e1a77d83a93f","metadata":[],"name":"alpiste","scope":{"containerScope":{"containerScope":{"containerScope":{"containerScope":{"containerScope":{"containerScope":{"containerScope":{"containerScope":{"contributions":{},"includedScopes":[]},"contributions":{},"includedScopes":[]},"contributions":{},"includedScopes":[{"containerScope":{"containerScope":{"containerScope":{"contributions":{},"includedScopes":[]},"contributions":{},"includedScopes":[]},"contributions":{},"includedScopes":[]},"contributions":{},"includedScopes":[]}]},"contributions":{},"includedScopes":[]},"contributions":{},"includedScopes":[]},"contributions":{},"includedScopes":[]},"contributions":{},"includedScopes":[]},"contributions":{},"includedScopes":[]},"contributions":{},"includedScopes":[]},"sourceMap":{"end":{"column":36,"line":19,"offset":260},"start":{"column":29,"line":19,"offset":253}}},"scope":{"containerScope":{"containerScope":{"containerScope":{"containerScope":{"containerScope":{"containerScope":{"containerScope":{"contributions":{},"includedScopes":[]},"contributions":{},"includedScopes":[]},"contributions":{},"includedScopes":[{"containerScope":{"containerScope":{"containerScope":{"contributions":{},"includedScopes":[]},"contributions":{},"includedScopes":[]},"contributions":{},"includedScopes":[]},"contributions":{},"includedScopes":[]}]},"contributions":{},"includedScopes":[]},"contributions":{},"includedScopes":[]},"contributions":{},"includedScopes":[]},"contributions":{},"includedScopes":[]},"contributions":{},"includedScopes":[]},"sourceMap":{"end":{"column":55,"line":19,"offset":279},"start":{"column":29,"line":19,"offset":253}}}],"id":"33f3a4a6-92b6-49ce-bba3-f94f430f56c1","message":"+","metadata":[],"receiver":{"id":"8f5526cc-c373-4669-b394-53772e410cc9","metadata":[],"name":"energia","scope":{"containerScope":{"containerScope":{"containerScope":{"containerScope":{"containerScope":{"containerScope":{"containerScope":{"contributions":{},"includedScopes":[]},"contributions":{},"includedScopes":[]},"contributions":{},"includedScopes":[{"containerScope":{"containerScope":{"containerScope":{"contributions":{},"includedScopes":[]},"contributions":{},"includedScopes":[]},"contributions":{},"includedScopes":[]},"contributions":{},"includedScopes":[]}]},"contributions":{},"includedScopes":[]},"contributions":{},"includedScopes":[]},"contributions":{},"includedScopes":[]},"contributions":{},"includedScopes":[]},"contributions":{},"includedScopes":[]},"sourceMap":{"end":{"column":26,"line":19,"offset":250},"start":{"column":19,"line":19,"offset":243}}},"scope":{"containerScope":{"containerScope":{"containerScope":{"containerScope":{"containerScope":{"containerScope":{"contributions":{},"includedScopes":[]},"contributions":{},"includedScopes":[]},"contributions":{},"includedScopes":[{"containerScope":{"containerScope":{"containerScope":{"contributions":{},"includedScopes":[]},"contributions":{},"includedScopes":[]},"contributions":{},"includedScopes":[]},"contributions":{},"includedScopes":[]}]},"contributions":{},"includedScopes":[]},"contributions":{},"includedScopes":[]},"contributions":{},"includedScopes":[]},"contributions":{},"includedScopes":[]},"sourceMap":{"end":{"column":55,"line":19,"offset":279},"start":{"column":19,"line":19,"offset":243}}},"variable":{"id":"34d2cbdd-39e7-4115-9023-6c4ae38be395","metadata":[],"name":"energia","scope":{"containerScope":{"containerScope":{"containerScope":{"containerScope":{"containerScope":{"containerScope":{"contributions":{},"includedScopes":[]},"contributions":{},"includedScopes":[]},"contributions":{},"includedScopes":[{"containerScope":{"containerScope":{"containerScope":{"contributions":{},"includedScopes":[]},"contributions":{},"includedScopes":[]},"contributions":{},"includedScopes":[]},"contributions":{},"includedScopes":[]}]},"contributions":{},"includedScopes":[]},"contributions":{},"includedScopes":[]},"contributions":{},"includedScopes":[]},"contributions":{},"includedScopes":[]},"sourceMap":{"end":{"column":16,"line":19,"offset":240},"start":{"column":9,"line":19,"offset":233}}}}],"sourceMap":{"end":{"column":2,"line":20,"offset":282},"start":{"column":26,"line":17,"offset":220}}},"compiled":false,"id":"bf2b15ab-94ac-4e60-9827-56d0ea02fdf4","isOverride":false,"metadata":[],"name":"comer","parameters":[{"id":"0abab15b-27d4-46ea-aa84-1b2eb0b37be0","isVarArg":false,"metadata":[],"name":"alpiste","scope":{"containerScope":{"containerScope":{"containerScope":{"containerScope":{"contributions":{},"includedScopes":[]},"contributions":{},"includedScopes":[]},"contributions":{},"includedScopes":[{"containerScope":{"containerScope":{"containerScope":{"contributions":{},"includedScopes":[]},"contributions":{},"includedScopes":[]},"contributions":{},"includedScopes":[]},"contributions":{},"includedScopes":[]}]},"contributions":{},"includedScopes":[]},"contributions":{},"includedScopes":[]},"sourceMap":{"end":{"column":25,"line":17,"offset":219},"start":{"column":18,"line":17,"offset":212}}}],"problems":[],"scope":{"containerScope":{"containerScope":{"containerScope":{"contributions":{},"includedScopes":[]},"contributions":{},"includedScopes":[]},"contributions":{},"includedScopes":[{"containerScope":{"containerScope":{"containerScope":{"contributions":{},"includedScopes":[]},"contributions":{},"includedScopes":[]},"contributions":{},"includedScopes":[]},"contributions":{},"includedScopes":[]}]},"contributions":{},"includedScopes":[]},"sourceMap":{"end":{"column":2,"line":20,"offset":282},"start":{"column":5,"line":17,"offset":199}}},{"body":{"id":"05296816-d853-4d28-9d38-ca54862a7cfc","metadata":[],"problems":[],"scope":{"containerScope":{"containerScope":{"containerScope":{"containerScope":{"contributions":{},"includedScopes":[]},"contributions":{},"includedScopes":[]},"contributions":{},"includedScopes":[{"containerScope":{"containerScope":{"containerScope":{"contributions":{},"includedScopes":[]},"contributions":{},"includedScopes":[]},"contributions":{},"includedScopes":[]},"contributions":{},"includedScopes":[]}]},"contributions":{},"includedScopes":[]},"contributions":{},"includedScopes":[]},"sentences":[{"id":"3c2ed6bf-ccc2-4f0b-974e-689f1e8ed3ab","metadata":[],"scope":{"containerScope":{"containerScope":{"containerScope":{"containerScope":{"containerScope":{"contributions":{},"includedScopes":[]},"contributions":{},"includedScopes":[]},"contributions":{},"includedScopes":[{"containerScope":{"containerScope":{"containerScope":{"contributions":{},"includedScopes":[]},"contributions":{},"includedScopes":[]},"contributions":{},"includedScopes":[]},"contributions":{},"includedScopes":[]}]},"contributions":{},"includedScopes":[]},"contributions":{},"includedScopes":[]},"contributions":{},"includedScopes":[]},"sourceMap":{"end":{"column":28,"line":25,"offset":340},"start":{"column":9,"line":25,"offset":321}},"value":{"args":[{"id":"31d6f585-d8ce-48ee-94c1-88213779e0f6","metadata":[],"scope":{"containerScope":{"containerScope":{"containerScope":{"containerScope":{"containerScope":{"containerScope":{"containerScope":{"contributions":{},"includedScopes":[]},"contributions":{},"includedScopes":[]},"contributions":{},"includedScopes":[{"containerScope":{"containerScope":{"containerScope":{"contributions":{},"includedScopes":[]},"contributions":{},"includedScopes":[]},"contributions":{},"includedScopes":[]},"contributions":{},"includedScopes":[]}]},"contributions":{},"includedScopes":[]},"contributions":{},"includedScopes":[]},"contributions":{},"includedScopes":[]},"contributions":{},"includedScopes":[]},"contributions":{},"includedScopes":[]},"sourceMap":{"end":{"column":28,"line":25,"offset":340},"start":{"column":26,"line":25,"offset":338}},"value":30}],"id":"1c967ca6-3d6d-4fe1-a598-dc6bf71a80c6","message":"<","metadata":[],"receiver":{"id":"3fce331e-4229-4399-9838-38615d7ce315","metadata":[],"name":"energia","scope":{"containerScope":{"containerScope":{"containerScope":{"containerScope":{"containerScope":{"containerScope":{"containerScope":{"contributions":{},"includedScopes":[]},"contributions":{},"includedScopes":[]},"contributions":{},"includedScopes":[{"containerScope":{"containerScope":{"containerScope":{"contributions":{},"includedScopes":[]},"contributions":{},"includedScopes":[]},"contributions":{},"includedScopes":[]},"contributions":{},"includedScopes":[]}]},"contributions":{},"includedScopes":[]},"contributions":{},"includedScopes":[]},"contributions":{},"includedScopes":[]},"contributions":{},"includedScopes":[]},"contributions":{},"includedScopes":[]},"sourceMap":{"end":{"column":23,"line":25,"offset":335},"start":{"column":16,"line":25,"offset":328}}},"scope":{"containerScope":{"containerScope":{"containerScope":{"containerScope":{"containerScope":{"containerScope":{"contributions":{},"includedScopes":[]},"contributions":{},"includedScopes":[]},"contributions":{},"includedScopes":[{"containerScope":{"containerScope":{"containerScope":{"contributions":{},"includedScopes":[]},"contributions":{},"includedScopes":[]},"contributions":{},"includedScopes":[]},"contributions":{},"includedScopes":[]}]},"contributions":{},"includedScopes":[]},"contributions":{},"includedScopes":[]},"contributions":{},"includedScopes":[]},"contributions":{},"includedScopes":[]},"sourceMap":{"end":{"column":28,"line":25,"offset":340},"start":{"column":16,"line":25,"offset":328}}}}],"sourceMap":{"end":{"column":6,"line":27,"offset":349},"start":{"column":21,"line":23,"offset":308}}},"compiled":false,"id":"4b8521d4-483a-4d5a-a0e2-2cc41f8e9893","isOverride":false,"metadata":[],"name":"cansada","parameters":[],"problems":[],"scope":{"containerScope":{"containerScope":{"containerScope":{"contributions":{},"includedScopes":[]},"contributions":{},"includedScopes":[]},"contributions":{},"includedScopes":[{"containerScope":{"containerScope":{"containerScope":{"contributions":{},"includedScopes":[]},"contributions":{},"includedScopes":[]},"contributions":{},"includedScopes":[]},"contributions":{},"includedScopes":[]}]},"contributions":{},"includedScopes":[]},"sourceMap":{"end":{"column":6,"line":27,"offset":349},"start":{"column":5,"line":23,"offset":292}}}],"metadata":[],"name":"pepita","problems":[],"scope":{"containerScope":{"containerScope":{"contributions":{},"includedScopes":[]},"contributions":{},"includedScopes":[]},"contributions":{},"includedScopes":[{"containerScope":{"containerScope":{"containerScope":{"contributions":{},"includedScopes":[]},"contributions":{},"includedScopes":[]},"contributions":{},"includedScopes":[]},"contributions":{},"includedScopes":[]}]},"sourceMap":{"end":{"column":2,"line":29,"offset":354},"start":{"column":1,"line":1,"offset":0}},"supertypes":[]},{"id":"996a160a-3cb3-4f67-81bc-8185ac999ca8","members":[{"body":{"id":"379cbee4-21de-4281-8eba-453f7eaa8175","metadata":[],"problems":[],"scope":{"containerScope":{"containerScope":{"containerScope":{"containerScope":{"contributions":{},"includedScopes":[]},"contributions":{},"includedScopes":[]},"contributions":{},"includedScopes":[{"containerScope":{"containerScope":{"containerScope":{"contributions":{},"includedScopes":[]},"contributions":{},"includedScopes":[]},"contributions":{},"includedScopes":[]},"contributions":{},"includedScopes":[]}]},"contributions":{},"includedScopes":[]},"contributions":{},"includedScopes":[]},"sentences":[{"id":"cdda523a-a6d5-4767-a490-5fcb1dd960a5","metadata":[],"scope":{"containerScope":{"containerScope":{"containerScope":{"containerScope":{"containerScope":{"contributions":{},"includedScopes":[]},"contributions":{},"includedScopes":[]},"contributions":{},"includedScopes":[{"containerScope":{"containerScope":{"containerScope":{"contributions":{},"includedScopes":[]},"contributions":{},"includedScopes":[]},"contributions":{},"includedScopes":[]},"contributions":{},"includedScopes":[]}]},"contributions":{},"includedScopes":[]},"contributions":{},"includedScopes":[]},"contributions":{},"includedScopes":[]},"sourceMap":{"end":{"column":18,"line":38,"offset":438},"start":{"column":9,"line":38,"offset":429}},"value":{"id":"5ca439a3-1dbb-469f-a478-592a19db236b","metadata":[],"scope":{"containerScope":{"containerScope":{"containerScope":{"containerScope":{"containerScope":{"containerScope":{"contributions":{},"includedScopes":[]},"contributions":{},"includedScopes":[]},"contributions":{},"includedScopes":[{"containerScope":{"containerScope":{"containerScope":{"contributions":{},"includedScopes":[]},"contributions":{},"includedScopes":[]},"contributions":{},"includedScopes":[]},"contributions":{},"includedScopes":[]}]},"contributions":{},"includedScopes":[]},"contributions":{},"includedScopes":[]},"contributions":{},"includedScopes":[]},"contributions":{},"includedScopes":[]},"sourceMap":{"end":{"column":18,"line":38,"offset":438},"start":{"column":16,"line":38,"offset":436}},"value":25}}],"sourceMap":{"end":{"column":6,"line":40,"offset":447},"start":{"column":30,"line":36,"offset":416}}},"compiled":false,"id":"8dc82e13-078e-4e35-a606-0e16a6f8d1ce","isOverride":false,"metadata":[],"name":"energiaQueAporta","parameters":[],"problems":[],"scope":{"containerScope":{"containerScope":{"containerScope":{"contributions":{},"includedScopes":[]},"contributions":{},"includedScopes":[]},"contributions":{},"includedScopes":[{"containerScope":{"containerScope":{"containerScope":{"contributions":{},"includedScopes":[]},"contributions":{},"includedScopes":[]},"contributions":{},"includedScopes":[]},"contributions":{},"includedScopes":[]}]},"contributions":{},"includedScopes":[]},"sourceMap":{"end":{"column":6,"line":40,"offset":447},"start":{"column":5,"line":36,"offset":391}}}],"metadata":[],"name":"alpiste","problems":[],"scope":{"containerScope":{"containerScope":{"contributions":{},"includedScopes":[]},"contributions":{},"includedScopes":[]},"contributions":{},"includedScopes":[{"containerScope":{"containerScope":{"containerScope":{"contributions":{},"includedScopes":[]},"contributions":{},"includedScopes":[]},"contributions":{},"includedScopes":[]},"contributions":{},"includedScopes":[]}]},"sourceMap":{"end":{"column":2,"line":42,"offset":452},"start":{"column":1,"line":33,"offset":362}},"supertypes":[]}],"metadata":[],"name":"pepita","problems":[{"code":"malformedEntity","sourceMap":{"end":{"column":2,"line":54,"offset":592},"start":{"column":1,"line":45,"offset":458}}}],"scope":{"containerScope":{"contributions":{},"includedScopes":[]},"contributions":{},"includedScopes":[]}},"stack":"Error: Failed to print, found malformed node\n    at c:\\Users\\lukas\\.vscode\\extensions\\uqbar.wollok-lsp-ide-0.5.4\\out\\server\\src\\server.js:68:3585\n    at Kbn (c:\\Users\\lukas\\.vscode\\extensions\\uqbar.wollok-lsp-ide-0.5.4\\out\\server\\src\\server.js:68:3396)\n    at c:\\Users\\lukas\\.vscode\\extensions\\uqbar.wollok-lsp-ide-0.5.4\\out\\server\\src\\server.js:2398:847\n    at c:\\Users\\lukas\\.vscode\\extensions\\uqbar.wollok-lsp-ide-0.5.4\\out\\server\\src\\server.js:2398:8440\n    at c:\\Users\\lukas\\.vscode\\extensions\\uqbar.wollok-lsp-ide-0.5.4\\out\\server\\src\\server.js:37:74770\n    at Ke (c:\\Users\\lukas\\.vscode\\extensions\\uqbar.wollok-lsp-ide-0.5.4\\out\\server\\src\\server.js:7:8527)\n    at Lt (c:\\Users\\lukas\\.vscode\\extensions\\uqbar.wollok-lsp-ide-0.5.4\\out\\server\\src\\server.js:7:6189)\n    at ct (c:\\Users\\lukas\\.vscode\\extensions\\uqbar.wollok-lsp-ide-0.5.4\\out\\server\\src\\server.js:7:6378)\n    at Immediate._onImmediate (c:\\Users\\lukas\\.vscode\\extensions\\uqbar.wollok-lsp-ide-0.5.4\\out\\server\\src\\server.js:7:6142)\n    at process.processImmediate (node:internal/timers:504:21)","timestamp":"2026-08-14T13:03:28.770Z"}
{"level":"error","message":"✘ Failed to get type description: Error: Failed to print, found malformed node Failed to print, found malformed node","node":{"fileName":"pepita.wlk","id":"7f6be2cd-cde2-4d6b-a03c-53685cff9c15","imports":[],"members":[{"id":"9c3b6605-2456-48d5-88a8-fd515cdd3981","members":[{"id":"def95f53-4331-41e9-aef8-478f60000c2d","isConstant":false,"isProperty":false,"metadata":[],"name":"energia","scope":{"containerScope":{"containerScope":{"containerScope":{"contributions":{},"includedScopes":[]},"contributions":{},"includedScopes":[]},"contributions":{},"includedScopes":[{"containerScope":{"containerScope":{"containerScope":{"contributions":{},"includedScopes":[]},"contributions":{},"includedScopes":[]},"contributions":{},"includedScopes":[]},"contributions":{},"includedScopes":[]}]},"contributions":{},"includedScopes":[]},"sourceMap":{"end":{"column":22,"line":3,"offset":40},"start":{"column":5,"line":3,"offset":23}},"value":{"id":"aaafcfbd-1935-42d2-9eac-b4e3b8acca07","metadata":[],"scope":{"containerScope":{"containerScope":{"containerScope":{"containerScope":{"contributions":{},"includedScopes":[]},"contributions":{},"includedScopes":[]},"contributions":{},"includedScopes":[{"containerScope":{"containerScope":{"containerScope":{"contributions":{},"includedScopes":[]},"contributions":{},"includedScopes":[]},"contributions":{},"includedScopes":[]},"contributions":{},"includedScopes":[]}]},"contributions":{},"includedScopes":[]},"contributions":{},"includedScopes":[]},"sourceMap":{"end":{"column":22,"line":3,"offset":40},"start":{"column":19,"line":3,"offset":37}},"value":100}},{"body":{"id":"c21d5d57-19c4-4343-900c-331400d48b19","metadata":[],"problems":[],"scope":{"containerScope":{"containerScope":{"containerScope":{"containerScope":{"contributions":{},"includedScopes":[]},"contributions":{},"includedScopes":[]},"contributions":{},"includedScopes":[{"containerScope":{"containerScope":{"containerScope":{"contributions":{},"includedScopes":[]},"contributions":{},"includedScopes":[]},"contributions":{},"includedScopes":[]},"contributions":{},"includedScopes":[]}]},"contributions":{},"includedScopes":[]},"contributions":{},"includedScopes":[]},"sentences":[{"id":"6416d5e6-217f-4b7e-95eb-aa57df1e00c6","metadata":[],"scope":{"containerScope":{"containerScope":{"containerScope":{"containerScope":{"containerScope":{"contributions":{},"includedScopes":[]},"contributions":{},"includedScopes":[]},"contributions":{},"includedScopes":[{"containerScope":{"containerScope":{"containerScope":{"contributions":{},"includedScopes":[]},"contributions":{},"includedScopes":[]},"contributions":{},"includedScopes":[]},"contributions":{},"includedScopes":[]}]},"contributions":{},"includedScopes":[]},"contributions":{},"includedScopes":[]},"contributions":{},"includedScopes":[]},"sourceMap":{"end":{"column":45,"line":7,"offset":120},"start":{"column":9,"line":7,"offset":84}},"value":{"args":[{"args":[{"id":"c0f0183d-d00c-4bdc-b258-21b85792803f","metadata":[],"scope":{"containerScope":{"containerScope":{"containerScope":{"containerScope":{"containerScope":{"containerScope":{"containerScope":{"containerScope":{"contributions":{},"includedScopes":[]},"contributions":{},"includedScopes":[]},"contributions":{},"includedScopes":[{"containerScope":{"containerScope":{"containerScope":{"contributions":{},"includedScopes":[]},"contributions":{},"includedScopes":[]},"contributions":{},"includedScopes":[]},"contributions":{},"includedScopes":[]}]},"contributions":{},"includedScopes":[]},"contributions":{},"includedScopes":[]},"contributions":{},"includedScopes":[]},"contributions":{},"includedScopes":[]},"contributions":{},"includedScopes":[]},"contributions":{},"includedScopes":[]},"sourceMap":{"end":{"column":45,"line":7,"offset":120},"start":{"column":43,"line":7,"offset":118}},"value":10}],"id":"c8b272bd-303b-4521-9d03-be3cd8f781c1","message":"/","metadata":[],"receiver":{"id":"793b13b3-3bc5-4a1e-8af8-7f34225fd1b5","metadata":[],"name":"distancia","scope":{"containerScope":{"containerScope":{"containerScope":{"containerScope":{"containerScope":{"containerScope":{"containerScope":{"containerScope":{"contributions":{},"includedScopes":[]},"contributions":{},"includedScopes":[]},"contributions":{},"includedScopes":[{"containerScope":{"containerScope":{"containerScope":{"contributions":{},"includedScopes":[]},"contributions":{},"includedScopes":[]},"contributions":{},"includedScopes":[]},"contributions":{},"includedScopes":[]}]},"contributions":{},"includedScopes":[]},"contributions":{},"includedScopes":[]},"contributions":{},"includedScopes":[]},"contributions":{},"includedScopes":[]},"contributions":{},"includedScopes":[]},"contributions":{},"includedScopes":[]},"sourceMap":{"end":{"column":42,"line":7,"offset":117},"start":{"column":33,"line":7,"offset":108}}},"scope":{"containerScope":{"containerScope":{"containerScope":{"containerScope":{"containerScope":{"containerScope":{"containerScope":{"contributions":{},"includedScopes":[]},"contributions":{},"includedScopes":[]},"contributions":{},"includedScopes":[{"containerScope":{"containerScope":{"containerScope":{"contributions":{},"includedScopes":[]},"contributions":{},"includedScopes":[]},"contributions":{},"includedScopes":[]},"contributions":{},"includedScopes":[]}]},"contributions":{},"includedScopes":[]},"contributions":{},"includedScopes":[]},"contributions":{},"includedScopes":[]},"contributions":{},"includedScopes":[]},"contributions":{},"includedScopes":[]},"sourceMap":{"end":{"column":45,"line":7,"offset":120},"start":{"column":33,"line":7,"offset":108}}}],"id":"391bc465-42bd-42b7-8409-0f25793ee3b6","message":"-","metadata":[],"receiver":{"args":[{"id":"3e2e9d2a-034b-4269-b0c5-b3d9f5875c52","metadata":[],"scope":{"containerScope":{"containerScope":{"containerScope":{"containerScope":{"containerScope":{"containerScope":{"containerScope":{"containerScope":{"contributions":{},"includedScopes":[]},"contributions":{},"includedScopes":[]},"contributions":{},"includedScopes":[{"containerScope":{"containerScope":{"containerScope":{"contributions":{},"includedScopes":[]},"contributions":{},"includedScopes":[]},"contributions":{},"includedScopes":[]},"contributions":{},"includedScopes":[]}]},"contributions":{},"includedScopes":[]},"contributions":{},"includedScopes":[]},"contributions":{},"includedScopes":[]},"contributions":{},"includedScopes":[]},"contributions":{},"includedScopes":[]},"contributions":{},"includedScopes":[]},"sourceMap":{"end":{"column":30,"line":7,"offset":105},"start":{"column":28,"line":7,"offset":103}},"value":10}],"id":"1264e08d-2f3e-456b-8c6a-5e8a2644eb9b","message":"-","metadata":[],"receiver":{"id":"d746ed70-8905-4b8d-b9cc-3de4050f17b2","metadata":[],"name":"energia","scope":{"containerScope":{"containerScope":{"containerScope":{"containerScope":{"containerScope":{"containerScope":{"containerScope":{"containerScope":{"contributions":{},"includedScopes":[]},"contributions":{},"includedScopes":[]},"contributions":{},"includedScopes":[{"containerScope":{"containerScope":{"containerScope":{"contributions":{},"includedScopes":[]},"contributions":{},"includedScopes":[]},"contributions":{},"includedScopes":[]},"contributions":{},"includedScopes":[]}]},"contributions":{},"includedScopes":[]},"contributions":{},"includedScopes":[]},"contributions":{},"includedScopes":[]},"contributions":{},"includedScopes":[]},"contributions":{},"includedScopes":[]},"contributions":{},"includedScopes":[]},"sourceMap":{"end":{"column":26,"line":7,"offset":101},"start":{"column":19,"line":7,"offset":94}}},"scope":{"containerScope":{"containerScope":{"containerScope":{"containerScope":{"containerScope":{"containerScope":{"containerScope":{"contributions":{},"includedScopes":[]},"contributions":{},"includedScopes":[]},"contributions":{},"includedScopes":[{"containerScope":{"containerScope":{"containerScope":{"contributions":{},"includedScopes":[]},"contributions":{},"includedScopes":[]},"contributions":{},"includedScopes":[]},"contributions":{},"includedScopes":[]}]},"contributions":{},"includedScopes":[]},"contributions":{},"includedScopes":[]},"contributions":{},"includedScopes":[]},"contributions":{},"includedScopes":[]},"contributions":{},"includedScopes":[]},"sourceMap":{"end":{"column":30,"line":7,"offset":105},"start":{"column":19,"line":7,"offset":94}}},"scope":{"containerScope":{"containerScope":{"containerScope":{"containerScope":{"containerScope":{"containerScope":{"contributions":{},"includedScopes":[]},"contributions":{},"includedScopes":[]},"contributions":{},"includedScopes":[{"containerScope":{"containerScope":{"containerScope":{"contributions":{},"includedScopes":[]},"contributions":{},"includedScopes":[]},"contributions":{},"includedScopes":[]},"contributions":{},"includedScopes":[]}]},"contributions":{},"includedScopes":[]},"contributions":{},"includedScopes":[]},"contributions":{},"includedScopes":[]},"contributions":{},"includedScopes":[]},"sourceMap":{"end":{"column":45,"line":7,"offset":120},"start":{"column":19,"line":7,"offset":94}}},"variable":{"id":"a1cfd862-bad7-4913-b4a7-24e978111b7f","metadata":[],"name":"energia","scope":{"containerScope":{"containerScope":{"containerScope":{"containerScope":{"containerScope":{"containerScope":{"contributions":{},"includedScopes":[]},"contributions":{},"includedScopes":[]},"contributions":{},"includedScopes":[{"containerScope":{"containerScope":{"containerScope":{"contributions":{},"includedScopes":[]},"contributions":{},"includedScopes":[]},"contributions":{},"includedScopes":[]},"contributions":{},"includedScopes":[]}]},"contributions":{},"includedScopes":[]},"contributions":{},"includedScopes":[]},"contributions":{},"includedScopes":[]},"contributions":{},"includedScopes":[]},"sourceMap":{"end":{"column":16,"line":7,"offset":91},"start":{"column":9,"line":7,"offset":84}}}}],"sourceMap":{"end":{"column":2,"line":9,"offset":125},"start":{"column":28,"line":5,"offset":71}}},"compiled":false,"id":"8eca8066-e585-4476-8383-fc64fe91bb4d","isOverride":false,"metadata":[],"name":"volar","parameters":[{"id":"aff86e2b-8ded-451b-b71b-d72511f662a2","isVarArg":false,"metadata":[],"name":"distancia","scope":{"containerScope":{"containerScope":{"containerScope":{"containerScope":{"contributions":{},"includedScopes":[]},"contributions":{},"includedScopes":[]},"contributions":{},"includedScopes":[{"containerScope":{"containerScope":{"containerScope":{"contributions":{},"includedScopes":[]},"contributions":{},"includedScopes":[]},"contributions":{},"includedScopes":[]},"contributions":{},"includedScopes":[]}]},"contributions":{},"includedScopes":[]},"contributions":{},"includedScopes":[]},"sourceMap":{"end":{"column":27,"line":5,"offset":70},"start":{"column":18,"line":5,"offset":61}}}],"problems":[],"scope":{"containerScope":{"containerScope":{"containerScope":{"contributions":{},"includedScopes":[]},"contributions":{},"includedScopes":[]},"contributions":{},"includedScopes":[{"containerScope":{"containerScope":{"containerScope":{"contributions":{},"includedScopes":[]},"contributions":{},"includedScopes":[]},"contributions":{},"includedScopes":[]},"contributions":{},"includedScopes":[]}]},"contributions":{},"includedScopes":[]},"sourceMap":{"end":{"column":2,"line":9,"offset":125},"start":{"column":5,"line":5,"offset":48}}},{"body":{"id":"7645aa92-3032-4910-a17f-a2bd25cceb01","metadata":[],"problems":[],"scope":{"containerScope":{"containerScope":{"containerScope":{"containerScope":{"contributions":{},"includedScopes":[]},"contributions":{},"includedScopes":[]},"contributions":{},"includedScopes":[{"containerScope":{"containerScope":{"containerScope":{"contributions":{},"includedScopes":[]},"contributions":{},"includedScopes":[]},"contributions":{},"includedScopes":[]},"contributions":{},"includedScopes":[]}]},"contributions":{},"includedScopes":[]},"contributions":{},"includedScopes":[]},"sentences":[{"id":"40d40317-3f4a-46ea-8ec5-cc525b045349","metadata":[],"scope":{"containerScope":{"containerScope":{"containerScope":{"containerScope":{"containerScope":{"contributions":{},"includedScopes":[]},"contributions":{},"includedScopes":[]},"contributions":{},"includedScopes":[{"containerScope":{"containerScope":{"containerScope":{"contributions":{},"includedScopes":[]},"contributions":{},"includedScopes":[]},"contributions":{},"includedScopes":[]},"contributions":{},"includedScopes":[]}]},"contributions":{},"includedScopes":[]},"contributions":{},"includedScopes":[]},"contributions":{},"includedScopes":[]},"sourceMap":{"end":{"column":31,"line":13,"offset":186},"start":{"column":9,"line":13,"offset":164}},"value":{"args":[{"id":"6fc5a306-f618-472c-9653-62734fd51653","metadata":[],"scope":{"containerScope":{"containerScope":{"containerScope":{"containerScope":{"containerScope":{"containerScope":{"containerScope":{"contributions":{},"includedScopes":[]},"contributions":{},"includedScopes":[]},"contributions":{},"includedScopes":[{"containerScope":{"containerScope":{"containerScope":{"contributions":{},"includedScopes":[]},"contributions":{},"includedScopes":[]},"contributions":{},"includedScopes":[]},"contributions":{},"includedScopes":[]}]},"contributions":{},"includedScopes":[]},"contributions":{},"includedScopes":[]},"contributions":{},"includedScopes":[]},"contributions":{},"includedScopes":[]},"contributions":{},"includedScopes":[]},"sourceMap":{"end":{"column":31,"line":13,"offset":186},"start":{"column":29,"line":13,"offset":184}},"value":10}],"id":"f06b85b6-4b8c-4ef8-b7b4-fdf10b23b84f","message":"+","metadata":[],"receiver":{"id":"0255062c-9277-4cc6-a528-fc14fdd5a095","metadata":[],"name":"energia","scope":{"containerScope":{"containerScope":{"containerScope":{"containerScope":{"containerScope":{"containerScope":{"containerScope":{"contributions":{},"includedScopes":[]},"contributions":{},"includedScopes":[]},"contributions":{},"includedScopes":[{"containerScope":{"containerScope":{"containerScope":{"contributions":{},"includedScopes":[]},"contributions":{},"includedScopes":[]},"contributions":{},"includedScopes":[]},"contributions":{},"includedScopes":[]}]},"contributions":{},"includedScopes":[]},"contributions":{},"includedScopes":[]},"contributions":{},"includedScopes":[]},"contributions":{},"includedScopes":[]},"contributions":{},"includedScopes":[]},"sourceMap":{"end":{"column":26,"line":13,"offset":181},"start":{"column":19,"line":13,"offset":174}}},"scope":{"containerScope":{"containerScope":{"containerScope":{"containerScope":{"containerScope":{"containerScope":{"contributions":{},"includedScopes":[]},"contributions":{},"includedScopes":[]},"contributions":{},"includedScopes":[{"containerScope":{"containerScope":{"containerScope":{"contributions":{},"includedScopes":[]},"contributions":{},"includedScopes":[]},"contributions":{},"includedScopes":[]},"contributions":{},"includedScopes":[]}]},"contributions":{},"includedScopes":[]},"contributions":{},"includedScopes":[]},"contributions":{},"includedScopes":[]},"contributions":{},"includedScopes":[]},"sourceMap":{"end":{"column":31,"line":13,"offset":186},"start":{"column":19,"line":13,"offset":174}}},"variable":{"id":"88a4a414-2dd6-47b3-8513-ca8bfb0f58e2","metadata":[],"name":"energia","scope":{"containerScope":{"containerScope":{"containerScope":{"containerScope":{"containerScope":{"containerScope":{"contributions":{},"includedScopes":[]},"contributions":{},"includedScopes":[]},"contributions":{},"includedScopes":[{"containerScope":{"containerScope":{"containerScope":{"contributions":{},"includedScopes":[]},"contributions":{},"includedScopes":[]},"contributions":{},"includedScopes":[]},"contributions":{},"includedScopes":[]}]},"contributions":{},"includedScopes":[]},"contributions":{},"includedScopes":[]},"contributions":{},"includedScopes":[]},"contributions":{},"includedScopes":[]},"sourceMap":{"end":{"column":16,"line":13,"offset":171},"start":{"column":9,"line":13,"offset":164}}}}],"sourceMap":{"end":{"column":2,"line":15,"offset":191},"start":{"column":23,"line":11,"offset":151}}},"compiled":false,"id":"f7452a3d-ac5f-41ed-bbc4-a305921f1285","isOverride":false,"metadata":[],"name":"descansar","parameters":[],"problems":[],"scope":{"containerScope":{"containerScope":{"containerScope":{"contributions":{},"includedScopes":[]},"contributions":{},"includedScopes":[]},"contributions":{},"includedScopes":[{"containerScope":{"containerScope":{"containerScope":{"contributions":{},"includedScopes":[]},"contributions":{},"includedScopes":[]},"contributions":{},"includedScopes":[]},"contributions":{},"includedScopes":[]}]},"contributions":{},"includedScopes":[]},"sourceMap":{"end":{"column":2,"line":15,"offset":191},"start":{"column":5,"line":11,"offset":133}}},{"body":{"id":"04422f88-84d2-4e87-9dd9-e280cffbe75c","metadata":[],"problems":[],"scope":{"containerScope":{"containerScope":{"containerScope":{"containerScope":{"contributions":{},"includedScopes":[]},"contributions":{},"includedScopes":[]},"contributions":{},"includedScopes":[{"containerScope":{"containerScope":{"containerScope":{"contributions":{},"includedScopes":[]},"contributions":{},"includedScopes":[]},"contributions":{},"includedScopes":[]},"contributions":{},"includedScopes":[]}]},"contributions":{},"includedScopes":[]},"contributions":{},"includedScopes":[]},"sentences":[{"id":"9f2054d5-7216-4b97-831e-62efd7901ea6","metadata":[],"scope":{"containerScope":{"containerScope":{"containerScope":{"containerScope":{"containerScope":{"contributions":{},"includedScopes":[]},"contributions":{},"includedScopes":[]},"contributions":{},"includedScopes":[{"containerScope":{"containerScope":{"containerScope":{"contributions":{},"includedScopes":[]},"contributions":{},"includedScopes":[]},"contributions":{},"includedScopes":[]},"contributions":{},"includedScopes":[]}]},"contributions":{},"includedScopes":[]},"contributions":{},"includedScopes":[]},"contributions":{},"includedScopes":[]},"sourceMap":{"end":{"column":55,"line":19,"offset":279},"start":{"column":9,"line":19,"offset":233}},"value":{"args":[{"args":[],"id":"ad801e7c-dd84-4731-9c54-4d0f42419e91","message":"energiaQueAporta","metadata":[],"receiver":{"id":"ac25ae3f-4db6-4193-8db3-e1a77d83a93f","metadata":[],"name":"alpiste","scope":{"containerScope":{"containerScope":{"containerScope":{"containerScope":{"containerScope":{"containerScope":{"containerScope":{"containerScope":{"contributions":{},"includedScopes":[]},"contributions":{},"includedScopes":[]},"contributions":{},"includedScopes":[{"containerScope":{"containerScope":{"containerScope":{"contributions":{},"includedScopes":[]},"contributions":{},"includedScopes":[]},"contributions":{},"includedScopes":[]},"contributions":{},"includedScopes":[]}]},"contributions":{},"includedScopes":[]},"contributions":{},"includedScopes":[]},"contributions":{},"includedScopes":[]},"contributions":{},"includedScopes":[]},"contributions":{},"includedScopes":[]},"contributions":{},"includedScopes":[]},"sourceMap":{"end":{"column":36,"line":19,"offset":260},"start":{"column":29,"line":19,"offset":253}}},"scope":{"containerScope":{"containerScope":{"containerScope":{"containerScope":{"containerScope":{"containerScope":{"containerScope":{"contributions":{},"includedScopes":[]},"contributions":{},"includedScopes":[]},"contributions":{},"includedScopes":[{"containerScope":{"containerScope":{"containerScope":{"contributions":{},"includedScopes":[]},"contributions":{},"includedScopes":[]},"contributions":{},"includedScopes":[]},"contributions":{},"includedScopes":[]}]},"contributions":{},"includedScopes":[]},"contributions":{},"includedScopes":[]},"contributions":{},"includedScopes":[]},"contributions":{},"includedScopes":[]},"contributions":{},"includedScopes":[]},"sourceMap":{"end":{"column":55,"line":19,"offset":279},"start":{"column":29,"line":19,"offset":253}}}],"id":"33f3a4a6-92b6-49ce-bba3-f94f430f56c1","message":"+","metadata":[],"receiver":{"id":"8f5526cc-c373-4669-b394-53772e410cc9","metadata":[],"name":"energia","scope":{"containerScope":{"containerScope":{"containerScope":{"containerScope":{"containerScope":{"containerScope":{"containerScope":{"contributions":{},"includedScopes":[]},"contributions":{},"includedScopes":[]},"contributions":{},"includedScopes":[{"containerScope":{"containerScope":{"containerScope":{"contributions":{},"includedScopes":[]},"contributions":{},"includedScopes":[]},"contributions":{},"includedScopes":[]},"contributions":{},"includedScopes":[]}]},"contributions":{},"includedScopes":[]},"contributions":{},"includedScopes":[]},"contributions":{},"includedScopes":[]},"contributions":{},"includedScopes":[]},"contributions":{},"includedScopes":[]},"sourceMap":{"end":{"column":26,"line":19,"offset":250},"start":{"column":19,"line":19,"offset":243}}},"scope":{"containerScope":{"containerScope":{"containerScope":{"containerScope":{"containerScope":{"containerScope":{"contributions":{},"includedScopes":[]},"contributions":{},"includedScopes":[]},"contributions":{},"includedScopes":[{"containerScope":{"containerScope":{"containerScope":{"contributions":{},"includedScopes":[]},"contributions":{},"includedScopes":[]},"contributions":{},"includedScopes":[]},"contributions":{},"includedScopes":[]}]},"contributions":{},"includedScopes":[]},"contributions":{},"includedScopes":[]},"contributions":{},"includedScopes":[]},"contributions":{},"includedScopes":[]},"sourceMap":{"end":{"column":55,"line":19,"offset":279},"start":{"column":19,"line":19,"offset":243}}},"variable":{"id":"34d2cbdd-39e7-4115-9023-6c4ae38be395","metadata":[],"name":"energia","scope":{"containerScope":{"containerScope":{"containerScope":{"containerScope":{"containerScope":{"containerScope":{"contributions":{},"includedScopes":[]},"contributions":{},"includedScopes":[]},"contributions":{},"includedScopes":[{"containerScope":{"containerScope":{"containerScope":{"contributions":{},"includedScopes":[]},"contributions":{},"includedScopes":[]},"contributions":{},"includedScopes":[]},"contributions":{},"includedScopes":[]}]},"contributions":{},"includedScopes":[]},"contributions":{},"includedScopes":[]},"contributions":{},"includedScopes":[]},"contributions":{},"includedScopes":[]},"sourceMap":{"end":{"column":16,"line":19,"offset":240},"start":{"column":9,"line":19,"offset":233}}}}],"sourceMap":{"end":{"column":2,"line":20,"offset":282},"start":{"column":26,"line":17,"offset":220}}},"compiled":false,"id":"bf2b15ab-94ac-4e60-9827-56d0ea02fdf4","isOverride":false,"metadata":[],"name":"comer","parameters":[{"id":"0abab15b-27d4-46ea-aa84-1b2eb0b37be0","isVarArg":false,"metadata":[],"name":"alpiste","scope":{"containerScope":{"containerScope":{"containerScope":{"containerScope":{"contributions":{},"includedScopes":[]},"contributions":{},"includedScopes":[]},"contributions":{},"includedScopes":[{"containerScope":{"containerScope":{"containerScope":{"contributions":{},"includedScopes":[]},"contributions":{},"includedScopes":[]},"contributions":{},"includedScopes":[]},"contributions":{},"includedScopes":[]}]},"contributions":{},"includedScopes":[]},"contributions":{},"includedScopes":[]},"sourceMap":{"end":{"column":25,"line":17,"offset":219},"start":{"column":18,"line":17,"offset":212}}}],"problems":[],"scope":{"containerScope":{"containerScope":{"containerScope":{"contributions":{},"includedScopes":[]},"contributions":{},"includedScopes":[]},"contributions":{},"includedScopes":[{"containerScope":{"containerScope":{"containerScope":{"contributions":{},"includedScopes":[]},"contributions":{},"includedScopes":[]},"contributions":{},"includedScopes":[]},"contributions":{},"includedScopes":[]}]},"contributions":{},"includedScopes":[]},"sourceMap":{"end":{"column":2,"line":20,"offset":282},"start":{"column":5,"line":17,"offset":199}}},{"body":{"id":"05296816-d853-4d28-9d38-ca54862a7cfc","metadata":[],"problems":[],"scope":{"containerScope":{"containerScope":{"containerScope":{"containerScope":{"contributions":{},"includedScopes":[]},"contributions":{},"includedScopes":[]},"contributions":{},"includedScopes":[{"containerScope":{"containerScope":{"containerScope":{"contributions":{},"includedScopes":[]},"contributions":{},"includedScopes":[]},"contributions":{},"includedScopes":[]},"contributions":{},"includedScopes":[]}]},"contributions":{},"includedScopes":[]},"contributions":{},"includedScopes":[]},"sentences":[{"id":"3c2ed6bf-ccc2-4f0b-974e-689f1e8ed3ab","metadata":[],"scope":{"containerScope":{"containerScope":{"containerScope":{"containerScope":{"containerScope":{"contributions":{},"includedScopes":[]},"contributions":{},"includedScopes":[]},"contributions":{},"includedScopes":[{"containerScope":{"containerScope":{"containerScope":{"contributions":{},"includedScopes":[]},"contributions":{},"includedScopes":[]},"contributions":{},"includedScopes":[]},"contributions":{},"includedScopes":[]}]},"contributions":{},"includedScopes":[]},"contributions":{},"includedScopes":[]},"contributions":{},"includedScopes":[]},"sourceMap":{"end":{"column":28,"line":25,"offset":340},"start":{"column":9,"line":25,"offset":321}},"value":{"args":[{"id":"31d6f585-d8ce-48ee-94c1-88213779e0f6","metadata":[],"scope":{"containerScope":{"containerScope":{"containerScope":{"containerScope":{"containerScope":{"containerScope":{"containerScope":{"contributions":{},"includedScopes":[]},"contributions":{},"includedScopes":[]},"contributions":{},"includedScopes":[{"containerScope":{"containerScope":{"containerScope":{"contributions":{},"includedScopes":[]},"contributions":{},"includedScopes":[]},"contributions":{},"includedScopes":[]},"contributions":{},"includedScopes":[]}]},"contributions":{},"includedScopes":[]},"contributions":{},"includedScopes":[]},"contributions":{},"includedScopes":[]},"contributions":{},"includedScopes":[]},"contributions":{},"includedScopes":[]},"sourceMap":{"end":{"column":28,"line":25,"offset":340},"start":{"column":26,"line":25,"offset":338}},"value":30}],"id":"1c967ca6-3d6d-4fe1-a598-dc6bf71a80c6","message":"<","metadata":[],"receiver":{"id":"3fce331e-4229-4399-9838-38615d7ce315","metadata":[],"name":"energia","scope":{"containerScope":{"containerScope":{"containerScope":{"containerScope":{"containerScope":{"containerScope":{"containerScope":{"contributions":{},"includedScopes":[]},"contributions":{},"includedScopes":[]},"contributions":{},"includedScopes":[{"containerScope":{"containerScope":{"containerScope":{"contributions":{},"includedScopes":[]},"contributions":{},"includedScopes":[]},"contributions":{},"includedScopes":[]},"contributions":{},"includedScopes":[]}]},"contributions":{},"includedScopes":[]},"contributions":{},"includedScopes":[]},"contributions":{},"includedScopes":[]},"contributions":{},"includedScopes":[]},"contributions":{},"includedScopes":[]},"sourceMap":{"end":{"column":23,"line":25,"offset":335},"start":{"column":16,"line":25,"offset":328}}},"scope":{"containerScope":{"containerScope":{"containerScope":{"containerScope":{"containerScope":{"containerScope":{"contributions":{},"includedScopes":[]},"contributions":{},"includedScopes":[]},"contributions":{},"includedScopes":[{"containerScope":{"containerScope":{"containerScope":{"contributions":{},"includedScopes":[]},"contributions":{},"includedScopes":[]},"contributions":{},"includedScopes":[]},"contributions":{},"includedScopes":[]}]},"contributions":{},"includedScopes":[]},"contributions":{},"includedScopes":[]},"contributions":{},"includedScopes":[]},"contributions":{},"includedScopes":[]},"sourceMap":{"end":{"column":28,"line":25,"offset":340},"start":{"column":16,"line":25,"offset":328}}}}],"sourceMap":{"end":{"column":6,"line":27,"offset":349},"start":{"column":21,"line":23,"offset":308}}},"compiled":false,"id":"4b8521d4-483a-4d5a-a0e2-2cc41f8e9893","isOverride":false,"metadata":[],"name":"cansada","parameters":[],"problems":[],"scope":{"containerScope":{"containerScope":{"containerScope":{"contributions":{},"includedScopes":[]},"contributions":{},"includedScopes":[]},"contributions":{},"includedScopes":[{"containerScope":{"containerScope":{"containerScope":{"contributions":{},"includedScopes":[]},"contributions":{},"includedScopes":[]},"contributions":{},"includedScopes":[]},"contributions":{},"includedScopes":[]}]},"contributions":{},"includedScopes":[]},"sourceMap":{"end":{"column":6,"line":27,"offset":349},"start":{"column":5,"line":23,"offset":292}}}],"metadata":[],"name":"pepita","problems":[],"scope":{"containerScope":{"containerScope":{"contributions":{},"includedScopes":[]},"contributions":{},"includedScopes":[]},"contributions":{},"includedScopes":[{"containerScope":{"containerScope":{"containerScope":{"contributions":{},"includedScopes":[]},"contributions":{},"includedScopes":[]},"contributions":{},"includedScopes":[]},"contributions":{},"includedScopes":[]}]},"sourceMap":{"end":{"column":2,"line":29,"offset":354},"start":{"column":1,"line":1,"offset":0}},"supertypes":[]},{"id":"996a160a-3cb3-4f67-81bc-8185ac999ca8","members":[{"body":{"id":"379cbee4-21de-4281-8eba-453f7eaa8175","metadata":[],"problems":[],"scope":{"containerScope":{"containerScope":{"containerScope":{"containerScope":{"contributions":{},"includedScopes":[]},"contributions":{},"includedScopes":[]},"contributions":{},"includedScopes":[{"containerScope":{"containerScope":{"containerScope":{"contributions":{},"includedScopes":[]},"contributions":{},"includedScopes":[]},"contributions":{},"includedScopes":[]},"contributions":{},"includedScopes":[]}]},"contributions":{},"includedScopes":[]},"contributions":{},"includedScopes":[]},"sentences":[{"id":"cdda523a-a6d5-4767-a490-5fcb1dd960a5","metadata":[],"scope":{"containerScope":{"containerScope":{"containerScope":{"containerScope":{"containerScope":{"contributions":{},"includedScopes":[]},"contributions":{},"includedScopes":[]},"contributions":{},"includedScopes":[{"containerScope":{"containerScope":{"containerScope":{"contributions":{},"includedScopes":[]},"contributions":{},"includedScopes":[]},"contributions":{},"includedScopes":[]},"contributions":{},"includedScopes":[]}]},"contributions":{},"includedScopes":[]},"contributions":{},"includedScopes":[]},"contributions":{},"includedScopes":[]},"sourceMap":{"end":{"column":18,"line":38,"offset":438},"start":{"column":9,"line":38,"offset":429}},"value":{"id":"5ca439a3-1dbb-469f-a478-592a19db236b","metadata":[],"scope":{"containerScope":{"containerScope":{"containerScope":{"containerScope":{"containerScope":{"containerScope":{"contributions":{},"includedScopes":[]},"contributions":{},"includedScopes":[]},"contributions":{},"includedScopes":[{"containerScope":{"containerScope":{"containerScope":{"contributions":{},"includedScopes":[]},"contributions":{},"includedScopes":[]},"contributions":{},"includedScopes":[]},"contributions":{},"includedScopes":[]}]},"contributions":{},"includedScopes":[]},"contributions":{},"includedScopes":[]},"contributions":{},"includedScopes":[]},"contributions":{},"includedScopes":[]},"sourceMap":{"end":{"column":18,"line":38,"offset":438},"start":{"column":16,"line":38,"offset":436}},"value":25}}],"sourceMap":{"end":{"column":6,"line":40,"offset":447},"start":{"column":30,"line":36,"offset":416}}},"compiled":false,"id":"8dc82e13-078e-4e35-a606-0e16a6f8d1ce","isOverride":false,"metadata":[],"name":"energiaQueAporta","parameters":[],"problems":[],"scope":{"containerScope":{"containerScope":{"containerScope":{"contributions":{},"includedScopes":[]},"contributions":{},"includedScopes":[]},"contributions":{},"includedScopes":[{"containerScope":{"containerScope":{"containerScope":{"contributions":{},"includedScopes":[]},"contributions":{},"includedScopes":[]},"contributions":{},"includedScopes":[]},"contributions":{},"includedScopes":[]}]},"contributions":{},"includedScopes":[]},"sourceMap":{"end":{"column":6,"line":40,"offset":447},"start":{"column":5,"line":36,"offset":391}}}],"metadata":[],"name":"alpiste","problems":[],"scope":{"containerScope":{"containerScope":{"contributions":{},"includedScopes":[]},"contributions":{},"includedScopes":[]},"contributions":{},"includedScopes":[{"containerScope":{"containerScope":{"containerScope":{"contributions":{},"includedScopes":[]},"contributions":{},"includedScopes":[]},"contributions":{},"includedScopes":[]},"contributions":{},"includedScopes":[]}]},"sourceMap":{"end":{"column":2,"line":42,"offset":452},"start":{"column":1,"line":33,"offset":362}},"supertypes":[]}],"metadata":[],"name":"pepita","problems":[{"code":"malformedEntity","sourceMap":{"end":{"column":2,"line":54,"offset":592},"start":{"column":1,"line":45,"offset":458}}}],"scope":{"containerScope":{"contributions":{},"includedScopes":[]},"contributions":{},"includedScopes":[]}},"stack":"Error: Failed to print, found malformed node\n    at c:\\Users\\lukas\\.vscode\\extensions\\uqbar.wollok-lsp-ide-0.5.4\\out\\server\\src\\server.js:68:3585\n    at Kbn (c:\\Users\\lukas\\.vscode\\extensions\\uqbar.wollok-lsp-ide-0.5.4\\out\\server\\src\\server.js:68:3396)\n    at c:\\Users\\lukas\\.vscode\\extensions\\uqbar.wollok-lsp-ide-0.5.4\\out\\server\\src\\server.js:2398:847\n    at c:\\Users\\lukas\\.vscode\\extensions\\uqbar.wollok-lsp-ide-0.5.4\\out\\server\\src\\server.js:2398:8440\n    at c:\\Users\\lukas\\.vscode\\extensions\\uqbar.wollok-lsp-ide-0.5.4\\out\\server\\src\\server.js:37:74770\n    at Ke (c:\\Users\\lukas\\.vscode\\extensions\\uqbar.wollok-lsp-ide-0.5.4\\out\\server\\src\\server.js:7:8527)\n    at Lt (c:\\Users\\lukas\\.vscode\\extensions\\uqbar.wollok-lsp-ide-0.5.4\\out\\server\\src\\server.js:7:6189)\n    at ct (c:\\Users\\lukas\\.vscode\\extensions\\uqbar.wollok-lsp-ide-0.5.4\\out\\server\\src\\server.js:7:6378)\n    at Immediate._onImmediate (c:\\Users\\lukas\\.vscode\\extensions\\uqbar.wollok-lsp-ide-0.5.4\\out\\server\\src\\server.js:7:6142)\n    at process.processImmediate (node:internal/timers:504:21)","timestamp":"2026-08-14T13:03:31.459Z"}
{"level":"error","message":"✘ Failed to get type description: Error: Failed to print, found malformed node Failed to print, found malformed node","node":{"fileName":"pepita.wlk","id":"7f6be2cd-cde2-4d6b-a03c-53685cff9c15","imports":[],"members":[{"id":"9c3b6605-2456-48d5-88a8-fd515cdd3981","members":[{"id":"def95f53-4331-41e9-aef8-478f60000c2d","isConstant":false,"isProperty":false,"metadata":[],"name":"energia","scope":{"containerScope":{"containerScope":{"containerScope":{"contributions":{},"includedScopes":[]},"contributions":{},"includedScopes":[]},"contributions":{},"includedScopes":[{"containerScope":{"containerScope":{"containerScope":{"contributions":{},"includedScopes":[]},"contributions":{},"includedScopes":[]},"contributions":{},"includedScopes":[]},"contributions":{},"includedScopes":[]}]},"contributions":{},"includedScopes":[]},"sourceMap":{"end":{"column":22,"line":3,"offset":40},"start":{"column":5,"line":3,"offset":23}},"value":{"id":"aaafcfbd-1935-42d2-9eac-b4e3b8acca07","metadata":[],"scope":{"containerScope":{"containerScope":{"containerScope":{"containerScope":{"contributions":{},"includedScopes":[]},"contributions":{},"includedScopes":[]},"contributions":{},"includedScopes":[{"containerScope":{"containerScope":{"containerScope":{"contributions":{},"includedScopes":[]},"contributions":{},"includedScopes":[]},"contributions":{},"includedScopes":[]},"contributions":{},"includedScopes":[]}]},"contributions":{},"includedScopes":[]},"contributions":{},"includedScopes":[]},"sourceMap":{"end":{"column":22,"line":3,"offset":40},"start":{"column":19,"line":3,"offset":37}},"value":100}},{"body":{"id":"c21d5d57-19c4-4343-900c-331400d48b19","metadata":[],"problems":[],"scope":{"containerScope":{"containerScope":{"containerScope":{"containerScope":{"contributions":{},"includedScopes":[]},"contributions":{},"includedScopes":[]},"contributions":{},"includedScopes":[{"containerScope":{"containerScope":{"containerScope":{"contributions":{},"includedScopes":[]},"contributions":{},"includedScopes":[]},"contributions":{},"includedScopes":[]},"contributions":{},"includedScopes":[]}]},"contributions":{},"includedScopes":[]},"contributions":{},"includedScopes":[]},"sentences":[{"id":"6416d5e6-217f-4b7e-95eb-aa57df1e00c6","metadata":[],"scope":{"containerScope":{"containerScope":{"containerScope":{"containerScope":{"containerScope":{"contributions":{},"includedScopes":[]},"contributions":{},"includedScopes":[]},"contributions":{},"includedScopes":[{"containerScope":{"containerScope":{"containerScope":{"contributions":{},"includedScopes":[]},"contributions":{},"includedScopes":[]},"contributions":{},"includedScopes":[]},"contributions":{},"includedScopes":[]}]},"contributions":{},"includedScopes":[]},"contributions":{},"includedScopes":[]},"contributions":{},"includedScopes":[]},"sourceMap":{"end":{"column":45,"line":7,"offset":120},"start":{"column":9,"line":7,"offset":84}},"value":{"args":[{"args":[{"id":"c0f0183d-d00c-4bdc-b258-21b85792803f","metadata":[],"scope":{"containerScope":{"containerScope":{"containerScope":{"containerScope":{"containerScope":{"containerScope":{"containerScope":{"containerScope":{"contributions":{},"includedScopes":[]},"contributions":{},"includedScopes":[]},"contributions":{},"includedScopes":[{"containerScope":{"containerScope":{"containerScope":{"contributions":{},"includedScopes":[]},"contributions":{},"includedScopes":[]},"contributions":{},"includedScopes":[]},"contributions":{},"includedScopes":[]}]},"contributions":{},"includedScopes":[]},"contributions":{},"includedScopes":[]},"contributions":{},"includedScopes":[]},"contributions":{},"includedScopes":[]},"contributions":{},"includedScopes":[]},"contributions":{},"includedScopes":[]},"sourceMap":{"end":{"column":45,"line":7,"offset":120},"start":{"column":43,"line":7,"offset":118}},"value":10}],"id":"c8b272bd-303b-4521-9d03-be3cd8f781c1","message":"/","metadata":[],"receiver":{"id":"793b13b3-3bc5-4a1e-8af8-7f34225fd1b5","metadata":[],"name":"distancia","scope":{"containerScope":{"containerScope":{"containerScope":{"containerScope":{"containerScope":{"containerScope":{"containerScope":{"containerScope":{"contributions":{},"includedScopes":[]},"contributions":{},"includedScopes":[]},"contributions":{},"includedScopes":[{"containerScope":{"containerScope":{"containerScope":{"contributions":{},"includedScopes":[]},"contributions":{},"includedScopes":[]},"contributions":{},"includedScopes":[]},"contributions":{},"includedScopes":[]}]},"contributions":{},"includedScopes":[]},"contributions":{},"includedScopes":[]},"contributions":{},"includedScopes":[]},"contributions":{},"includedScopes":[]},"contributions":{},"includedScopes":[]},"contributions":{},"includedScopes":[]},"sourceMap":{"end":{"column":42,"line":7,"offset":117},"start":{"column":33,"line":7,"offset":108}}},"scope":{"containerScope":{"containerScope":{"containerScope":{"containerScope":{"containerScope":{"containerScope":{"containerScope":{"contributions":{},"includedScopes":[]},"contributions":{},"includedScopes":[]},"contributions":{},"includedScopes":[{"containerScope":{"containerScope":{"containerScope":{"contributions":{},"includedScopes":[]},"contributions":{},"includedScopes":[]},"contributions":{},"includedScopes":[]},"contributions":{},"includedScopes":[]}]},"contributions":{},"includedScopes":[]},"contributions":{},"includedScopes":[]},"contributions":{},"includedScopes":[]},"contributions":{},"includedScopes":[]},"contributions":{},"includedScopes":[]},"sourceMap":{"end":{"column":45,"line":7,"offset":120},"start":{"column":33,"line":7,"offset":108}}}],"id":"391bc465-42bd-42b7-8409-0f25793ee3b6","message":"-","metadata":[],"receiver":{"args":[{"id":"3e2e9d2a-034b-4269-b0c5-b3d9f5875c52","metadata":[],"scope":{"containerScope":{"containerScope":{"containerScope":{"containerScope":{"containerScope":{"containerScope":{"containerScope":{"containerScope":{"contributions":{},"includedScopes":[]},"contributions":{},"includedScopes":[]},"contributions":{},"includedScopes":[{"containerScope":{"containerScope":{"containerScope":{"contributions":{},"includedScopes":[]},"contributions":{},"includedScopes":[]},"contributions":{},"includedScopes":[]},"contributions":{},"includedScopes":[]}]},"contributions":{},"includedScopes":[]},"contributions":{},"includedScopes":[]},"contributions":{},"includedScopes":[]},"contributions":{},"includedScopes":[]},"contributions":{},"includedScopes":[]},"contributions":{},"includedScopes":[]},"sourceMap":{"end":{"column":30,"line":7,"offset":105},"start":{"column":28,"line":7,"offset":103}},"value":10}],"id":"1264e08d-2f3e-456b-8c6a-5e8a2644eb9b","message":"-","metadata":[],"receiver":{"id":"d746ed70-8905-4b8d-b9cc-3de4050f17b2","metadata":[],"name":"energia","scope":{"containerScope":{"containerScope":{"containerScope":{"containerScope":{"containerScope":{"containerScope":{"containerScope":{"containerScope":{"contributions":{},"includedScopes":[]},"contributions":{},"includedScopes":[]},"contributions":{},"includedScopes":[{"containerScope":{"containerScope":{"containerScope":{"contributions":{},"includedScopes":[]},"contributions":{},"includedScopes":[]},"contributions":{},"includedScopes":[]},"contributions":{},"includedScopes":[]}]},"contributions":{},"includedScopes":[]},"contributions":{},"includedScopes":[]},"contributions":{},"includedScopes":[]},"contributions":{},"includedScopes":[]},"contributions":{},"includedScopes":[]},"contributions":{},"includedScopes":[]},"sourceMap":{"end":{"column":26,"line":7,"offset":101},"start":{"column":19,"line":7,"offset":94}}},"scope":{"containerScope":{"containerScope":{"containerScope":{"containerScope":{"containerScope":{"containerScope":{"containerScope":{"contributions":{},"includedScopes":[]},"contributions":{},"includedScopes":[]},"contributions":{},"includedScopes":[{"containerScope":{"containerScope":{"containerScope":{"contributions":{},"includedScopes":[]},"contributions":{},"includedScopes":[]},"contributions":{},"includedScopes":[]},"contributions":{},"includedScopes":[]}]},"contributions":{},"includedScopes":[]},"contributions":{},"includedScopes":[]},"contributions":{},"includedScopes":[]},"contributions":{},"includedScopes":[]},"contributions":{},"includedScopes":[]},"sourceMap":{"end":{"column":30,"line":7,"offset":105},"start":{"column":19,"line":7,"offset":94}}},"scope":{"containerScope":{"containerScope":{"containerScope":{"containerScope":{"containerScope":{"containerScope":{"contributions":{},"includedScopes":[]},"contributions":{},"includedScopes":[]},"contributions":{},"includedScopes":[{"containerScope":{"containerScope":{"containerScope":{"contributions":{},"includedScopes":[]},"contributions":{},"includedScopes":[]},"contributions":{},"includedScopes":[]},"contributions":{},"includedScopes":[]}]},"contributions":{},"includedScopes":[]},"contributions":{},"includedScopes":[]},"contributions":{},"includedScopes":[]},"contributions":{},"includedScopes":[]},"sourceMap":{"end":{"column":45,"line":7,"offset":120},"start":{"column":19,"line":7,"offset":94}}},"variable":{"id":"a1cfd862-bad7-4913-b4a7-24e978111b7f","metadata":[],"name":"energia","scope":{"containerScope":{"containerScope":{"containerScope":{"containerScope":{"containerScope":{"containerScope":{"contributions":{},"includedScopes":[]},"contributions":{},"includedScopes":[]},"contributions":{},"includedScopes":[{"containerScope":{"containerScope":{"containerScope":{"contributions":{},"includedScopes":[]},"contributions":{},"includedScopes":[]},"contributions":{},"includedScopes":[]},"contributions":{},"includedScopes":[]}]},"contributions":{},"includedScopes":[]},"contributions":{},"includedScopes":[]},"contributions":{},"includedScopes":[]},"contributions":{},"includedScopes":[]},"sourceMap":{"end":{"column":16,"line":7,"offset":91},"start":{"column":9,"line":7,"offset":84}}}}],"sourceMap":{"end":{"column":2,"line":9,"offset":125},"start":{"column":28,"line":5,"offset":71}}},"compiled":false,"id":"8eca8066-e585-4476-8383-fc64fe91bb4d","isOverride":false,"metadata":[],"name":"volar","parameters":[{"id":"aff86e2b-8ded-451b-b71b-d72511f662a2","isVarArg":false,"metadata":[],"name":"distancia","scope":{"containerScope":{"containerScope":{"containerScope":{"containerScope":{"contributions":{},"includedScopes":[]},"contributions":{},"includedScopes":[]},"contributions":{},"includedScopes":[{"containerScope":{"containerScope":{"containerScope":{"contributions":{},"includedScopes":[]},"contributions":{},"includedScopes":[]},"contributions":{},"includedScopes":[]},"contributions":{},"includedScopes":[]}]},"contributions":{},"includedScopes":[]},"contributions":{},"includedScopes":[]},"sourceMap":{"end":{"column":27,"line":5,"offset":70},"start":{"column":18,"line":5,"offset":61}}}],"problems":[],"scope":{"containerScope":{"containerScope":{"containerScope":{"contributions":{},"includedScopes":[]},"contributions":{},"includedScopes":[]},"contributions":{},"includedScopes":[{"containerScope":{"containerScope":{"containerScope":{"contributions":{},"includedScopes":[]},"contributions":{},"includedScopes":[]},"contributions":{},"includedScopes":[]},"contributions":{},"includedScopes":[]}]},"contributions":{},"includedScopes":[]},"sourceMap":{"end":{"column":2,"line":9,"offset":125},"start":{"column":5,"line":5,"offset":48}}},{"body":{"id":"7645aa92-3032-4910-a17f-a2bd25cceb01","metadata":[],"problems":[],"scope":{"containerScope":{"containerScope":{"containerScope":{"containerScope":{"contributions":{},"includedScopes":[]},"contributions":{},"includedScopes":[]},"contributions":{},"includedScopes":[{"containerScope":{"containerScope":{"containerScope":{"contributions":{},"includedScopes":[]},"contributions":{},"includedScopes":[]},"contributions":{},"includedScopes":[]},"contributions":{},"includedScopes":[]}]},"contributions":{},"includedScopes":[]},"contributions":{},"includedScopes":[]},"sentences":[{"id":"40d40317-3f4a-46ea-8ec5-cc525b045349","metadata":[],"scope":{"containerScope":{"containerScope":{"containerScope":{"containerScope":{"containerScope":{"contributions":{},"includedScopes":[]},"contributions":{},"includedScopes":[]},"contributions":{},"includedScopes":[{"containerScope":{"containerScope":{"containerScope":{"contributions":{},"includedScopes":[]},"contributions":{},"includedScopes":[]},"contributions":{},"includedScopes":[]},"contributions":{},"includedScopes":[]}]},"contributions":{},"includedScopes":[]},"contributions":{},"includedScopes":[]},"contributions":{},"includedScopes":[]},"sourceMap":{"end":{"column":31,"line":13,"offset":186},"start":{"column":9,"line":13,"offset":164}},"value":{"args":[{"id":"6fc5a306-f618-472c-9653-62734fd51653","metadata":[],"scope":{"containerScope":{"containerScope":{"containerScope":{"containerScope":{"containerScope":{"containerScope":{"containerScope":{"contributions":{},"includedScopes":[]},"contributions":{},"includedScopes":[]},"contributions":{},"includedScopes":[{"containerScope":{"containerScope":{"containerScope":{"contributions":{},"includedScopes":[]},"contributions":{},"includedScopes":[]},"contributions":{},"includedScopes":[]},"contributions":{},"includedScopes":[]}]},"contributions":{},"includedScopes":[]},"contributions":{},"includedScopes":[]},"contributions":{},"includedScopes":[]},"contributions":{},"includedScopes":[]},"contributions":{},"includedScopes":[]},"sourceMap":{"end":{"column":31,"line":13,"offset":186},"start":{"column":29,"line":13,"offset":184}},"value":10}],"id":"f06b85b6-4b8c-4ef8-b7b4-fdf10b23b84f","message":"+","metadata":[],"receiver":{"id":"0255062c-9277-4cc6-a528-fc14fdd5a095","metadata":[],"name":"energia","scope":{"containerScope":{"containerScope":{"containerScope":{"containerScope":{"containerScope":{"containerScope":{"containerScope":{"contributions":{},"includedScopes":[]},"contributions":{},"includedScopes":[]},"contributions":{},"includedScopes":[{"containerScope":{"containerScope":{"containerScope":{"contributions":{},"includedScopes":[]},"contributions":{},"includedScopes":[]},"contributions":{},"includedScopes":[]},"contributions":{},"includedScopes":[]}]},"contributions":{},"includedScopes":[]},"contributions":{},"includedScopes":[]},"contributions":{},"includedScopes":[]},"contributions":{},"includedScopes":[]},"contributions":{},"includedScopes":[]},"sourceMap":{"end":{"column":26,"line":13,"offset":181},"start":{"column":19,"line":13,"offset":174}}},"scope":{"containerScope":{"containerScope":{"containerScope":{"containerScope":{"containerScope":{"containerScope":{"contributions":{},"includedScopes":[]},"contributions":{},"includedScopes":[]},"contributions":{},"includedScopes":[{"containerScope":{"containerScope":{"containerScope":{"contributions":{},"includedScopes":[]},"contributions":{},"includedScopes":[]},"contributions":{},"includedScopes":[]},"contributions":{},"includedScopes":[]}]},"contributions":{},"includedScopes":[]},"contributions":{},"includedScopes":[]},"contributions":{},"includedScopes":[]},"contributions":{},"includedScopes":[]},"sourceMap":{"end":{"column":31,"line":13,"offset":186},"start":{"column":19,"line":13,"offset":174}}},"variable":{"id":"88a4a414-2dd6-47b3-8513-ca8bfb0f58e2","metadata":[],"name":"energia","scope":{"containerScope":{"containerScope":{"containerScope":{"containerScope":{"containerScope":{"containerScope":{"contributions":{},"includedScopes":[]},"contributions":{},"includedScopes":[]},"contributions":{},"includedScopes":[{"containerScope":{"containerScope":{"containerScope":{"contributions":{},"includedScopes":[]},"contributions":{},"includedScopes":[]},"contributions":{},"includedScopes":[]},"contributions":{},"includedScopes":[]}]},"contributions":{},"includedScopes":[]},"contributions":{},"includedScopes":[]},"contributions":{},"includedScopes":[]},"contributions":{},"includedScopes":[]},"sourceMap":{"end":{"column":16,"line":13,"offset":171},"start":{"column":9,"line":13,"offset":164}}}}],"sourceMap":{"end":{"column":2,"line":15,"offset":191},"start":{"column":23,"line":11,"offset":151}}},"compiled":false,"id":"f7452a3d-ac5f-41ed-bbc4-a305921f1285","isOverride":false,"metadata":[],"name":"descansar","parameters":[],"problems":[],"scope":{"containerScope":{"containerScope":{"containerScope":{"contributions":{},"includedScopes":[]},"contributions":{},"includedScopes":[]},"contributions":{},"includedScopes":[{"containerScope":{"containerScope":{"containerScope":{"contributions":{},"includedScopes":[]},"contributions":{},"includedScopes":[]},"contributions":{},"includedScopes":[]},"contributions":{},"includedScopes":[]}]},"contributions":{},"includedScopes":[]},"sourceMap":{"end":{"column":2,"line":15,"offset":191},"start":{"column":5,"line":11,"offset":133}}},{"body":{"id":"04422f88-84d2-4e87-9dd9-e280cffbe75c","metadata":[],"problems":[],"scope":{"containerScope":{"containerScope":{"containerScope":{"containerScope":{"contributions":{},"includedScopes":[]},"contributions":{},"includedScopes":[]},"contributions":{},"includedScopes":[{"containerScope":{"containerScope":{"containerScope":{"contributions":{},"includedScopes":[]},"contributions":{},"includedScopes":[]},"contributions":{},"includedScopes":[]},"contributions":{},"includedScopes":[]}]},"contributions":{},"includedScopes":[]},"contributions":{},"includedScopes":[]},"sentences":[{"id":"9f2054d5-7216-4b97-831e-62efd7901ea6","metadata":[],"scope":{"containerScope":{"containerScope":{"containerScope":{"containerScope":{"containerScope":{"contributions":{},"includedScopes":[]},"contributions":{},"includedScopes":[]},"contributions":{},"includedScopes":[{"containerScope":{"containerScope":{"containerScope":{"contributions":{},"includedScopes":[]},"contributions":{},"includedScopes":[]},"contributions":{},"includedScopes":[]},"contributions":{},"includedScopes":[]}]},"contributions":{},"includedScopes":[]},"contributions":{},"includedScopes":[]},"contributions":{},"includedScopes":[]},"sourceMap":{"end":{"column":55,"line":19,"offset":279},"start":{"column":9,"line":19,"offset":233}},"value":{"args":[{"args":[],"id":"ad801e7c-dd84-4731-9c54-4d0f42419e91","message":"energiaQueAporta","metadata":[],"receiver":{"id":"ac25ae3f-4db6-4193-8db3-e1a77d83a93f","metadata":[],"name":"alpiste","scope":{"containerScope":{"containerScope":{"containerScope":{"containerScope":{"containerScope":{"containerScope":{"containerScope":{"containerScope":{"contributions":{},"includedScopes":[]},"contributions":{},"includedScopes":[]},"contributions":{},"includedScopes":[{"containerScope":{"containerScope":{"containerScope":{"contributions":{},"includedScopes":[]},"contributions":{},"includedScopes":[]},"contributions":{},"includedScopes":[]},"contributions":{},"includedScopes":[]}]},"contributions":{},"includedScopes":[]},"contributions":{},"includedScopes":[]},"contributions":{},"includedScopes":[]},"contributions":{},"includedScopes":[]},"contributions":{},"includedScopes":[]},"contributions":{},"includedScopes":[]},"sourceMap":{"end":{"column":36,"line":19,"offset":260},"start":{"column":29,"line":19,"offset":253}}},"scope":{"containerScope":{"containerScope":{"containerScope":{"containerScope":{"containerScope":{"containerScope":{"containerScope":{"contributions":{},"includedScopes":[]},"contributions":{},"includedScopes":[]},"contributions":{},"includedScopes":[{"containerScope":{"containerScope":{"containerScope":{"contributions":{},"includedScopes":[]},"contributions":{},"includedScopes":[]},"contributions":{},"includedScopes":[]},"contributions":{},"includedScopes":[]}]},"contributions":{},"includedScopes":[]},"contributions":{},"includedScopes":[]},"contributions":{},"includedScopes":[]},"contributions":{},"includedScopes":[]},"contributions":{},"includedScopes":[]},"sourceMap":{"end":{"column":55,"line":19,"offset":279},"start":{"column":29,"line":19,"offset":253}}}],"id":"33f3a4a6-92b6-49ce-bba3-f94f430f56c1","message":"+","metadata":[],"receiver":{"id":"8f5526cc-c373-4669-b394-53772e410cc9","metadata":[],"name":"energia","scope":{"containerScope":{"containerScope":{"containerScope":{"containerScope":{"containerScope":{"containerScope":{"containerScope":{"contributions":{},"includedScopes":[]},"contributions":{},"includedScopes":[]},"contributions":{},"includedScopes":[{"containerScope":{"containerScope":{"containerScope":{"contributions":{},"includedScopes":[]},"contributions":{},"includedScopes":[]},"contributions":{},"includedScopes":[]},"contributions":{},"includedScopes":[]}]},"contributions":{},"includedScopes":[]},"contributions":{},"includedScopes":[]},"contributions":{},"includedScopes":[]},"contributions":{},"includedScopes":[]},"contributions":{},"includedScopes":[]},"sourceMap":{"end":{"column":26,"line":19,"offset":250},"start":{"column":19,"line":19,"offset":243}}},"scope":{"containerScope":{"containerScope":{"containerScope":{"containerScope":{"containerScope":{"containerScope":{"contributions":{},"includedScopes":[]},"contributions":{},"includedScopes":[]},"contributions":{},"includedScopes":[{"containerScope":{"containerScope":{"containerScope":{"contributions":{},"includedScopes":[]},"contributions":{},"includedScopes":[]},"contributions":{},"includedScopes":[]},"contributions":{},"includedScopes":[]}]},"contributions":{},"includedScopes":[]},"contributions":{},"includedScopes":[]},"contributions":{},"includedScopes":[]},"contributions":{},"includedScopes":[]},"sourceMap":{"end":{"column":55,"line":19,"offset":279},"start":{"column":19,"line":19,"offset":243}}},"variable":{"id":"34d2cbdd-39e7-4115-9023-6c4ae38be395","metadata":[],"name":"energia","scope":{"containerScope":{"containerScope":{"containerScope":{"containerScope":{"containerScope":{"containerScope":{"contributions":{},"includedScopes":[]},"contributions":{},"includedScopes":[]},"contributions":{},"includedScopes":[{"containerScope":{"containerScope":{"containerScope":{"contributions":{},"includedScopes":[]},"contributions":{},"includedScopes":[]},"contributions":{},"includedScopes":[]},"contributions":{},"includedScopes":[]}]},"contributions":{},"includedScopes":[]},"contributions":{},"includedScopes":[]},"contributions":{},"includedScopes":[]},"contributions":{},"includedScopes":[]},"sourceMap":{"end":{"column":16,"line":19,"offset":240},"start":{"column":9,"line":19,"offset":233}}}}],"sourceMap":{"end":{"column":2,"line":20,"offset":282},"start":{"column":26,"line":17,"offset":220}}},"compiled":false,"id":"bf2b15ab-94ac-4e60-9827-56d0ea02fdf4","isOverride":false,"metadata":[],"name":"comer","parameters":[{"id":"0abab15b-27d4-46ea-aa84-1b2eb0b37be0","isVarArg":false,"metadata":[],"name":"alpiste","scope":{"containerScope":{"containerScope":{"containerScope":{"containerScope":{"contributions":{},"includedScopes":[]},"contributions":{},"includedScopes":[]},"contributions":{},"includedScopes":[{"containerScope":{"containerScope":{"containerScope":{"contributions":{},"includedScopes":[]},"contributions":{},"includedScopes":[]},"contributions":{},"includedScopes":[]},"contributions":{},"includedScopes":[]}]},"contributions":{},"includedScopes":[]},"contributions":{},"includedScopes":[]},"sourceMap":{"end":{"column":25,"line":17,"offset":219},"start":{"column":18,"line":17,"offset":212}}}],"problems":[],"scope":{"containerScope":{"containerScope":{"containerScope":{"contributions":{},"includedScopes":[]},"contributions":{},"includedScopes":[]},"contributions":{},"includedScopes":[{"containerScope":{"containerScope":{"containerScope":{"contributions":{},"includedScopes":[]},"contributions":{},"includedScopes":[]},"contributions":{},"includedScopes":[]},"contributions":{},"includedScopes":[]}]},"contributions":{},"includedScopes":[]},"sourceMap":{"end":{"column":2,"line":20,"offset":282},"start":{"column":5,"line":17,"offset":199}}},{"body":{"id":"05296816-d853-4d28-9d38-ca54862a7cfc","metadata":[],"problems":[],"scope":{"containerScope":{"containerScope":{"containerScope":{"containerScope":{"contributions":{},"includedScopes":[]},"contributions":{},"includedScopes":[]},"contributions":{},"includedScopes":[{"containerScope":{"containerScope":{"containerScope":{"contributions":{},"includedScopes":[]},"contributions":{},"includedScopes":[]},"contributions":{},"includedScopes":[]},"contributions":{},"includedScopes":[]}]},"contributions":{},"includedScopes":[]},"contributions":{},"includedScopes":[]},"sentences":[{"id":"3c2ed6bf-ccc2-4f0b-974e-689f1e8ed3ab","metadata":[],"scope":{"containerScope":{"containerScope":{"containerScope":{"containerScope":{"containerScope":{"contributions":{},"includedScopes":[]},"contributions":{},"includedScopes":[]},"contributions":{},"includedScopes":[{"containerScope":{"containerScope":{"containerScope":{"contributions":{},"includedScopes":[]},"contributions":{},"includedScopes":[]},"contributions":{},"includedScopes":[]},"contributions":{},"includedScopes":[]}]},"contributions":{},"includedScopes":[]},"contributions":{},"includedScopes":[]},"contributions":{},"includedScopes":[]},"sourceMap":{"end":{"column":28,"line":25,"offset":340},"start":{"column":9,"line":25,"offset":321}},"value":{"args":[{"id":"31d6f585-d8ce-48ee-94c1-88213779e0f6","metadata":[],"scope":{"containerScope":{"containerScope":{"containerScope":{"containerScope":{"containerScope":{"containerScope":{"containerScope":{"contributions":{},"includedScopes":[]},"contributions":{},"includedScopes":[]},"contributions":{},"includedScopes":[{"containerScope":{"containerScope":{"containerScope":{"contributions":{},"includedScopes":[]},"contributions":{},"includedScopes":[]},"contributions":{},"includedScopes":[]},"contributions":{},"includedScopes":[]}]},"contributions":{},"includedScopes":[]},"contributions":{},"includedScopes":[]},"contributions":{},"includedScopes":[]},"contributions":{},"includedScopes":[]},"contributions":{},"includedScopes":[]},"sourceMap":{"end":{"column":28,"line":25,"offset":340},"start":{"column":26,"line":25,"offset":338}},"value":30}],"id":"1c967ca6-3d6d-4fe1-a598-dc6bf71a80c6","message":"<","metadata":[],"receiver":{"id":"3fce331e-4229-4399-9838-38615d7ce315","metadata":[],"name":"energia","scope":{"containerScope":{"containerScope":{"containerScope":{"containerScope":{"containerScope":{"containerScope":{"containerScope":{"contributions":{},"includedScopes":[]},"contributions":{},"includedScopes":[]},"contributions":{},"includedScopes":[{"containerScope":{"containerScope":{"containerScope":{"contributions":{},"includedScopes":[]},"contributions":{},"includedScopes":[]},"contributions":{},"includedScopes":[]},"contributions":{},"includedScopes":[]}]},"contributions":{},"includedScopes":[]},"contributions":{},"includedScopes":[]},"contributions":{},"includedScopes":[]},"contributions":{},"includedScopes":[]},"contributions":{},"includedScopes":[]},"sourceMap":{"end":{"column":23,"line":25,"offset":335},"start":{"column":16,"line":25,"offset":328}}},"scope":{"containerScope":{"containerScope":{"containerScope":{"containerScope":{"containerScope":{"containerScope":{"contributions":{},"includedScopes":[]},"contributions":{},"includedScopes":[]},"contributions":{},"includedScopes":[{"containerScope":{"containerScope":{"containerScope":{"contributions":{},"includedScopes":[]},"contributions":{},"includedScopes":[]},"contributions":{},"includedScopes":[]},"contributions":{},"includedScopes":[]}]},"contributions":{},"includedScopes":[]},"contributions":{},"includedScopes":[]},"contributions":{},"includedScopes":[]},"contributions":{},"includedScopes":[]},"sourceMap":{"end":{"column":28,"line":25,"offset":340},"start":{"column":16,"line":25,"offset":328}}}}],"sourceMap":{"end":{"column":6,"line":27,"offset":349},"start":{"column":21,"line":23,"offset":308}}},"compiled":false,"id":"4b8521d4-483a-4d5a-a0e2-2cc41f8e9893","isOverride":false,"metadata":[],"name":"cansada","parameters":[],"problems":[],"scope":{"containerScope":{"containerScope":{"containerScope":{"contributions":{},"includedScopes":[]},"contributions":{},"includedScopes":[]},"contributions":{},"includedScopes":[{"containerScope":{"containerScope":{"containerScope":{"contributions":{},"includedScopes":[]},"contributions":{},"includedScopes":[]},"contributions":{},"includedScopes":[]},"contributions":{},"includedScopes":[]}]},"contributions":{},"includedScopes":[]},"sourceMap":{"end":{"column":6,"line":27,"offset":349},"start":{"column":5,"line":23,"offset":292}}}],"metadata":[],"name":"pepita","problems":[],"scope":{"containerScope":{"containerScope":{"contributions":{},"includedScopes":[]},"contributions":{},"includedScopes":[]},"contributions":{},"includedScopes":[{"containerScope":{"containerScope":{"containerScope":{"contributions":{},"includedScopes":[]},"contributions":{},"includedScopes":[]},"contributions":{},"includedScopes":[]},"contributions":{},"includedScopes":[]}]},"sourceMap":{"end":{"column":2,"line":29,"offset":354},"start":{"column":1,"line":1,"offset":0}},"supertypes":[]},{"id":"996a160a-3cb3-4f67-81bc-8185ac999ca8","members":[{"body":{"id":"379cbee4-21de-4281-8eba-453f7eaa8175","metadata":[],"problems":[],"scope":{"containerScope":{"containerScope":{"containerScope":{"containerScope":{"contributions":{},"includedScopes":[]},"contributions":{},"includedScopes":[]},"contributions":{},"includedScopes":[{"containerScope":{"containerScope":{"containerScope":{"contributions":{},"includedScopes":[]},"contributions":{},"includedScopes":[]},"contributions":{},"includedScopes":[]},"contributions":{},"includedScopes":[]}]},"contributions":{},"includedScopes":[]},"contributions":{},"includedScopes":[]},"sentences":[{"id":"cdda523a-a6d5-4767-a490-5fcb1dd960a5","metadata":[],"scope":{"containerScope":{"containerScope":{"containerScope":{"containerScope":{"containerScope":{"contributions":{},"includedScopes":[]},"contributions":{},"includedScopes":[]},"contributions":{},"includedScopes":[{"containerScope":{"containerScope":{"containerScope":{"contributions":{},"includedScopes":[]},"contributions":{},"includedScopes":[]},"contributions":{},"includedScopes":[]},"contributions":{},"includedScopes":[]}]},"contributions":{},"includedScopes":[]},"contributions":{},"includedScopes":[]},"contributions":{},"includedScopes":[]},"sourceMap":{"end":{"column":18,"line":38,"offset":438},"start":{"column":9,"line":38,"offset":429}},"value":{"id":"5ca439a3-1dbb-469f-a478-592a19db236b","metadata":[],"scope":{"containerScope":{"containerScope":{"containerScope":{"containerScope":{"containerScope":{"containerScope":{"contributions":{},"includedScopes":[]},"contributions":{},"includedScopes":[]},"contributions":{},"includedScopes":[{"containerScope":{"containerScope":{"containerScope":{"contributions":{},"includedScopes":[]},"contributions":{},"includedScopes":[]},"contributions":{},"includedScopes":[]},"contributions":{},"includedScopes":[]}]},"contributions":{},"includedScopes":[]},"contributions":{},"includedScopes":[]},"contributions":{},"includedScopes":[]},"contributions":{},"includedScopes":[]},"sourceMap":{"end":{"column":18,"line":38,"offset":438},"start":{"column":16,"line":38,"offset":436}},"value":25}}],"sourceMap":{"end":{"column":6,"line":40,"offset":447},"start":{"column":30,"line":36,"offset":416}}},"compiled":false,"id":"8dc82e13-078e-4e35-a606-0e16a6f8d1ce","isOverride":false,"metadata":[],"name":"energiaQueAporta","parameters":[],"problems":[],"scope":{"containerScope":{"containerScope":{"containerScope":{"contributions":{},"includedScopes":[]},"contributions":{},"includedScopes":[]},"contributions":{},"includedScopes":[{"containerScope":{"containerScope":{"containerScope":{"contributions":{},"includedScopes":[]},"contributions":{},"includedScopes":[]},"contributions":{},"includedScopes":[]},"contributions":{},"includedScopes":[]}]},"contributions":{},"includedScopes":[]},"sourceMap":{"end":{"column":6,"line":40,"offset":447},"start":{"column":5,"line":36,"offset":391}}}],"metadata":[],"name":"alpiste","problems":[],"scope":{"containerScope":{"containerScope":{"contributions":{},"includedScopes":[]},"contributions":{},"includedScopes":[]},"contributions":{},"includedScopes":[{"containerScope":{"containerScope":{"containerScope":{"contributions":{},"includedScopes":[]},"contributions":{},"includedScopes":[]},"contributions":{},"includedScopes":[]},"contributions":{},"includedScopes":[]}]},"sourceMap":{"end":{"column":2,"line":42,"offset":452},"start":{"column":1,"line":33,"offset":362}},"supertypes":[]}],"metadata":[],"name":"pepita","problems":[{"code":"malformedEntity","sourceMap":{"end":{"column":2,"line":54,"offset":592},"start":{"column":1,"line":45,"offset":458}}}],"scope":{"containerScope":{"contributions":{},"includedScopes":[]},"contributions":{},"includedScopes":[]}},"stack":"Error: Failed to print, found malformed node\n    at c:\\Users\\lukas\\.vscode\\extensions\\uqbar.wollok-lsp-ide-0.5.4\\out\\server\\src\\server.js:68:3585\n    at Kbn (c:\\Users\\lukas\\.vscode\\extensions\\uqbar.wollok-lsp-ide-0.5.4\\out\\server\\src\\server.js:68:3396)\n    at c:\\Users\\lukas\\.vscode\\extensions\\uqbar.wollok-lsp-ide-0.5.4\\out\\server\\src\\server.js:2398:847\n    at c:\\Users\\lukas\\.vscode\\extensions\\uqbar.wollok-lsp-ide-0.5.4\\out\\server\\src\\server.js:2398:8440\n    at c:\\Users\\lukas\\.vscode\\extensions\\uqbar.wollok-lsp-ide-0.5.4\\out\\server\\src\\server.js:37:74770\n    at Ke (c:\\Users\\lukas\\.vscode\\extensions\\uqbar.wollok-lsp-ide-0.5.4\\out\\server\\src\\server.js:7:8527)\n    at Lt (c:\\Users\\lukas\\.vscode\\extensions\\uqbar.wollok-lsp-ide-0.5.4\\out\\server\\src\\server.js:7:6189)\n    at ct (c:\\Users\\lukas\\.vscode\\extensions\\uqbar.wollok-lsp-ide-0.5.4\\out\\server\\src\\server.js:7:6378)\n    at Immediate._onImmediate (c:\\Users\\lukas\\.vscode\\extensions\\uqbar.wollok-lsp-ide-0.5.4\\out\\server\\src\\server.js:7:6142)\n    at process.processImmediate (node:internal/timers:504:21)","timestamp":"2026-08-14T13:03:34.241Z"}
{"level":"info","message":"⌛ Building environment","timeElapsed":343,"timestamp":"2026-08-14T13:03:40.840Z"}
{"level":"info","message":"⌛ Validating pepita.wlk","timeElapsed":333,"timestamp":"2026-08-14T13:03:41.223Z"}
{"level":"info","message":"⌛ Building environment","timeElapsed":847,"timestamp":"2026-08-14T13:03:50.348Z"}
{"level":"info","message":"⌛ Validating pepita.wlk","timeElapsed":328,"timestamp":"2026-08-14T13:03:50.699Z"}
{"level":"error","message":"✘ Failed to get type description: Error: Failed to print, found malformed node Failed to print, found malformed node","node":{"fileName":"pepita.wlk","id":"235c6ec6-ac98-4aa6-904f-ee813dd087e5","imports":[],"members":[{"id":"3da0b026-9b95-4608-affc-9e43c2b38f64","members":[{"id":"73f74c7f-7772-49d4-a9af-9d6f67eedbcf","isConstant":false,"isProperty":false,"metadata":[],"name":"energia","scope":{"containerScope":{"containerScope":{"containerScope":{"contributions":{},"includedScopes":[]},"contributions":{},"includedScopes":[]},"contributions":{},"includedScopes":[{"containerScope":{"containerScope":{"containerScope":{"contributions":{},"includedScopes":[]},"contributions":{},"includedScopes":[]},"contributions":{},"includedScopes":[]},"contributions":{},"includedScopes":[]}]},"contributions":{},"includedScopes":[]},"sourceMap":{"end":{"column":22,"line":3,"offset":40},"start":{"column":5,"line":3,"offset":23}},"value":{"id":"3dcbce39-790c-4f70-b011-611bc570f4b0","metadata":[],"scope":{"containerScope":{"containerScope":{"containerScope":{"containerScope":{"contributions":{},"includedScopes":[]},"contributions":{},"includedScopes":[]},"contributions":{},"includedScopes":[{"containerScope":{"containerScope":{"containerScope":{"contributions":{},"includedScopes":[]},"contributions":{},"includedScopes":[]},"contributions":{},"includedScopes":[]},"contributions":{},"includedScopes":[]}]},"contributions":{},"includedScopes":[]},"contributions":{},"includedScopes":[]},"sourceMap":{"end":{"column":22,"line":3,"offset":40},"start":{"column":19,"line":3,"offset":37}},"value":100}},{"body":{"id":"2f700ca3-7650-4399-a488-bd35717790f1","metadata":[],"problems":[],"scope":{"containerScope":{"containerScope":{"containerScope":{"containerScope":{"contributions":{},"includedScopes":[]},"contributions":{},"includedScopes":[]},"contributions":{},"includedScopes":[{"containerScope":{"containerScope":{"containerScope":{"contributions":{},"includedScopes":[]},"contributions":{},"includedScopes":[]},"contributions":{},"includedScopes":[]},"contributions":{},"includedScopes":[]}]},"contributions":{},"includedScopes":[]},"contributions":{},"includedScopes":[]},"sentences":[{"id":"9ad0981a-6630-40fe-ac31-5ba4f3b082a2","metadata":[],"scope":{"containerScope":{"containerScope":{"containerScope":{"containerScope":{"containerScope":{"contributions":{},"includedScopes":[]},"contributions":{},"includedScopes":[]},"contributions":{},"includedScopes":[{"containerScope":{"containerScope":{"containerScope":{"contributions":{},"includedScopes":[]},"contributions":{},"includedScopes":[]},"contributions":{},"includedScopes":[]},"contributions":{},"includedScopes":[]}]},"contributions":{},"includedScopes":[]},"contributions":{},"includedScopes":[]},"contributions":{},"includedScopes":[]},"sourceMap":{"end":{"column":45,"line":7,"offset":120},"start":{"column":9,"line":7,"offset":84}},"value":{"args":[{"args":[{"id":"bb5f503d-636a-4d4b-abc4-d6c0b2649918","metadata":[],"scope":{"containerScope":{"containerScope":{"containerScope":{"containerScope":{"containerScope":{"containerScope":{"containerScope":{"containerScope":{"contributions":{},"includedScopes":[]},"contributions":{},"includedScopes":[]},"contributions":{},"includedScopes":[{"containerScope":{"containerScope":{"containerScope":{"contributions":{},"includedScopes":[]},"contributions":{},"includedScopes":[]},"contributions":{},"includedScopes":[]},"contributions":{},"includedScopes":[]}]},"contributions":{},"includedScopes":[]},"contributions":{},"includedScopes":[]},"contributions":{},"includedScopes":[]},"contributions":{},"includedScopes":[]},"contributions":{},"includedScopes":[]},"contributions":{},"includedScopes":[]},"sourceMap":{"end":{"column":45,"line":7,"offset":120},"start":{"column":43,"line":7,"offset":118}},"value":10}],"id":"6d327633-88ea-421b-888f-eabe25a6cad9","message":"/","metadata":[],"receiver":{"id":"16e30e53-d22e-4b03-8223-ca9a5dd57847","metadata":[],"name":"distancia","scope":{"containerScope":{"containerScope":{"containerScope":{"containerScope":{"containerScope":{"containerScope":{"containerScope":{"containerScope":{"contributions":{},"includedScopes":[]},"contributions":{},"includedScopes":[]},"contributions":{},"includedScopes":[{"containerScope":{"containerScope":{"containerScope":{"contributions":{},"includedScopes":[]},"contributions":{},"includedScopes":[]},"contributions":{},"includedScopes":[]},"contributions":{},"includedScopes":[]}]},"contributions":{},"includedScopes":[]},"contributions":{},"includedScopes":[]},"contributions":{},"includedScopes":[]},"contributions":{},"includedScopes":[]},"contributions":{},"includedScopes":[]},"contributions":{},"includedScopes":[]},"sourceMap":{"end":{"column":42,"line":7,"offset":117},"start":{"column":33,"line":7,"offset":108}}},"scope":{"containerScope":{"containerScope":{"containerScope":{"containerScope":{"containerScope":{"containerScope":{"containerScope":{"contributions":{},"includedScopes":[]},"contributions":{},"includedScopes":[]},"contributions":{},"includedScopes":[{"containerScope":{"containerScope":{"containerScope":{"contributions":{},"includedScopes":[]},"contributions":{},"includedScopes":[]},"contributions":{},"includedScopes":[]},"contributions":{},"includedScopes":[]}]},"contributions":{},"includedScopes":[]},"contributions":{},"includedScopes":[]},"contributions":{},"includedScopes":[]},"contributions":{},"includedScopes":[]},"contributions":{},"includedScopes":[]},"sourceMap":{"end":{"column":45,"line":7,"offset":120},"start":{"column":33,"line":7,"offset":108}}}],"id":"b80028a5-af32-4477-9c01-fe9bb4121f7f","message":"-","metadata":[],"receiver":{"args":[{"id":"312693e5-eef4-4443-8257-bf4cedfb7b0a","metadata":[],"scope":{"containerScope":{"containerScope":{"containerScope":{"containerScope":{"containerScope":{"containerScope":{"containerScope":{"containerScope":{"contributions":{},"includedScopes":[]},"contributions":{},"includedScopes":[]},"contributions":{},"includedScopes":[{"containerScope":{"containerScope":{"containerScope":{"contributions":{},"includedScopes":[]},"contributions":{},"includedScopes":[]},"contributions":{},"includedScopes":[]},"contributions":{},"includedScopes":[]}]},"contributions":{},"includedScopes":[]},"contributions":{},"includedScopes":[]},"contributions":{},"includedScopes":[]},"contributions":{},"includedScopes":[]},"contributions":{},"includedScopes":[]},"contributions":{},"includedScopes":[]},"sourceMap":{"end":{"column":30,"line":7,"offset":105},"start":{"column":28,"line":7,"offset":103}},"value":10}],"id":"3f172146-99be-49a5-84b0-5bc483811f12","message":"-","metadata":[],"receiver":{"id":"9041706e-e238-48dc-a123-ff90ee254af9","metadata":[],"name":"energia","scope":{"containerScope":{"containerScope":{"containerScope":{"containerScope":{"containerScope":{"containerScope":{"containerScope":{"containerScope":{"contributions":{},"includedScopes":[]},"contributions":{},"includedScopes":[]},"contributions":{},"includedScopes":[{"containerScope":{"containerScope":{"containerScope":{"contributions":{},"includedScopes":[]},"contributions":{},"includedScopes":[]},"contributions":{},"includedScopes":[]},"contributions":{},"includedScopes":[]}]},"contributions":{},"includedScopes":[]},"contributions":{},"includedScopes":[]},"contributions":{},"includedScopes":[]},"contributions":{},"includedScopes":[]},"contributions":{},"includedScopes":[]},"contributions":{},"includedScopes":[]},"sourceMap":{"end":{"column":26,"line":7,"offset":101},"start":{"column":19,"line":7,"offset":94}}},"scope":{"containerScope":{"containerScope":{"containerScope":{"containerScope":{"containerScope":{"containerScope":{"containerScope":{"contributions":{},"includedScopes":[]},"contributions":{},"includedScopes":[]},"contributions":{},"includedScopes":[{"containerScope":{"containerScope":{"containerScope":{"contributions":{},"includedScopes":[]},"contributions":{},"includedScopes":[]},"contributions":{},"includedScopes":[]},"contributions":{},"includedScopes":[]}]},"contributions":{},"includedScopes":[]},"contributions":{},"includedScopes":[]},"contributions":{},"includedScopes":[]},"contributions":{},"includedScopes":[]},"contributions":{},"includedScopes":[]},"sourceMap":{"end":{"column":30,"line":7,"offset":105},"start":{"column":19,"line":7,"offset":94}}},"scope":{"containerScope":{"containerScope":{"containerScope":{"containerScope":{"containerScope":{"containerScope":{"contributions":{},"includedScopes":[]},"contributions":{},"includedScopes":[]},"contributions":{},"includedScopes":[{"containerScope":{"containerScope":{"containerScope":{"contributions":{},"includedScopes":[]},"contributions":{},"includedScopes":[]},"contributions":{},"includedScopes":[]},"contributions":{},"includedScopes":[]}]},"contributions":{},"includedScopes":[]},"contributions":{},"includedScopes":[]},"contributions":{},"includedScopes":[]},"contributions":{},"includedScopes":[]},"sourceMap":{"end":{"column":45,"line":7,"offset":120},"start":{"column":19,"line":7,"offset":94}}},"variable":{"id":"522bce69-3228-47d1-bea1-851632b5759b","metadata":[],"name":"energia","scope":{"containerScope":{"containerScope":{"containerScope":{"containerScope":{"containerScope":{"containerScope":{"contributions":{},"includedScopes":[]},"contributions":{},"includedScopes":[]},"contributions":{},"includedScopes":[{"containerScope":{"containerScope":{"containerScope":{"contributions":{},"includedScopes":[]},"contributions":{},"includedScopes":[]},"contributions":{},"includedScopes":[]},"contributions":{},"includedScopes":[]}]},"contributions":{},"includedScopes":[]},"contributions":{},"includedScopes":[]},"contributions":{},"includedScopes":[]},"contributions":{},"includedScopes":[]},"sourceMap":{"end":{"column":16,"line":7,"offset":91},"start":{"column":9,"line":7,"offset":84}}}}],"sourceMap":{"end":{"column":2,"line":9,"offset":125},"start":{"column":28,"line":5,"offset":71}}},"compiled":false,"id":"c35d2281-7460-4130-ad2d-284c9fd0e5d8","isOverride":false,"metadata":[],"name":"volar","parameters":[{"id":"89481fa6-a8ad-43a2-a3eb-fd7455cc69b9","isVarArg":false,"metadata":[],"name":"distancia","scope":{"containerScope":{"containerScope":{"containerScope":{"containerScope":{"contributions":{},"includedScopes":[]},"contributions":{},"includedScopes":[]},"contributions":{},"includedScopes":[{"containerScope":{"containerScope":{"containerScope":{"contributions":{},"includedScopes":[]},"contributions":{},"includedScopes":[]},"contributions":{},"includedScopes":[]},"contributions":{},"includedScopes":[]}]},"contributions":{},"includedScopes":[]},"contributions":{},"includedScopes":[]},"sourceMap":{"end":{"column":27,"line":5,"offset":70},"start":{"column":18,"line":5,"offset":61}}}],"problems":[],"scope":{"containerScope":{"containerScope":{"containerScope":{"contributions":{},"includedScopes":[]},"contributions":{},"includedScopes":[]},"contributions":{},"includedScopes":[{"containerScope":{"containerScope":{"containerScope":{"contributions":{},"includedScopes":[]},"contributions":{},"includedScopes":[]},"contributions":{},"includedScopes":[]},"contributions":{},"includedScopes":[]}]},"contributions":{},"includedScopes":[]},"sourceMap":{"end":{"column":2,"line":9,"offset":125},"start":{"column":5,"line":5,"offset":48}}},{"body":{"id":"129d45ed-d4a0-4d61-8f30-0baa68554087","metadata":[],"problems":[],"scope":{"containerScope":{"containerScope":{"containerScope":{"containerScope":{"contributions":{},"includedScopes":[]},"contributions":{},"includedScopes":[]},"contributions":{},"includedScopes":[{"containerScope":{"containerScope":{"containerScope":{"contributions":{},"includedScopes":[]},"contributions":{},"includedScopes":[]},"contributions":{},"includedScopes":[]},"contributions":{},"includedScopes":[]}]},"contributions":{},"includedScopes":[]},"contributions":{},"includedScopes":[]},"sentences":[{"id":"195f49dc-2097-4215-97ad-f9aedb422aa2","metadata":[],"scope":{"containerScope":{"containerScope":{"containerScope":{"containerScope":{"containerScope":{"contributions":{},"includedScopes":[]},"contributions":{},"includedScopes":[]},"contributions":{},"includedScopes":[{"containerScope":{"containerScope":{"containerScope":{"contributions":{},"includedScopes":[]},"contributions":{},"includedScopes":[]},"contributions":{},"includedScopes":[]},"contributions":{},"includedScopes":[]}]},"contributions":{},"includedScopes":[]},"contributions":{},"includedScopes":[]},"contributions":{},"includedScopes":[]},"sourceMap":{"end":{"column":31,"line":13,"offset":186},"start":{"column":9,"line":13,"offset":164}},"value":{"args":[{"id":"f0166df0-70e8-4d6b-ab08-284170fa1dce","metadata":[],"scope":{"containerScope":{"containerScope":{"containerScope":{"containerScope":{"containerScope":{"containerScope":{"containerScope":{"contributions":{},"includedScopes":[]},"contributions":{},"includedScopes":[]},"contributions":{},"includedScopes":[{"containerScope":{"containerScope":{"containerScope":{"contributions":{},"includedScopes":[]},"contributions":{},"includedScopes":[]},"contributions":{},"includedScopes":[]},"contributions":{},"includedScopes":[]}]},"contributions":{},"includedScopes":[]},"contributions":{},"includedScopes":[]},"contributions":{},"includedScopes":[]},"contributions":{},"includedScopes":[]},"contributions":{},"includedScopes":[]},"sourceMap":{"end":{"column":31,"line":13,"offset":186},"start":{"column":29,"line":13,"offset":184}},"value":10}],"id":"02b76fb9-efcb-4bd2-adfb-8c8a9f65110e","message":"+","metadata":[],"receiver":{"id":"0d574092-0903-4575-9a44-52513f72b138","metadata":[],"name":"energia","scope":{"containerScope":{"containerScope":{"containerScope":{"containerScope":{"containerScope":{"containerScope":{"containerScope":{"contributions":{},"includedScopes":[]},"contributions":{},"includedScopes":[]},"contributions":{},"includedScopes":[{"containerScope":{"containerScope":{"containerScope":{"contributions":{},"includedScopes":[]},"contributions":{},"includedScopes":[]},"contributions":{},"includedScopes":[]},"contributions":{},"includedScopes":[]}]},"contributions":{},"includedScopes":[]},"contributions":{},"includedScopes":[]},"contributions":{},"includedScopes":[]},"contributions":{},"includedScopes":[]},"contributions":{},"includedScopes":[]},"sourceMap":{"end":{"column":26,"line":13,"offset":181},"start":{"column":19,"line":13,"offset":174}}},"scope":{"containerScope":{"containerScope":{"containerScope":{"containerScope":{"containerScope":{"containerScope":{"contributions":{},"includedScopes":[]},"contributions":{},"includedScopes":[]},"contributions":{},"includedScopes":[{"containerScope":{"containerScope":{"containerScope":{"contributions":{},"includedScopes":[]},"contributions":{},"includedScopes":[]},"contributions":{},"includedScopes":[]},"contributions":{},"includedScopes":[]}]},"contributions":{},"includedScopes":[]},"contributions":{},"includedScopes":[]},"contributions":{},"includedScopes":[]},"contributions":{},"includedScopes":[]},"sourceMap":{"end":{"column":31,"line":13,"offset":186},"start":{"column":19,"line":13,"offset":174}}},"variable":{"id":"981ff5be-1fa1-4592-b37b-c70ae8c07574","metadata":[],"name":"energia","scope":{"containerScope":{"containerScope":{"containerScope":{"containerScope":{"containerScope":{"containerScope":{"contributions":{},"includedScopes":[]},"contributions":{},"includedScopes":[]},"contributions":{},"includedScopes":[{"containerScope":{"containerScope":{"containerScope":{"contributions":{},"includedScopes":[]},"contributions":{},"includedScopes":[]},"contributions":{},"includedScopes":[]},"contributions":{},"includedScopes":[]}]},"contributions":{},"includedScopes":[]},"contributions":{},"includedScopes":[]},"contributions":{},"includedScopes":[]},"contributions":{},"includedScopes":[]},"sourceMap":{"end":{"column":16,"line":13,"offset":171},"start":{"column":9,"line":13,"offset":164}}}}],"sourceMap":{"end":{"column":2,"line":15,"offset":191},"start":{"column":23,"line":11,"offset":151}}},"compiled":false,"id":"1f29d970-eb65-4447-8a2a-4207211cef17","isOverride":false,"metadata":[],"name":"descansar","parameters":[],"problems":[],"scope":{"containerScope":{"containerScope":{"containerScope":{"contributions":{},"includedScopes":[]},"contributions":{},"includedScopes":[]},"contributions":{},"includedScopes":[{"containerScope":{"containerScope":{"containerScope":{"contributions":{},"includedScopes":[]},"contributions":{},"includedScopes":[]},"contributions":{},"includedScopes":[]},"contributions":{},"includedScopes":[]}]},"contributions":{},"includedScopes":[]},"sourceMap":{"end":{"column":2,"line":15,"offset":191},"start":{"column":5,"line":11,"offset":133}}},{"body":{"id":"b16d7a8f-357e-44c2-a020-cf52d763fdac","metadata":[],"problems":[],"scope":{"containerScope":{"containerScope":{"containerScope":{"containerScope":{"contributions":{},"includedScopes":[]},"contributions":{},"includedScopes":[]},"contributions":{},"includedScopes":[{"containerScope":{"containerScope":{"containerScope":{"contributions":{},"includedScopes":[]},"contributions":{},"includedScopes":[]},"contributions":{},"includedScopes":[]},"contributions":{},"includedScopes":[]}]},"contributions":{},"includedScopes":[]},"contributions":{},"includedScopes":[]},"sentences":[{"id":"1e8ddc3d-7ffd-4372-a203-c191c07ebafb","metadata":[],"scope":{"containerScope":{"containerScope":{"containerScope":{"containerScope":{"containerScope":{"contributions":{},"includedScopes":[]},"contributions":{},"includedScopes":[]},"contributions":{},"includedScopes":[{"containerScope":{"containerScope":{"containerScope":{"contributions":{},"includedScopes":[]},"contributions":{},"includedScopes":[]},"contributions":{},"includedScopes":[]},"contributions":{},"includedScopes":[]}]},"contributions":{},"includedScopes":[]},"contributions":{},"includedScopes":[]},"contributions":{},"includedScopes":[]},"sourceMap":{"end":{"column":55,"line":19,"offset":279},"start":{"column":9,"line":19,"offset":233}},"value":{"args":[{"args":[],"id":"cdc2783e-9abb-4ada-b4e0-054db8e70f24","message":"energiaQueAporta","metadata":[],"receiver":{"id":"8bd7ac1a-a4c6-4994-9acb-386c3b6116ae","metadata":[],"name":"alpiste","scope":{"containerScope":{"containerScope":{"containerScope":{"containerScope":{"containerScope":{"containerScope":{"containerScope":{"containerScope":{"contributions":{},"includedScopes":[]},"contributions":{},"includedScopes":[]},"contributions":{},"includedScopes":[{"containerScope":{"containerScope":{"containerScope":{"contributions":{},"includedScopes":[]},"contributions":{},"includedScopes":[]},"contributions":{},"includedScopes":[]},"contributions":{},"includedScopes":[]}]},"contributions":{},"includedScopes":[]},"contributions":{},"includedScopes":[]},"contributions":{},"includedScopes":[]},"contributions":{},"includedScopes":[]},"contributions":{},"includedScopes":[]},"contributions":{},"includedScopes":[]},"sourceMap":{"end":{"column":36,"line":19,"offset":260},"start":{"column":29,"line":19,"offset":253}}},"scope":{"containerScope":{"containerScope":{"containerScope":{"containerScope":{"containerScope":{"containerScope":{"containerScope":{"contributions":{},"includedScopes":[]},"contributions":{},"includedScopes":[]},"contributions":{},"includedScopes":[{"containerScope":{"containerScope":{"containerScope":{"contributions":{},"includedScopes":[]},"contributions":{},"includedScopes":[]},"contributions":{},"includedScopes":[]},"contributions":{},"includedScopes":[]}]},"contributions":{},"includedScopes":[]},"contributions":{},"includedScopes":[]},"contributions":{},"includedScopes":[]},"contributions":{},"includedScopes":[]},"contributions":{},"includedScopes":[]},"sourceMap":{"end":{"column":55,"line":19,"offset":279},"start":{"column":29,"line":19,"offset":253}}}],"id":"d5fa1bbf-914a-4b89-affe-1a000dde6736","message":"+","metadata":[],"receiver":{"id":"860ff4b2-2db4-4ca4-a661-05cc561cc3a3","metadata":[],"name":"energia","scope":{"containerScope":{"containerScope":{"containerScope":{"containerScope":{"containerScope":{"containerScope":{"containerScope":{"contributions":{},"includedScopes":[]},"contributions":{},"includedScopes":[]},"contributions":{},"includedScopes":[{"containerScope":{"containerScope":{"containerScope":{"contributions":{},"includedScopes":[]},"contributions":{},"includedScopes":[]},"contributions":{},"includedScopes":[]},"contributions":{},"includedScopes":[]}]},"contributions":{},"includedScopes":[]},"contributions":{},"includedScopes":[]},"contributions":{},"includedScopes":[]},"contributions":{},"includedScopes":[]},"contributions":{},"includedScopes":[]},"sourceMap":{"end":{"column":26,"line":19,"offset":250},"start":{"column":19,"line":19,"offset":243}}},"scope":{"containerScope":{"containerScope":{"containerScope":{"containerScope":{"containerScope":{"containerScope":{"contributions":{},"includedScopes":[]},"contributions":{},"includedScopes":[]},"contributions":{},"includedScopes":[{"containerScope":{"containerScope":{"containerScope":{"contributions":{},"includedScopes":[]},"contributions":{},"includedScopes":[]},"contributions":{},"includedScopes":[]},"contributions":{},"includedScopes":[]}]},"contributions":{},"includedScopes":[]},"contributions":{},"includedScopes":[]},"contributions":{},"includedScopes":[]},"contributions":{},"includedScopes":[]},"sourceMap":{"end":{"column":55,"line":19,"offset":279},"start":{"column":19,"line":19,"offset":243}}},"variable":{"id":"fccae8fc-77e6-4296-98e5-6388a2099b6b","metadata":[],"name":"energia","scope":{"containerScope":{"containerScope":{"containerScope":{"containerScope":{"containerScope":{"containerScope":{"contributions":{},"includedScopes":[]},"contributions":{},"includedScopes":[]},"contributions":{},"includedScopes":[{"containerScope":{"containerScope":{"containerScope":{"contributions":{},"includedScopes":[]},"contributions":{},"includedScopes":[]},"contributions":{},"includedScopes":[]},"contributions":{},"includedScopes":[]}]},"contributions":{},"includedScopes":[]},"contributions":{},"includedScopes":[]},"contributions":{},"includedScopes":[]},"contributions":{},"includedScopes":[]},"sourceMap":{"end":{"column":16,"line":19,"offset":240},"start":{"column":9,"line":19,"offset":233}}}}],"sourceMap":{"end":{"column":2,"line":20,"offset":282},"start":{"column":26,"line":17,"offset":220}}},"compiled":false,"id":"e3ae38e5-afa3-4ab8-ad90-16be9ee02774","isOverride":false,"metadata":[],"name":"comer","parameters":[{"id":"7bb2463f-3ec2-4cfb-9f96-14bb32c9db7e","isVarArg":false,"metadata":[],"name":"alpiste","scope":{"containerScope":{"containerScope":{"containerScope":{"containerScope":{"contributions":{},"includedScopes":[]},"contributions":{},"includedScopes":[]},"contributions":{},"includedScopes":[{"containerScope":{"containerScope":{"containerScope":{"contributions":{},"includedScopes":[]},"contributions":{},"includedScopes":[]},"contributions":{},"includedScopes":[]},"contributions":{},"includedScopes":[]}]},"contributions":{},"includedScopes":[]},"contributions":{},"includedScopes":[]},"sourceMap":{"end":{"column":25,"line":17,"offset":219},"start":{"column":18,"line":17,"offset":212}}}],"problems":[],"scope":{"containerScope":{"containerScope":{"containerScope":{"contributions":{},"includedScopes":[]},"contributions":{},"includedScopes":[]},"contributions":{},"includedScopes":[{"containerScope":{"containerScope":{"containerScope":{"contributions":{},"includedScopes":[]},"contributions":{},"includedScopes":[]},"contributions":{},"includedScopes":[]},"contributions":{},"includedScopes":[]}]},"contributions":{},"includedScopes":[]},"sourceMap":{"end":{"column":2,"line":20,"offset":282},"start":{"column":5,"line":17,"offset":199}}},{"body":{"id":"bc21af27-dd8c-45a9-be27-c563c1a1054d","metadata":[],"problems":[],"scope":{"containerScope":{"containerScope":{"containerScope":{"containerScope":{"contributions":{},"includedScopes":[]},"contributions":{},"includedScopes":[]},"contributions":{},"includedScopes":[{"containerScope":{"containerScope":{"containerScope":{"contributions":{},"includedScopes":[]},"contributions":{},"includedScopes":[]},"contributions":{},"includedScopes":[]},"contributions":{},"includedScopes":[]}]},"contributions":{},"includedScopes":[]},"contributions":{},"includedScopes":[]},"sentences":[{"id":"1f476a74-30ed-402a-b2cd-0aadf2488ad0","metadata":[],"scope":{"containerScope":{"containerScope":{"containerScope":{"containerScope":{"containerScope":{"contributions":{},"includedScopes":[]},"contributions":{},"includedScopes":[]},"contributions":{},"includedScopes":[{"containerScope":{"containerScope":{"containerScope":{"contributions":{},"includedScopes":[]},"contributions":{},"includedScopes":[]},"contributions":{},"includedScopes":[]},"contributions":{},"includedScopes":[]}]},"contributions":{},"includedScopes":[]},"contributions":{},"includedScopes":[]},"contributions":{},"includedScopes":[]},"sourceMap":{"end":{"column":28,"line":25,"offset":340},"start":{"column":9,"line":25,"offset":321}},"value":{"args":[{"id":"c6092802-a277-43bd-8b21-e6a80b61c6de","metadata":[],"scope":{"containerScope":{"containerScope":{"containerScope":{"containerScope":{"containerScope":{"containerScope":{"containerScope":{"contributions":{},"includedScopes":[]},"contributions":{},"includedScopes":[]},"contributions":{},"includedScopes":[{"containerScope":{"containerScope":{"containerScope":{"contributions":{},"includedScopes":[]},"contributions":{},"includedScopes":[]},"contributions":{},"includedScopes":[]},"contributions":{},"includedScopes":[]}]},"contributions":{},"includedScopes":[]},"contributions":{},"includedScopes":[]},"contributions":{},"includedScopes":[]},"contributions":{},"includedScopes":[]},"contributions":{},"includedScopes":[]},"sourceMap":{"end":{"column":28,"line":25,"offset":340},"start":{"column":26,"line":25,"offset":338}},"value":30}],"id":"803e6c6a-ce35-4898-b59a-6f468b190791","message":"<","metadata":[],"receiver":{"id":"fcf80e90-2ef4-481a-9130-06d44ab028f5","metadata":[],"name":"energia","scope":{"containerScope":{"containerScope":{"containerScope":{"containerScope":{"containerScope":{"containerScope":{"containerScope":{"contributions":{},"includedScopes":[]},"contributions":{},"includedScopes":[]},"contributions":{},"includedScopes":[{"containerScope":{"containerScope":{"containerScope":{"contributions":{},"includedScopes":[]},"contributions":{},"includedScopes":[]},"contributions":{},"includedScopes":[]},"contributions":{},"includedScopes":[]}]},"contributions":{},"includedScopes":[]},"contributions":{},"includedScopes":[]},"contributions":{},"includedScopes":[]},"contributions":{},"includedScopes":[]},"contributions":{},"includedScopes":[]},"sourceMap":{"end":{"column":23,"line":25,"offset":335},"start":{"column":16,"line":25,"offset":328}}},"scope":{"containerScope":{"containerScope":{"containerScope":{"containerScope":{"containerScope":{"containerScope":{"contributions":{},"includedScopes":[]},"contributions":{},"includedScopes":[]},"contributions":{},"includedScopes":[{"containerScope":{"containerScope":{"containerScope":{"contributions":{},"includedScopes":[]},"contributions":{},"includedScopes":[]},"contributions":{},"includedScopes":[]},"contributions":{},"includedScopes":[]}]},"contributions":{},"includedScopes":[]},"contributions":{},"includedScopes":[]},"contributions":{},"includedScopes":[]},"contributions":{},"includedScopes":[]},"sourceMap":{"end":{"column":28,"line":25,"offset":340},"start":{"column":16,"line":25,"offset":328}}}}],"sourceMap":{"end":{"column":6,"line":27,"offset":349},"start":{"column":21,"line":23,"offset":308}}},"compiled":false,"id":"4f788ba8-4364-414d-b26c-92a3922cff90","isOverride":false,"metadata":[],"name":"cansada","parameters":[],"problems":[],"scope":{"containerScope":{"containerScope":{"containerScope":{"contributions":{},"includedScopes":[]},"contributions":{},"includedScopes":[]},"contributions":{},"includedScopes":[{"containerScope":{"containerScope":{"containerScope":{"contributions":{},"includedScopes":[]},"contributions":{},"includedScopes":[]},"contributions":{},"includedScopes":[]},"contributions":{},"includedScopes":[]}]},"contributions":{},"includedScopes":[]},"sourceMap":{"end":{"column":6,"line":27,"offset":349},"start":{"column":5,"line":23,"offset":292}}}],"metadata":[],"name":"pepita","problems":[],"scope":{"containerScope":{"containerScope":{"contributions":{},"includedScopes":[]},"contributions":{},"includedScopes":[]},"contributions":{},"includedScopes":[{"containerScope":{"containerScope":{"containerScope":{"contributions":{},"includedScopes":[]},"contributions":{},"includedScopes":[]},"contributions":{},"includedScopes":[]},"contributions":{},"includedScopes":[]}]},"sourceMap":{"end":{"column":2,"line":29,"offset":354},"start":{"column":1,"line":1,"offset":0}},"supertypes":[]},{"id":"661b5451-c1aa-4193-ba49-d0c2731ed9e3","members":[{"body":{"id":"76118686-8c68-4c30-aa6e-8f22055b6c8f","metadata":[],"problems":[],"scope":{"containerScope":{"containerScope":{"containerScope":{"containerScope":{"contributions":{},"includedScopes":[]},"contributions":{},"includedScopes":[]},"contributions":{},"includedScopes":[{"containerScope":{"containerScope":{"containerScope":{"contributions":{},"includedScopes":[]},"contributions":{},"includedScopes":[]},"contributions":{},"includedScopes":[]},"contributions":{},"includedScopes":[]}]},"contributions":{},"includedScopes":[]},"contributions":{},"includedScopes":[]},"sentences":[{"id":"bc94d678-fb93-4e95-8622-4d63cf3e5408","metadata":[],"scope":{"containerScope":{"containerScope":{"containerScope":{"containerScope":{"containerScope":{"contributions":{},"includedScopes":[]},"contributions":{},"includedScopes":[]},"contributions":{},"includedScopes":[{"containerScope":{"containerScope":{"containerScope":{"contributions":{},"includedScopes":[]},"contributions":{},"includedScopes":[]},"contributions":{},"includedScopes":[]},"contributions":{},"includedScopes":[]}]},"contributions":{},"includedScopes":[]},"contributions":{},"includedScopes":[]},"contributions":{},"includedScopes":[]},"sourceMap":{"end":{"column":18,"line":38,"offset":438},"start":{"column":9,"line":38,"offset":429}},"value":{"id":"f86831ec-0fe1-41a9-b0da-01807cb828ea","metadata":[],"scope":{"containerScope":{"containerScope":{"containerScope":{"containerScope":{"containerScope":{"containerScope":{"contributions":{},"includedScopes":[]},"contributions":{},"includedScopes":[]},"contributions":{},"includedScopes":[{"containerScope":{"containerScope":{"containerScope":{"contributions":{},"includedScopes":[]},"contributions":{},"includedScopes":[]},"contributions":{},"includedScopes":[]},"contributions":{},"includedScopes":[]}]},"contributions":{},"includedScopes":[]},"contributions":{},"includedScopes":[]},"contributions":{},"includedScopes":[]},"contributions":{},"includedScopes":[]},"sourceMap":{"end":{"column":18,"line":38,"offset":438},"start":{"column":16,"line":38,"offset":436}},"value":25}}],"sourceMap":{"end":{"column":6,"line":40,"offset":447},"start":{"column":30,"line":36,"offset":416}}},"compiled":false,"id":"c3ac6910-1624-4243-a965-229bd216b42c","isOverride":false,"metadata":[],"name":"energiaQueAporta","parameters":[],"problems":[],"scope":{"containerScope":{"containerScope":{"containerScope":{"contributions":{},"includedScopes":[]},"contributions":{},"includedScopes":[]},"contributions":{},"includedScopes":[{"containerScope":{"containerScope":{"containerScope":{"contributions":{},"includedScopes":[]},"contributions":{},"includedScopes":[]},"contributions":{},"includedScopes":[]},"contributions":{},"includedScopes":[]}]},"contributions":{},"includedScopes":[]},"sourceMap":{"end":{"column":6,"line":40,"offset":447},"start":{"column":5,"line":36,"offset":391}}}],"metadata":[],"name":"alpiste","problems":[],"scope":{"containerScope":{"containerScope":{"contributions":{},"includedScopes":[]},"contributions":{},"includedScopes":[]},"contributions":{},"includedScopes":[{"containerScope":{"containerScope":{"containerScope":{"contributions":{},"includedScopes":[]},"contributions":{},"includedScopes":[]},"contributions":{},"includedScopes":[]},"contributions":{},"includedScopes":[]}]},"sourceMap":{"end":{"column":2,"line":42,"offset":452},"start":{"column":1,"line":33,"offset":362}},"supertypes":[]}],"metadata":[],"name":"pepita","problems":[{"code":"malformedEntity","sourceMap":{"end":{"column":1,"line":54,"offset":631},"start":{"column":1,"line":45,"offset":458}}}],"scope":{"containerScope":{"contributions":{},"includedScopes":[]},"contributions":{},"includedScopes":[]}},"stack":"Error: Failed to print, found malformed node\n    at c:\\Users\\lukas\\.vscode\\extensions\\uqbar.wollok-lsp-ide-0.5.4\\out\\server\\src\\server.js:68:3585\n    at Kbn (c:\\Users\\lukas\\.vscode\\extensions\\uqbar.wollok-lsp-ide-0.5.4\\out\\server\\src\\server.js:68:3396)\n    at c:\\Users\\lukas\\.vscode\\extensions\\uqbar.wollok-lsp-ide-0.5.4\\out\\server\\src\\server.js:2398:847\n    at c:\\Users\\lukas\\.vscode\\extensions\\uqbar.wollok-lsp-ide-0.5.4\\out\\server\\src\\server.js:2398:8440\n    at c:\\Users\\lukas\\.vscode\\extensions\\uqbar.wollok-lsp-ide-0.5.4\\out\\server\\src\\server.js:37:74770\n    at Ke (c:\\Users\\lukas\\.vscode\\extensions\\uqbar.wollok-lsp-ide-0.5.4\\out\\server\\src\\server.js:7:8527)\n    at Lt (c:\\Users\\lukas\\.vscode\\extensions\\uqbar.wollok-lsp-ide-0.5.4\\out\\server\\src\\server.js:7:6189)\n    at ct (c:\\Users\\lukas\\.vscode\\extensions\\uqbar.wollok-lsp-ide-0.5.4\\out\\server\\src\\server.js:7:6378)\n    at Immediate._onImmediate (c:\\Users\\lukas\\.vscode\\extensions\\uqbar.wollok-lsp-ide-0.5.4\\out\\server\\src\\server.js:7:6142)\n    at process.processImmediate (node:internal/timers:504:21)","timestamp":"2026-08-14T13:03:59.867Z"}
{"level":"error","message":"✘ Failed to get type description: Error: Failed to print, found malformed node Failed to print, found malformed node","node":{"fileName":"pepita.wlk","id":"235c6ec6-ac98-4aa6-904f-ee813dd087e5","imports":[],"members":[{"id":"3da0b026-9b95-4608-affc-9e43c2b38f64","members":[{"id":"73f74c7f-7772-49d4-a9af-9d6f67eedbcf","isConstant":false,"isProperty":false,"metadata":[],"name":"energia","scope":{"containerScope":{"containerScope":{"containerScope":{"contributions":{},"includedScopes":[]},"contributions":{},"includedScopes":[]},"contributions":{},"includedScopes":[{"containerScope":{"containerScope":{"containerScope":{"contributions":{},"includedScopes":[]},"contributions":{},"includedScopes":[]},"contributions":{},"includedScopes":[]},"contributions":{},"includedScopes":[]}]},"contributions":{},"includedScopes":[]},"sourceMap":{"end":{"column":22,"line":3,"offset":40},"start":{"column":5,"line":3,"offset":23}},"value":{"id":"3dcbce39-790c-4f70-b011-611bc570f4b0","metadata":[],"scope":{"containerScope":{"containerScope":{"containerScope":{"containerScope":{"contributions":{},"includedScopes":[]},"contributions":{},"includedScopes":[]},"contributions":{},"includedScopes":[{"containerScope":{"containerScope":{"containerScope":{"contributions":{},"includedScopes":[]},"contributions":{},"includedScopes":[]},"contributions":{},"includedScopes":[]},"contributions":{},"includedScopes":[]}]},"contributions":{},"includedScopes":[]},"contributions":{},"includedScopes":[]},"sourceMap":{"end":{"column":22,"line":3,"offset":40},"start":{"column":19,"line":3,"offset":37}},"value":100}},{"body":{"id":"2f700ca3-7650-4399-a488-bd35717790f1","metadata":[],"problems":[],"scope":{"containerScope":{"containerScope":{"containerScope":{"containerScope":{"contributions":{},"includedScopes":[]},"contributions":{},"includedScopes":[]},"contributions":{},"includedScopes":[{"containerScope":{"containerScope":{"containerScope":{"contributions":{},"includedScopes":[]},"contributions":{},"includedScopes":[]},"contributions":{},"includedScopes":[]},"contributions":{},"includedScopes":[]}]},"contributions":{},"includedScopes":[]},"contributions":{},"includedScopes":[]},"sentences":[{"id":"9ad0981a-6630-40fe-ac31-5ba4f3b082a2","metadata":[],"scope":{"containerScope":{"containerScope":{"containerScope":{"containerScope":{"containerScope":{"contributions":{},"includedScopes":[]},"contributions":{},"includedScopes":[]},"contributions":{},"includedScopes":[{"containerScope":{"containerScope":{"containerScope":{"contributions":{},"includedScopes":[]},"contributions":{},"includedScopes":[]},"contributions":{},"includedScopes":[]},"contributions":{},"includedScopes":[]}]},"contributions":{},"includedScopes":[]},"contributions":{},"includedScopes":[]},"contributions":{},"includedScopes":[]},"sourceMap":{"end":{"column":45,"line":7,"offset":120},"start":{"column":9,"line":7,"offset":84}},"value":{"args":[{"args":[{"id":"bb5f503d-636a-4d4b-abc4-d6c0b2649918","metadata":[],"scope":{"containerScope":{"containerScope":{"containerScope":{"containerScope":{"containerScope":{"containerScope":{"containerScope":{"containerScope":{"contributions":{},"includedScopes":[]},"contributions":{},"includedScopes":[]},"contributions":{},"includedScopes":[{"containerScope":{"containerScope":{"containerScope":{"contributions":{},"includedScopes":[]},"contributions":{},"includedScopes":[]},"contributions":{},"includedScopes":[]},"contributions":{},"includedScopes":[]}]},"contributions":{},"includedScopes":[]},"contributions":{},"includedScopes":[]},"contributions":{},"includedScopes":[]},"contributions":{},"includedScopes":[]},"contributions":{},"includedScopes":[]},"contributions":{},"includedScopes":[]},"sourceMap":{"end":{"column":45,"line":7,"offset":120},"start":{"column":43,"line":7,"offset":118}},"value":10}],"id":"6d327633-88ea-421b-888f-eabe25a6cad9","message":"/","metadata":[],"receiver":{"id":"16e30e53-d22e-4b03-8223-ca9a5dd57847","metadata":[],"name":"distancia","scope":{"containerScope":{"containerScope":{"containerScope":{"containerScope":{"containerScope":{"containerScope":{"containerScope":{"containerScope":{"contributions":{},"includedScopes":[]},"contributions":{},"includedScopes":[]},"contributions":{},"includedScopes":[{"containerScope":{"containerScope":{"containerScope":{"contributions":{},"includedScopes":[]},"contributions":{},"includedScopes":[]},"contributions":{},"includedScopes":[]},"contributions":{},"includedScopes":[]}]},"contributions":{},"includedScopes":[]},"contributions":{},"includedScopes":[]},"contributions":{},"includedScopes":[]},"contributions":{},"includedScopes":[]},"contributions":{},"includedScopes":[]},"contributions":{},"includedScopes":[]},"sourceMap":{"end":{"column":42,"line":7,"offset":117},"start":{"column":33,"line":7,"offset":108}}},"scope":{"containerScope":{"containerScope":{"containerScope":{"containerScope":{"containerScope":{"containerScope":{"containerScope":{"contributions":{},"includedScopes":[]},"contributions":{},"includedScopes":[]},"contributions":{},"includedScopes":[{"containerScope":{"containerScope":{"containerScope":{"contributions":{},"includedScopes":[]},"contributions":{},"includedScopes":[]},"contributions":{},"includedScopes":[]},"contributions":{},"includedScopes":[]}]},"contributions":{},"includedScopes":[]},"contributions":{},"includedScopes":[]},"contributions":{},"includedScopes":[]},"contributions":{},"includedScopes":[]},"contributions":{},"includedScopes":[]},"sourceMap":{"end":{"column":45,"line":7,"offset":120},"start":{"column":33,"line":7,"offset":108}}}],"id":"b80028a5-af32-4477-9c01-fe9bb4121f7f","message":"-","metadata":[],"receiver":{"args":[{"id":"312693e5-eef4-4443-8257-bf4cedfb7b0a","metadata":[],"scope":{"containerScope":{"containerScope":{"containerScope":{"containerScope":{"containerScope":{"containerScope":{"containerScope":{"containerScope":{"contributions":{},"includedScopes":[]},"contributions":{},"includedScopes":[]},"contributions":{},"includedScopes":[{"containerScope":{"containerScope":{"containerScope":{"contributions":{},"includedScopes":[]},"contributions":{},"includedScopes":[]},"contributions":{},"includedScopes":[]},"contributions":{},"includedScopes":[]}]},"contributions":{},"includedScopes":[]},"contributions":{},"includedScopes":[]},"contributions":{},"includedScopes":[]},"contributions":{},"includedScopes":[]},"contributions":{},"includedScopes":[]},"contributions":{},"includedScopes":[]},"sourceMap":{"end":{"column":30,"line":7,"offset":105},"start":{"column":28,"line":7,"offset":103}},"value":10}],"id":"3f172146-99be-49a5-84b0-5bc483811f12","message":"-","metadata":[],"receiver":{"id":"9041706e-e238-48dc-a123-ff90ee254af9","metadata":[],"name":"energia","scope":{"containerScope":{"containerScope":{"containerScope":{"containerScope":{"containerScope":{"containerScope":{"containerScope":{"containerScope":{"contributions":{},"includedScopes":[]},"contributions":{},"includedScopes":[]},"contributions":{},"includedScopes":[{"containerScope":{"containerScope":{"containerScope":{"contributions":{},"includedScopes":[]},"contributions":{},"includedScopes":[]},"contributions":{},"includedScopes":[]},"contributions":{},"includedScopes":[]}]},"contributions":{},"includedScopes":[]},"contributions":{},"includedScopes":[]},"contributions":{},"includedScopes":[]},"contributions":{},"includedScopes":[]},"contributions":{},"includedScopes":[]},"contributions":{},"includedScopes":[]},"sourceMap":{"end":{"column":26,"line":7,"offset":101},"start":{"column":19,"line":7,"offset":94}}},"scope":{"containerScope":{"containerScope":{"containerScope":{"containerScope":{"containerScope":{"containerScope":{"containerScope":{"contributions":{},"includedScopes":[]},"contributions":{},"includedScopes":[]},"contributions":{},"includedScopes":[{"containerScope":{"containerScope":{"containerScope":{"contributions":{},"includedScopes":[]},"contributions":{},"includedScopes":[]},"contributions":{},"includedScopes":[]},"contributions":{},"includedScopes":[]}]},"contributions":{},"includedScopes":[]},"contributions":{},"includedScopes":[]},"contributions":{},"includedScopes":[]},"contributions":{},"includedScopes":[]},"contributions":{},"includedScopes":[]},"sourceMap":{"end":{"column":30,"line":7,"offset":105},"start":{"column":19,"line":7,"offset":94}}},"scope":{"containerScope":{"containerScope":{"containerScope":{"containerScope":{"containerScope":{"containerScope":{"contributions":{},"includedScopes":[]},"contributions":{},"includedScopes":[]},"contributions":{},"includedScopes":[{"containerScope":{"containerScope":{"containerScope":{"contributions":{},"includedScopes":[]},"contributions":{},"includedScopes":[]},"contributions":{},"includedScopes":[]},"contributions":{},"includedScopes":[]}]},"contributions":{},"includedScopes":[]},"contributions":{},"includedScopes":[]},"contributions":{},"includedScopes":[]},"contributions":{},"includedScopes":[]},"sourceMap":{"end":{"column":45,"line":7,"offset":120},"start":{"column":19,"line":7,"offset":94}}},"variable":{"id":"522bce69-3228-47d1-bea1-851632b5759b","metadata":[],"name":"energia","scope":{"containerScope":{"containerScope":{"containerScope":{"containerScope":{"containerScope":{"containerScope":{"contributions":{},"includedScopes":[]},"contributions":{},"includedScopes":[]},"contributions":{},"includedScopes":[{"containerScope":{"containerScope":{"containerScope":{"contributions":{},"includedScopes":[]},"contributions":{},"includedScopes":[]},"contributions":{},"includedScopes":[]},"contributions":{},"includedScopes":[]}]},"contributions":{},"includedScopes":[]},"contributions":{},"includedScopes":[]},"contributions":{},"includedScopes":[]},"contributions":{},"includedScopes":[]},"sourceMap":{"end":{"column":16,"line":7,"offset":91},"start":{"column":9,"line":7,"offset":84}}}}],"sourceMap":{"end":{"column":2,"line":9,"offset":125},"start":{"column":28,"line":5,"offset":71}}},"compiled":false,"id":"c35d2281-7460-4130-ad2d-284c9fd0e5d8","isOverride":false,"metadata":[],"name":"volar","parameters":[{"id":"89481fa6-a8ad-43a2-a3eb-fd7455cc69b9","isVarArg":false,"metadata":[],"name":"distancia","scope":{"containerScope":{"containerScope":{"containerScope":{"containerScope":{"contributions":{},"includedScopes":[]},"contributions":{},"includedScopes":[]},"contributions":{},"includedScopes":[{"containerScope":{"containerScope":{"containerScope":{"contributions":{},"includedScopes":[]},"contributions":{},"includedScopes":[]},"contributions":{},"includedScopes":[]},"contributions":{},"includedScopes":[]}]},"contributions":{},"includedScopes":[]},"contributions":{},"includedScopes":[]},"sourceMap":{"end":{"column":27,"line":5,"offset":70},"start":{"column":18,"line":5,"offset":61}}}],"problems":[],"scope":{"containerScope":{"containerScope":{"containerScope":{"contributions":{},"includedScopes":[]},"contributions":{},"includedScopes":[]},"contributions":{},"includedScopes":[{"containerScope":{"containerScope":{"containerScope":{"contributions":{},"includedScopes":[]},"contributions":{},"includedScopes":[]},"contributions":{},"includedScopes":[]},"contributions":{},"includedScopes":[]}]},"contributions":{},"includedScopes":[]},"sourceMap":{"end":{"column":2,"line":9,"offset":125},"start":{"column":5,"line":5,"offset":48}}},{"body":{"id":"129d45ed-d4a0-4d61-8f30-0baa68554087","metadata":[],"problems":[],"scope":{"containerScope":{"containerScope":{"containerScope":{"containerScope":{"contributions":{},"includedScopes":[]},"contributions":{},"includedScopes":[]},"contributions":{},"includedScopes":[{"containerScope":{"containerScope":{"containerScope":{"contributions":{},"includedScopes":[]},"contributions":{},"includedScopes":[]},"contributions":{},"includedScopes":[]},"contributions":{},"includedScopes":[]}]},"contributions":{},"includedScopes":[]},"contributions":{},"includedScopes":[]},"sentences":[{"id":"195f49dc-2097-4215-97ad-f9aedb422aa2","metadata":[],"scope":{"containerScope":{"containerScope":{"containerScope":{"containerScope":{"containerScope":{"contributions":{},"includedScopes":[]},"contributions":{},"includedScopes":[]},"contributions":{},"includedScopes":[{"containerScope":{"containerScope":{"containerScope":{"contributions":{},"includedScopes":[]},"contributions":{},"includedScopes":[]},"contributions":{},"includedScopes":[]},"contributions":{},"includedScopes":[]}]},"contributions":{},"includedScopes":[]},"contributions":{},"includedScopes":[]},"contributions":{},"includedScopes":[]},"sourceMap":{"end":{"column":31,"line":13,"offset":186},"start":{"column":9,"line":13,"offset":164}},"value":{"args":[{"id":"f0166df0-70e8-4d6b-ab08-284170fa1dce","metadata":[],"scope":{"containerScope":{"containerScope":{"containerScope":{"containerScope":{"containerScope":{"containerScope":{"containerScope":{"contributions":{},"includedScopes":[]},"contributions":{},"includedScopes":[]},"contributions":{},"includedScopes":[{"containerScope":{"containerScope":{"containerScope":{"contributions":{},"includedScopes":[]},"contributions":{},"includedScopes":[]},"contributions":{},"includedScopes":[]},"contributions":{},"includedScopes":[]}]},"contributions":{},"includedScopes":[]},"contributions":{},"includedScopes":[]},"contributions":{},"includedScopes":[]},"contributions":{},"includedScopes":[]},"contributions":{},"includedScopes":[]},"sourceMap":{"end":{"column":31,"line":13,"offset":186},"start":{"column":29,"line":13,"offset":184}},"value":10}],"id":"02b76fb9-efcb-4bd2-adfb-8c8a9f65110e","message":"+","metadata":[],"receiver":{"id":"0d574092-0903-4575-9a44-52513f72b138","metadata":[],"name":"energia","scope":{"containerScope":{"containerScope":{"containerScope":{"containerScope":{"containerScope":{"containerScope":{"containerScope":{"contributions":{},"includedScopes":[]},"contributions":{},"includedScopes":[]},"contributions":{},"includedScopes":[{"containerScope":{"containerScope":{"containerScope":{"contributions":{},"includedScopes":[]},"contributions":{},"includedScopes":[]},"contributions":{},"includedScopes":[]},"contributions":{},"includedScopes":[]}]},"contributions":{},"includedScopes":[]},"contributions":{},"includedScopes":[]},"contributions":{},"includedScopes":[]},"contributions":{},"includedScopes":[]},"contributions":{},"includedScopes":[]},"sourceMap":{"end":{"column":26,"line":13,"offset":181},"start":{"column":19,"line":13,"offset":174}}},"scope":{"containerScope":{"containerScope":{"containerScope":{"containerScope":{"containerScope":{"containerScope":{"contributions":{},"includedScopes":[]},"contributions":{},"includedScopes":[]},"contributions":{},"includedScopes":[{"containerScope":{"containerScope":{"containerScope":{"contributions":{},"includedScopes":[]},"contributions":{},"includedScopes":[]},"contributions":{},"includedScopes":[]},"contributions":{},"includedScopes":[]}]},"contributions":{},"includedScopes":[]},"contributions":{},"includedScopes":[]},"contributions":{},"includedScopes":[]},"contributions":{},"includedScopes":[]},"sourceMap":{"end":{"column":31,"line":13,"offset":186},"start":{"column":19,"line":13,"offset":174}}},"variable":{"id":"981ff5be-1fa1-4592-b37b-c70ae8c07574","metadata":[],"name":"energia","scope":{"containerScope":{"containerScope":{"containerScope":{"containerScope":{"containerScope":{"containerScope":{"contributions":{},"includedScopes":[]},"contributions":{},"includedScopes":[]},"contributions":{},"includedScopes":[{"containerScope":{"containerScope":{"containerScope":{"contributions":{},"includedScopes":[]},"contributions":{},"includedScopes":[]},"contributions":{},"includedScopes":[]},"contributions":{},"includedScopes":[]}]},"contributions":{},"includedScopes":[]},"contributions":{},"includedScopes":[]},"contributions":{},"includedScopes":[]},"contributions":{},"includedScopes":[]},"sourceMap":{"end":{"column":16,"line":13,"offset":171},"start":{"column":9,"line":13,"offset":164}}}}],"sourceMap":{"end":{"column":2,"line":15,"offset":191},"start":{"column":23,"line":11,"offset":151}}},"compiled":false,"id":"1f29d970-eb65-4447-8a2a-4207211cef17","isOverride":false,"metadata":[],"name":"descansar","parameters":[],"problems":[],"scope":{"containerScope":{"containerScope":{"containerScope":{"contributions":{},"includedScopes":[]},"contributions":{},"includedScopes":[]},"contributions":{},"includedScopes":[{"containerScope":{"containerScope":{"containerScope":{"contributions":{},"includedScopes":[]},"contributions":{},"includedScopes":[]},"contributions":{},"includedScopes":[]},"contributions":{},"includedScopes":[]}]},"contributions":{},"includedScopes":[]},"sourceMap":{"end":{"column":2,"line":15,"offset":191},"start":{"column":5,"line":11,"offset":133}}},{"body":{"id":"b16d7a8f-357e-44c2-a020-cf52d763fdac","metadata":[],"problems":[],"scope":{"containerScope":{"containerScope":{"containerScope":{"containerScope":{"contributions":{},"includedScopes":[]},"contributions":{},"includedScopes":[]},"contributions":{},"includedScopes":[{"containerScope":{"containerScope":{"containerScope":{"contributions":{},"includedScopes":[]},"contributions":{},"includedScopes":[]},"contributions":{},"includedScopes":[]},"contributions":{},"includedScopes":[]}]},"contributions":{},"includedScopes":[]},"contributions":{},"includedScopes":[]},"sentences":[{"id":"1e8ddc3d-7ffd-4372-a203-c191c07ebafb","metadata":[],"scope":{"containerScope":{"containerScope":{"containerScope":{"containerScope":{"containerScope":{"contributions":{},"includedScopes":[]},"contributions":{},"includedScopes":[]},"contributions":{},"includedScopes":[{"containerScope":{"containerScope":{"containerScope":{"contributions":{},"includedScopes":[]},"contributions":{},"includedScopes":[]},"contributions":{},"includedScopes":[]},"contributions":{},"includedScopes":[]}]},"contributions":{},"includedScopes":[]},"contributions":{},"includedScopes":[]},"contributions":{},"includedScopes":[]},"sourceMap":{"end":{"column":55,"line":19,"offset":279},"start":{"column":9,"line":19,"offset":233}},"value":{"args":[{"args":[],"id":"cdc2783e-9abb-4ada-b4e0-054db8e70f24","message":"energiaQueAporta","metadata":[],"receiver":{"id":"8bd7ac1a-a4c6-4994-9acb-386c3b6116ae","metadata":[],"name":"alpiste","scope":{"containerScope":{"containerScope":{"containerScope":{"containerScope":{"containerScope":{"containerScope":{"containerScope":{"containerScope":{"contributions":{},"includedScopes":[]},"contributions":{},"includedScopes":[]},"contributions":{},"includedScopes":[{"containerScope":{"containerScope":{"containerScope":{"contributions":{},"includedScopes":[]},"contributions":{},"includedScopes":[]},"contributions":{},"includedScopes":[]},"contributions":{},"includedScopes":[]}]},"contributions":{},"includedScopes":[]},"contributions":{},"includedScopes":[]},"contributions":{},"includedScopes":[]},"contributions":{},"includedScopes":[]},"contributions":{},"includedScopes":[]},"contributions":{},"includedScopes":[]},"sourceMap":{"end":{"column":36,"line":19,"offset":260},"start":{"column":29,"line":19,"offset":253}}},"scope":{"containerScope":{"containerScope":{"containerScope":{"containerScope":{"containerScope":{"containerScope":{"containerScope":{"contributions":{},"includedScopes":[]},"contributions":{},"includedScopes":[]},"contributions":{},"includedScopes":[{"containerScope":{"containerScope":{"containerScope":{"contributions":{},"includedScopes":[]},"contributions":{},"includedScopes":[]},"contributions":{},"includedScopes":[]},"contributions":{},"includedScopes":[]}]},"contributions":{},"includedScopes":[]},"contributions":{},"includedScopes":[]},"contributions":{},"includedScopes":[]},"contributions":{},"includedScopes":[]},"contributions":{},"includedScopes":[]},"sourceMap":{"end":{"column":55,"line":19,"offset":279},"start":{"column":29,"line":19,"offset":253}}}],"id":"d5fa1bbf-914a-4b89-affe-1a000dde6736","message":"+","metadata":[],"receiver":{"id":"860ff4b2-2db4-4ca4-a661-05cc561cc3a3","metadata":[],"name":"energia","scope":{"containerScope":{"containerScope":{"containerScope":{"containerScope":{"containerScope":{"containerScope":{"containerScope":{"contributions":{},"includedScopes":[]},"contributions":{},"includedScopes":[]},"contributions":{},"includedScopes":[{"containerScope":{"containerScope":{"containerScope":{"contributions":{},"includedScopes":[]},"contributions":{},"includedScopes":[]},"contributions":{},"includedScopes":[]},"contributions":{},"includedScopes":[]}]},"contributions":{},"includedScopes":[]},"contributions":{},"includedScopes":[]},"contributions":{},"includedScopes":[]},"contributions":{},"includedScopes":[]},"contributions":{},"includedScopes":[]},"sourceMap":{"end":{"column":26,"line":19,"offset":250},"start":{"column":19,"line":19,"offset":243}}},"scope":{"containerScope":{"containerScope":{"containerScope":{"containerScope":{"containerScope":{"containerScope":{"contributions":{},"includedScopes":[]},"contributions":{},"includedScopes":[]},"contributions":{},"includedScopes":[{"containerScope":{"containerScope":{"containerScope":{"contributions":{},"includedScopes":[]},"contributions":{},"includedScopes":[]},"contributions":{},"includedScopes":[]},"contributions":{},"includedScopes":[]}]},"contributions":{},"includedScopes":[]},"contributions":{},"includedScopes":[]},"contributions":{},"includedScopes":[]},"contributions":{},"includedScopes":[]},"sourceMap":{"end":{"column":55,"line":19,"offset":279},"start":{"column":19,"line":19,"offset":243}}},"variable":{"id":"fccae8fc-77e6-4296-98e5-6388a2099b6b","metadata":[],"name":"energia","scope":{"containerScope":{"containerScope":{"containerScope":{"containerScope":{"containerScope":{"containerScope":{"contributions":{},"includedScopes":[]},"contributions":{},"includedScopes":[]},"contributions":{},"includedScopes":[{"containerScope":{"containerScope":{"containerScope":{"contributions":{},"includedScopes":[]},"contributions":{},"includedScopes":[]},"contributions":{},"includedScopes":[]},"contributions":{},"includedScopes":[]}]},"contributions":{},"includedScopes":[]},"contributions":{},"includedScopes":[]},"contributions":{},"includedScopes":[]},"contributions":{},"includedScopes":[]},"sourceMap":{"end":{"column":16,"line":19,"offset":240},"start":{"column":9,"line":19,"offset":233}}}}],"sourceMap":{"end":{"column":2,"line":20,"offset":282},"start":{"column":26,"line":17,"offset":220}}},"compiled":false,"id":"e3ae38e5-afa3-4ab8-ad90-16be9ee02774","isOverride":false,"metadata":[],"name":"comer","parameters":[{"id":"7bb2463f-3ec2-4cfb-9f96-14bb32c9db7e","isVarArg":false,"metadata":[],"name":"alpiste","scope":{"containerScope":{"containerScope":{"containerScope":{"containerScope":{"contributions":{},"includedScopes":[]},"contributions":{},"includedScopes":[]},"contributions":{},"includedScopes":[{"containerScope":{"containerScope":{"containerScope":{"contributions":{},"includedScopes":[]},"contributions":{},"includedScopes":[]},"contributions":{},"includedScopes":[]},"contributions":{},"includedScopes":[]}]},"contributions":{},"includedScopes":[]},"contributions":{},"includedScopes":[]},"sourceMap":{"end":{"column":25,"line":17,"offset":219},"start":{"column":18,"line":17,"offset":212}}}],"problems":[],"scope":{"containerScope":{"containerScope":{"containerScope":{"contributions":{},"includedScopes":[]},"contributions":{},"includedScopes":[]},"contributions":{},"includedScopes":[{"containerScope":{"containerScope":{"containerScope":{"contributions":{},"includedScopes":[]},"contributions":{},"includedScopes":[]},"contributions":{},"includedScopes":[]},"contributions":{},"includedScopes":[]}]},"contributions":{},"includedScopes":[]},"sourceMap":{"end":{"column":2,"line":20,"offset":282},"start":{"column":5,"line":17,"offset":199}}},{"body":{"id":"bc21af27-dd8c-45a9-be27-c563c1a1054d","metadata":[],"problems":[],"scope":{"containerScope":{"containerScope":{"containerScope":{"containerScope":{"contributions":{},"includedScopes":[]},"contributions":{},"includedScopes":[]},"contributions":{},"includedScopes":[{"containerScope":{"containerScope":{"containerScope":{"contributions":{},"includedScopes":[]},"contributions":{},"includedScopes":[]},"contributions":{},"includedScopes":[]},"contributions":{},"includedScopes":[]}]},"contributions":{},"includedScopes":[]},"contributions":{},"includedScopes":[]},"sentences":[{"id":"1f476a74-30ed-402a-b2cd-0aadf2488ad0","metadata":[],"scope":{"containerScope":{"containerScope":{"containerScope":{"containerScope":{"containerScope":{"contributions":{},"includedScopes":[]},"contributions":{},"includedScopes":[]},"contributions":{},"includedScopes":[{"containerScope":{"containerScope":{"containerScope":{"contributions":{},"includedScopes":[]},"contributions":{},"includedScopes":[]},"contributions":{},"includedScopes":[]},"contributions":{},"includedScopes":[]}]},"contributions":{},"includedScopes":[]},"contributions":{},"includedScopes":[]},"contributions":{},"includedScopes":[]},"sourceMap":{"end":{"column":28,"line":25,"offset":340},"start":{"column":9,"line":25,"offset":321}},"value":{"args":[{"id":"c6092802-a277-43bd-8b21-e6a80b61c6de","metadata":[],"scope":{"containerScope":{"containerScope":{"containerScope":{"containerScope":{"containerScope":{"containerScope":{"containerScope":{"contributions":{},"includedScopes":[]},"contributions":{},"includedScopes":[]},"contributions":{},"includedScopes":[{"containerScope":{"containerScope":{"containerScope":{"contributions":{},"includedScopes":[]},"contributions":{},"includedScopes":[]},"contributions":{},"includedScopes":[]},"contributions":{},"includedScopes":[]}]},"contributions":{},"includedScopes":[]},"contributions":{},"includedScopes":[]},"contributions":{},"includedScopes":[]},"contributions":{},"includedScopes":[]},"contributions":{},"includedScopes":[]},"sourceMap":{"end":{"column":28,"line":25,"offset":340},"start":{"column":26,"line":25,"offset":338}},"value":30}],"id":"803e6c6a-ce35-4898-b59a-6f468b190791","message":"<","metadata":[],"receiver":{"id":"fcf80e90-2ef4-481a-9130-06d44ab028f5","metadata":[],"name":"energia","scope":{"containerScope":{"containerScope":{"containerScope":{"containerScope":{"containerScope":{"containerScope":{"containerScope":{"contributions":{},"includedScopes":[]},"contributions":{},"includedScopes":[]},"contributions":{},"includedScopes":[{"containerScope":{"containerScope":{"containerScope":{"contributions":{},"includedScopes":[]},"contributions":{},"includedScopes":[]},"contributions":{},"includedScopes":[]},"contributions":{},"includedScopes":[]}]},"contributions":{},"includedScopes":[]},"contributions":{},"includedScopes":[]},"contributions":{},"includedScopes":[]},"contributions":{},"includedScopes":[]},"contributions":{},"includedScopes":[]},"sourceMap":{"end":{"column":23,"line":25,"offset":335},"start":{"column":16,"line":25,"offset":328}}},"scope":{"containerScope":{"containerScope":{"containerScope":{"containerScope":{"containerScope":{"containerScope":{"contributions":{},"includedScopes":[]},"contributions":{},"includedScopes":[]},"contributions":{},"includedScopes":[{"containerScope":{"containerScope":{"containerScope":{"contributions":{},"includedScopes":[]},"contributions":{},"includedScopes":[]},"contributions":{},"includedScopes":[]},"contributions":{},"includedScopes":[]}]},"contributions":{},"includedScopes":[]},"contributions":{},"includedScopes":[]},"contributions":{},"includedScopes":[]},"contributions":{},"includedScopes":[]},"sourceMap":{"end":{"column":28,"line":25,"offset":340},"start":{"column":16,"line":25,"offset":328}}}}],"sourceMap":{"end":{"column":6,"line":27,"offset":349},"start":{"column":21,"line":23,"offset":308}}},"compiled":false,"id":"4f788ba8-4364-414d-b26c-92a3922cff90","isOverride":false,"metadata":[],"name":"cansada","parameters":[],"problems":[],"scope":{"containerScope":{"containerScope":{"containerScope":{"contributions":{},"includedScopes":[]},"contributions":{},"includedScopes":[]},"contributions":{},"includedScopes":[{"containerScope":{"containerScope":{"containerScope":{"contributions":{},"includedScopes":[]},"contributions":{},"includedScopes":[]},"contributions":{},"includedScopes":[]},"contributions":{},"includedScopes":[]}]},"contributions":{},"includedScopes":[]},"sourceMap":{"end":{"column":6,"line":27,"offset":349},"start":{"column":5,"line":23,"offset":292}}}],"metadata":[],"name":"pepita","problems":[],"scope":{"containerScope":{"containerScope":{"contributions":{},"includedScopes":[]},"contributions":{},"includedScopes":[]},"contributions":{},"includedScopes":[{"containerScope":{"containerScope":{"containerScope":{"contributions":{},"includedScopes":[]},"contributions":{},"includedScopes":[]},"contributions":{},"includedScopes":[]},"contributions":{},"includedScopes":[]}]},"sourceMap":{"end":{"column":2,"line":29,"offset":354},"start":{"column":1,"line":1,"offset":0}},"supertypes":[]},{"id":"661b5451-c1aa-4193-ba49-d0c2731ed9e3","members":[{"body":{"id":"76118686-8c68-4c30-aa6e-8f22055b6c8f","metadata":[],"problems":[],"scope":{"containerScope":{"containerScope":{"containerScope":{"containerScope":{"contributions":{},"includedScopes":[]},"contributions":{},"includedScopes":[]},"contributions":{},"includedScopes":[{"containerScope":{"containerScope":{"containerScope":{"contributions":{},"includedScopes":[]},"contributions":{},"includedScopes":[]},"contributions":{},"includedScopes":[]},"contributions":{},"includedScopes":[]}]},"contributions":{},"includedScopes":[]},"contributions":{},"includedScopes":[]},"sentences":[{"id":"bc94d678-fb93-4e95-8622-4d63cf3e5408","metadata":[],"scope":{"containerScope":{"containerScope":{"containerScope":{"containerScope":{"containerScope":{"contributions":{},"includedScopes":[]},"contributions":{},"includedScopes":[]},"contributions":{},"includedScopes":[{"containerScope":{"containerScope":{"containerScope":{"contributions":{},"includedScopes":[]},"contributions":{},"includedScopes":[]},"contributions":{},"includedScopes":[]},"contributions":{},"includedScopes":[]}]},"contributions":{},"includedScopes":[]},"contributions":{},"includedScopes":[]},"contributions":{},"includedScopes":[]},"sourceMap":{"end":{"column":18,"line":38,"offset":438},"start":{"column":9,"line":38,"offset":429}},"value":{"id":"f86831ec-0fe1-41a9-b0da-01807cb828ea","metadata":[],"scope":{"containerScope":{"containerScope":{"containerScope":{"containerScope":{"containerScope":{"containerScope":{"contributions":{},"includedScopes":[]},"contributions":{},"includedScopes":[]},"contributions":{},"includedScopes":[{"containerScope":{"containerScope":{"containerScope":{"contributions":{},"includedScopes":[]},"contributions":{},"includedScopes":[]},"contributions":{},"includedScopes":[]},"contributions":{},"includedScopes":[]}]},"contributions":{},"includedScopes":[]},"contributions":{},"includedScopes":[]},"contributions":{},"includedScopes":[]},"contributions":{},"includedScopes":[]},"sourceMap":{"end":{"column":18,"line":38,"offset":438},"start":{"column":16,"line":38,"offset":436}},"value":25}}],"sourceMap":{"end":{"column":6,"line":40,"offset":447},"start":{"column":30,"line":36,"offset":416}}},"compiled":false,"id":"c3ac6910-1624-4243-a965-229bd216b42c","isOverride":false,"metadata":[],"name":"energiaQueAporta","parameters":[],"problems":[],"scope":{"containerScope":{"containerScope":{"containerScope":{"contributions":{},"includedScopes":[]},"contributions":{},"includedScopes":[]},"contributions":{},"includedScopes":[{"containerScope":{"containerScope":{"containerScope":{"contributions":{},"includedScopes":[]},"contributions":{},"includedScopes":[]},"contributions":{},"includedScopes":[]},"contributions":{},"includedScopes":[]}]},"contributions":{},"includedScopes":[]},"sourceMap":{"end":{"column":6,"line":40,"offset":447},"start":{"column":5,"line":36,"offset":391}}}],"metadata":[],"name":"alpiste","problems":[],"scope":{"containerScope":{"containerScope":{"contributions":{},"includedScopes":[]},"contributions":{},"includedScopes":[]},"contributions":{},"includedScopes":[{"containerScope":{"containerScope":{"containerScope":{"contributions":{},"includedScopes":[]},"contributions":{},"includedScopes":[]},"contributions":{},"includedScopes":[]},"contributions":{},"includedScopes":[]}]},"sourceMap":{"end":{"column":2,"line":42,"offset":452},"start":{"column":1,"line":33,"offset":362}},"supertypes":[]}],"metadata":[],"name":"pepita","problems":[{"code":"malformedEntity","sourceMap":{"end":{"column":1,"line":54,"offset":631},"start":{"column":1,"line":45,"offset":458}}}],"scope":{"containerScope":{"contributions":{},"includedScopes":[]},"contributions":{},"includedScopes":[]}},"stack":"Error: Failed to print, found malformed node\n    at c:\\Users\\lukas\\.vscode\\extensions\\uqbar.wollok-lsp-ide-0.5.4\\out\\server\\src\\server.js:68:3585\n    at Kbn (c:\\Users\\lukas\\.vscode\\extensions\\uqbar.wollok-lsp-ide-0.5.4\\out\\server\\src\\server.js:68:3396)\n    at c:\\Users\\lukas\\.vscode\\extensions\\uqbar.wollok-lsp-ide-0.5.4\\out\\server\\src\\server.js:2398:847\n    at c:\\Users\\lukas\\.vscode\\extensions\\uqbar.wollok-lsp-ide-0.5.4\\out\\server\\src\\server.js:2398:8440\n    at c:\\Users\\lukas\\.vscode\\extensions\\uqbar.wollok-lsp-ide-0.5.4\\out\\server\\src\\server.js:37:74770\n    at Ke (c:\\Users\\lukas\\.vscode\\extensions\\uqbar.wollok-lsp-ide-0.5.4\\out\\server\\src\\server.js:7:8527)\n    at Lt (c:\\Users\\lukas\\.vscode\\extensions\\uqbar.wollok-lsp-ide-0.5.4\\out\\server\\src\\server.js:7:6189)\n    at ct (c:\\Users\\lukas\\.vscode\\extensions\\uqbar.wollok-lsp-ide-0.5.4\\out\\server\\src\\server.js:7:6378)\n    at Immediate._onImmediate (c:\\Users\\lukas\\.vscode\\extensions\\uqbar.wollok-lsp-ide-0.5.4\\out\\server\\src\\server.js:7:6142)\n    at process.processImmediate (node:internal/timers:504:21)","timestamp":"2026-08-14T13:04:36.333Z"}
{"level":"error","message":"✘ Failed to get type description: Error: Failed to print, found malformed node Failed to print, found malformed node","node":{"fileName":"pepita.wlk","id":"235c6ec6-ac98-4aa6-904f-ee813dd087e5","imports":[],"members":[{"id":"3da0b026-9b95-4608-affc-9e43c2b38f64","members":[{"id":"73f74c7f-7772-49d4-a9af-9d6f67eedbcf","isConstant":false,"isProperty":false,"metadata":[],"name":"energia","scope":{"containerScope":{"containerScope":{"containerScope":{"contributions":{},"includedScopes":[]},"contributions":{},"includedScopes":[]},"contributions":{},"includedScopes":[{"containerScope":{"containerScope":{"containerScope":{"contributions":{},"includedScopes":[]},"contributions":{},"includedScopes":[]},"contributions":{},"includedScopes":[]},"contributions":{},"includedScopes":[]}]},"contributions":{},"includedScopes":[]},"sourceMap":{"end":{"column":22,"line":3,"offset":40},"start":{"column":5,"line":3,"offset":23}},"value":{"id":"3dcbce39-790c-4f70-b011-611bc570f4b0","metadata":[],"scope":{"containerScope":{"containerScope":{"containerScope":{"containerScope":{"contributions":{},"includedScopes":[]},"contributions":{},"includedScopes":[]},"contributions":{},"includedScopes":[{"containerScope":{"containerScope":{"containerScope":{"contributions":{},"includedScopes":[]},"contributions":{},"includedScopes":[]},"contributions":{},"includedScopes":[]},"contributions":{},"includedScopes":[]}]},"contributions":{},"includedScopes":[]},"contributions":{},"includedScopes":[]},"sourceMap":{"end":{"column":22,"line":3,"offset":40},"start":{"column":19,"line":3,"offset":37}},"value":100}},{"body":{"id":"2f700ca3-7650-4399-a488-bd35717790f1","metadata":[],"problems":[],"scope":{"containerScope":{"containerScope":{"containerScope":{"containerScope":{"contributions":{},"includedScopes":[]},"contributions":{},"includedScopes":[]},"contributions":{},"includedScopes":[{"containerScope":{"containerScope":{"containerScope":{"contributions":{},"includedScopes":[]},"contributions":{},"includedScopes":[]},"contributions":{},"includedScopes":[]},"contributions":{},"includedScopes":[]}]},"contributions":{},"includedScopes":[]},"contributions":{},"includedScopes":[]},"sentences":[{"id":"9ad0981a-6630-40fe-ac31-5ba4f3b082a2","metadata":[],"scope":{"containerScope":{"containerScope":{"containerScope":{"containerScope":{"containerScope":{"contributions":{},"includedScopes":[]},"contributions":{},"includedScopes":[]},"contributions":{},"includedScopes":[{"containerScope":{"containerScope":{"containerScope":{"contributions":{},"includedScopes":[]},"contributions":{},"includedScopes":[]},"contributions":{},"includedScopes":[]},"contributions":{},"includedScopes":[]}]},"contributions":{},"includedScopes":[]},"contributions":{},"includedScopes":[]},"contributions":{},"includedScopes":[]},"sourceMap":{"end":{"column":45,"line":7,"offset":120},"start":{"column":9,"line":7,"offset":84}},"value":{"args":[{"args":[{"id":"bb5f503d-636a-4d4b-abc4-d6c0b2649918","metadata":[],"scope":{"containerScope":{"containerScope":{"containerScope":{"containerScope":{"containerScope":{"containerScope":{"containerScope":{"containerScope":{"contributions":{},"includedScopes":[]},"contributions":{},"includedScopes":[]},"contributions":{},"includedScopes":[{"containerScope":{"containerScope":{"containerScope":{"contributions":{},"includedScopes":[]},"contributions":{},"includedScopes":[]},"contributions":{},"includedScopes":[]},"contributions":{},"includedScopes":[]}]},"contributions":{},"includedScopes":[]},"contributions":{},"includedScopes":[]},"contributions":{},"includedScopes":[]},"contributions":{},"includedScopes":[]},"contributions":{},"includedScopes":[]},"contributions":{},"includedScopes":[]},"sourceMap":{"end":{"column":45,"line":7,"offset":120},"start":{"column":43,"line":7,"offset":118}},"value":10}],"id":"6d327633-88ea-421b-888f-eabe25a6cad9","message":"/","metadata":[],"receiver":{"id":"16e30e53-d22e-4b03-8223-ca9a5dd57847","metadata":[],"name":"distancia","scope":{"containerScope":{"containerScope":{"containerScope":{"containerScope":{"containerScope":{"containerScope":{"containerScope":{"containerScope":{"contributions":{},"includedScopes":[]},"contributions":{},"includedScopes":[]},"contributions":{},"includedScopes":[{"containerScope":{"containerScope":{"containerScope":{"contributions":{},"includedScopes":[]},"contributions":{},"includedScopes":[]},"contributions":{},"includedScopes":[]},"contributions":{},"includedScopes":[]}]},"contributions":{},"includedScopes":[]},"contributions":{},"includedScopes":[]},"contributions":{},"includedScopes":[]},"contributions":{},"includedScopes":[]},"contributions":{},"includedScopes":[]},"contributions":{},"includedScopes":[]},"sourceMap":{"end":{"column":42,"line":7,"offset":117},"start":{"column":33,"line":7,"offset":108}}},"scope":{"containerScope":{"containerScope":{"containerScope":{"containerScope":{"containerScope":{"containerScope":{"containerScope":{"contributions":{},"includedScopes":[]},"contributions":{},"includedScopes":[]},"contributions":{},"includedScopes":[{"containerScope":{"containerScope":{"containerScope":{"contributions":{},"includedScopes":[]},"contributions":{},"includedScopes":[]},"contributions":{},"includedScopes":[]},"contributions":{},"includedScopes":[]}]},"contributions":{},"includedScopes":[]},"contributions":{},"includedScopes":[]},"contributions":{},"includedScopes":[]},"contributions":{},"includedScopes":[]},"contributions":{},"includedScopes":[]},"sourceMap":{"end":{"column":45,"line":7,"offset":120},"start":{"column":33,"line":7,"offset":108}}}],"id":"b80028a5-af32-4477-9c01-fe9bb4121f7f","message":"-","metadata":[],"receiver":{"args":[{"id":"312693e5-eef4-4443-8257-bf4cedfb7b0a","metadata":[],"scope":{"containerScope":{"containerScope":{"containerScope":{"containerScope":{"containerScope":{"containerScope":{"containerScope":{"containerScope":{"contributions":{},"includedScopes":[]},"contributions":{},"includedScopes":[]},"contributions":{},"includedScopes":[{"containerScope":{"containerScope":{"containerScope":{"contributions":{},"includedScopes":[]},"contributions":{},"includedScopes":[]},"contributions":{},"includedScopes":[]},"contributions":{},"includedScopes":[]}]},"contributions":{},"includedScopes":[]},"contributions":{},"includedScopes":[]},"contributions":{},"includedScopes":[]},"contributions":{},"includedScopes":[]},"contributions":{},"includedScopes":[]},"contributions":{},"includedScopes":[]},"sourceMap":{"end":{"column":30,"line":7,"offset":105},"start":{"column":28,"line":7,"offset":103}},"value":10}],"id":"3f172146-99be-49a5-84b0-5bc483811f12","message":"-","metadata":[],"receiver":{"id":"9041706e-e238-48dc-a123-ff90ee254af9","metadata":[],"name":"energia","scope":{"containerScope":{"containerScope":{"containerScope":{"containerScope":{"containerScope":{"containerScope":{"containerScope":{"containerScope":{"contributions":{},"includedScopes":[]},"contributions":{},"includedScopes":[]},"contributions":{},"includedScopes":[{"containerScope":{"containerScope":{"containerScope":{"contributions":{},"includedScopes":[]},"contributions":{},"includedScopes":[]},"contributions":{},"includedScopes":[]},"contributions":{},"includedScopes":[]}]},"contributions":{},"includedScopes":[]},"contributions":{},"includedScopes":[]},"contributions":{},"includedScopes":[]},"contributions":{},"includedScopes":[]},"contributions":{},"includedScopes":[]},"contributions":{},"includedScopes":[]},"sourceMap":{"end":{"column":26,"line":7,"offset":101},"start":{"column":19,"line":7,"offset":94}}},"scope":{"containerScope":{"containerScope":{"containerScope":{"containerScope":{"containerScope":{"containerScope":{"containerScope":{"contributions":{},"includedScopes":[]},"contributions":{},"includedScopes":[]},"contributions":{},"includedScopes":[{"containerScope":{"containerScope":{"containerScope":{"contributions":{},"includedScopes":[]},"contributions":{},"includedScopes":[]},"contributions":{},"includedScopes":[]},"contributions":{},"includedScopes":[]}]},"contributions":{},"includedScopes":[]},"contributions":{},"includedScopes":[]},"contributions":{},"includedScopes":[]},"contributions":{},"includedScopes":[]},"contributions":{},"includedScopes":[]},"sourceMap":{"end":{"column":30,"line":7,"offset":105},"start":{"column":19,"line":7,"offset":94}}},"scope":{"containerScope":{"containerScope":{"containerScope":{"containerScope":{"containerScope":{"containerScope":{"contributions":{},"includedScopes":[]},"contributions":{},"includedScopes":[]},"contributions":{},"includedScopes":[{"containerScope":{"containerScope":{"containerScope":{"contributions":{},"includedScopes":[]},"contributions":{},"includedScopes":[]},"contributions":{},"includedScopes":[]},"contributions":{},"includedScopes":[]}]},"contributions":{},"includedScopes":[]},"contributions":{},"includedScopes":[]},"contributions":{},"includedScopes":[]},"contributions":{},"includedScopes":[]},"sourceMap":{"end":{"column":45,"line":7,"offset":120},"start":{"column":19,"line":7,"offset":94}}},"variable":{"id":"522bce69-3228-47d1-bea1-851632b5759b","metadata":[],"name":"energia","scope":{"containerScope":{"containerScope":{"containerScope":{"containerScope":{"containerScope":{"containerScope":{"contributions":{},"includedScopes":[]},"contributions":{},"includedScopes":[]},"contributions":{},"includedScopes":[{"containerScope":{"containerScope":{"containerScope":{"contributions":{},"includedScopes":[]},"contributions":{},"includedScopes":[]},"contributions":{},"includedScopes":[]},"contributions":{},"includedScopes":[]}]},"contributions":{},"includedScopes":[]},"contributions":{},"includedScopes":[]},"contributions":{},"includedScopes":[]},"contributions":{},"includedScopes":[]},"sourceMap":{"end":{"column":16,"line":7,"offset":91},"start":{"column":9,"line":7,"offset":84}}}}],"sourceMap":{"end":{"column":2,"line":9,"offset":125},"start":{"column":28,"line":5,"offset":71}}},"compiled":false,"id":"c35d2281-7460-4130-ad2d-284c9fd0e5d8","isOverride":false,"metadata":[],"name":"volar","parameters":[{"id":"89481fa6-a8ad-43a2-a3eb-fd7455cc69b9","isVarArg":false,"metadata":[],"name":"distancia","scope":{"containerScope":{"containerScope":{"containerScope":{"containerScope":{"contributions":{},"includedScopes":[]},"contributions":{},"includedScopes":[]},"contributions":{},"includedScopes":[{"containerScope":{"containerScope":{"containerScope":{"contributions":{},"includedScopes":[]},"contributions":{},"includedScopes":[]},"contributions":{},"includedScopes":[]},"contributions":{},"includedScopes":[]}]},"contributions":{},"includedScopes":[]},"contributions":{},"includedScopes":[]},"sourceMap":{"end":{"column":27,"line":5,"offset":70},"start":{"column":18,"line":5,"offset":61}}}],"problems":[],"scope":{"containerScope":{"containerScope":{"containerScope":{"contributions":{},"includedScopes":[]},"contributions":{},"includedScopes":[]},"contributions":{},"includedScopes":[{"containerScope":{"containerScope":{"containerScope":{"contributions":{},"includedScopes":[]},"contributions":{},"includedScopes":[]},"contributions":{},"includedScopes":[]},"contributions":{},"includedScopes":[]}]},"contributions":{},"includedScopes":[]},"sourceMap":{"end":{"column":2,"line":9,"offset":125},"start":{"column":5,"line":5,"offset":48}}},{"body":{"id":"129d45ed-d4a0-4d61-8f30-0baa68554087","metadata":[],"problems":[],"scope":{"containerScope":{"containerScope":{"containerScope":{"containerScope":{"contributions":{},"includedScopes":[]},"contributions":{},"includedScopes":[]},"contributions":{},"includedScopes":[{"containerScope":{"containerScope":{"containerScope":{"contributions":{},"includedScopes":[]},"contributions":{},"includedScopes":[]},"contributions":{},"includedScopes":[]},"contributions":{},"includedScopes":[]}]},"contributions":{},"includedScopes":[]},"contributions":{},"includedScopes":[]},"sentences":[{"id":"195f49dc-2097-4215-97ad-f9aedb422aa2","metadata":[],"scope":{"containerScope":{"containerScope":{"containerScope":{"containerScope":{"containerScope":{"contributions":{},"includedScopes":[]},"contributions":{},"includedScopes":[]},"contributions":{},"includedScopes":[{"containerScope":{"containerScope":{"containerScope":{"contributions":{},"includedScopes":[]},"contributions":{},"includedScopes":[]},"contributions":{},"includedScopes":[]},"contributions":{},"includedScopes":[]}]},"contributions":{},"includedScopes":[]},"contributions":{},"includedScopes":[]},"contributions":{},"includedScopes":[]},"sourceMap":{"end":{"column":31,"line":13,"offset":186},"start":{"column":9,"line":13,"offset":164}},"value":{"args":[{"id":"f0166df0-70e8-4d6b-ab08-284170fa1dce","metadata":[],"scope":{"containerScope":{"containerScope":{"containerScope":{"containerScope":{"containerScope":{"containerScope":{"containerScope":{"contributions":{},"includedScopes":[]},"contributions":{},"includedScopes":[]},"contributions":{},"includedScopes":[{"containerScope":{"containerScope":{"containerScope":{"contributions":{},"includedScopes":[]},"contributions":{},"includedScopes":[]},"contributions":{},"includedScopes":[]},"contributions":{},"includedScopes":[]}]},"contributions":{},"includedScopes":[]},"contributions":{},"includedScopes":[]},"contributions":{},"includedScopes":[]},"contributions":{},"includedScopes":[]},"contributions":{},"includedScopes":[]},"sourceMap":{"end":{"column":31,"line":13,"offset":186},"start":{"column":29,"line":13,"offset":184}},"value":10}],"id":"02b76fb9-efcb-4bd2-adfb-8c8a9f65110e","message":"+","metadata":[],"receiver":{"id":"0d574092-0903-4575-9a44-52513f72b138","metadata":[],"name":"energia","scope":{"containerScope":{"containerScope":{"containerScope":{"containerScope":{"containerScope":{"containerScope":{"containerScope":{"contributions":{},"includedScopes":[]},"contributions":{},"includedScopes":[]},"contributions":{},"includedScopes":[{"containerScope":{"containerScope":{"containerScope":{"contributions":{},"includedScopes":[]},"contributions":{},"includedScopes":[]},"contributions":{},"includedScopes":[]},"contributions":{},"includedScopes":[]}]},"contributions":{},"includedScopes":[]},"contributions":{},"includedScopes":[]},"contributions":{},"includedScopes":[]},"contributions":{},"includedScopes":[]},"contributions":{},"includedScopes":[]},"sourceMap":{"end":{"column":26,"line":13,"offset":181},"start":{"column":19,"line":13,"offset":174}}},"scope":{"containerScope":{"containerScope":{"containerScope":{"containerScope":{"containerScope":{"containerScope":{"contributions":{},"includedScopes":[]},"contributions":{},"includedScopes":[]},"contributions":{},"includedScopes":[{"containerScope":{"containerScope":{"containerScope":{"contributions":{},"includedScopes":[]},"contributions":{},"includedScopes":[]},"contributions":{},"includedScopes":[]},"contributions":{},"includedScopes":[]}]},"contributions":{},"includedScopes":[]},"contributions":{},"includedScopes":[]},"contributions":{},"includedScopes":[]},"contributions":{},"includedScopes":[]},"sourceMap":{"end":{"column":31,"line":13,"offset":186},"start":{"column":19,"line":13,"offset":174}}},"variable":{"id":"981ff5be-1fa1-4592-b37b-c70ae8c07574","metadata":[],"name":"energia","scope":{"containerScope":{"containerScope":{"containerScope":{"containerScope":{"containerScope":{"containerScope":{"contributions":{},"includedScopes":[]},"contributions":{},"includedScopes":[]},"contributions":{},"includedScopes":[{"containerScope":{"containerScope":{"containerScope":{"contributions":{},"includedScopes":[]},"contributions":{},"includedScopes":[]},"contributions":{},"includedScopes":[]},"contributions":{},"includedScopes":[]}]},"contributions":{},"includedScopes":[]},"contributions":{},"includedScopes":[]},"contributions":{},"includedScopes":[]},"contributions":{},"includedScopes":[]},"sourceMap":{"end":{"column":16,"line":13,"offset":171},"start":{"column":9,"line":13,"offset":164}}}}],"sourceMap":{"end":{"column":2,"line":15,"offset":191},"start":{"column":23,"line":11,"offset":151}}},"compiled":false,"id":"1f29d970-eb65-4447-8a2a-4207211cef17","isOverride":false,"metadata":[],"name":"descansar","parameters":[],"problems":[],"scope":{"containerScope":{"containerScope":{"containerScope":{"contributions":{},"includedScopes":[]},"contributions":{},"includedScopes":[]},"contributions":{},"includedScopes":[{"containerScope":{"containerScope":{"containerScope":{"contributions":{},"includedScopes":[]},"contributions":{},"includedScopes":[]},"contributions":{},"includedScopes":[]},"contributions":{},"includedScopes":[]}]},"contributions":{},"includedScopes":[]},"sourceMap":{"end":{"column":2,"line":15,"offset":191},"start":{"column":5,"line":11,"offset":133}}},{"body":{"id":"b16d7a8f-357e-44c2-a020-cf52d763fdac","metadata":[],"problems":[],"scope":{"containerScope":{"containerScope":{"containerScope":{"containerScope":{"contributions":{},"includedScopes":[]},"contributions":{},"includedScopes":[]},"contributions":{},"includedScopes":[{"containerScope":{"containerScope":{"containerScope":{"contributions":{},"includedScopes":[]},"contributions":{},"includedScopes":[]},"contributions":{},"includedScopes":[]},"contributions":{},"includedScopes":[]}]},"contributions":{},"includedScopes":[]},"contributions":{},"includedScopes":[]},"sentences":[{"id":"1e8ddc3d-7ffd-4372-a203-c191c07ebafb","metadata":[],"scope":{"containerScope":{"containerScope":{"containerScope":{"containerScope":{"containerScope":{"contributions":{},"includedScopes":[]},"contributions":{},"includedScopes":[]},"contributions":{},"includedScopes":[{"containerScope":{"containerScope":{"containerScope":{"contributions":{},"includedScopes":[]},"contributions":{},"includedScopes":[]},"contributions":{},"includedScopes":[]},"contributions":{},"includedScopes":[]}]},"contributions":{},"includedScopes":[]},"contributions":{},"includedScopes":[]},"contributions":{},"includedScopes":[]},"sourceMap":{"end":{"column":55,"line":19,"offset":279},"start":{"column":9,"line":19,"offset":233}},"value":{"args":[{"args":[],"id":"cdc2783e-9abb-4ada-b4e0-054db8e70f24","message":"energiaQueAporta","metadata":[],"receiver":{"id":"8bd7ac1a-a4c6-4994-9acb-386c3b6116ae","metadata":[],"name":"alpiste","scope":{"containerScope":{"containerScope":{"containerScope":{"containerScope":{"containerScope":{"containerScope":{"containerScope":{"containerScope":{"contributions":{},"includedScopes":[]},"contributions":{},"includedScopes":[]},"contributions":{},"includedScopes":[{"containerScope":{"containerScope":{"containerScope":{"contributions":{},"includedScopes":[]},"contributions":{},"includedScopes":[]},"contributions":{},"includedScopes":[]},"contributions":{},"includedScopes":[]}]},"contributions":{},"includedScopes":[]},"contributions":{},"includedScopes":[]},"contributions":{},"includedScopes":[]},"contributions":{},"includedScopes":[]},"contributions":{},"includedScopes":[]},"contributions":{},"includedScopes":[]},"sourceMap":{"end":{"column":36,"line":19,"offset":260},"start":{"column":29,"line":19,"offset":253}}},"scope":{"containerScope":{"containerScope":{"containerScope":{"containerScope":{"containerScope":{"containerScope":{"containerScope":{"contributions":{},"includedScopes":[]},"contributions":{},"includedScopes":[]},"contributions":{},"includedScopes":[{"containerScope":{"containerScope":{"containerScope":{"contributions":{},"includedScopes":[]},"contributions":{},"includedScopes":[]},"contributions":{},"includedScopes":[]},"contributions":{},"includedScopes":[]}]},"contributions":{},"includedScopes":[]},"contributions":{},"includedScopes":[]},"contributions":{},"includedScopes":[]},"contributions":{},"includedScopes":[]},"contributions":{},"includedScopes":[]},"sourceMap":{"end":{"column":55,"line":19,"offset":279},"start":{"column":29,"line":19,"offset":253}}}],"id":"d5fa1bbf-914a-4b89-affe-1a000dde6736","message":"+","metadata":[],"receiver":{"id":"860ff4b2-2db4-4ca4-a661-05cc561cc3a3","metadata":[],"name":"energia","scope":{"containerScope":{"containerScope":{"containerScope":{"containerScope":{"containerScope":{"containerScope":{"containerScope":{"contributions":{},"includedScopes":[]},"contributions":{},"includedScopes":[]},"contributions":{},"includedScopes":[{"containerScope":{"containerScope":{"containerScope":{"contributions":{},"includedScopes":[]},"contributions":{},"includedScopes":[]},"contributions":{},"includedScopes":[]},"contributions":{},"includedScopes":[]}]},"contributions":{},"includedScopes":[]},"contributions":{},"includedScopes":[]},"contributions":{},"includedScopes":[]},"contributions":{},"includedScopes":[]},"contributions":{},"includedScopes":[]},"sourceMap":{"end":{"column":26,"line":19,"offset":250},"start":{"column":19,"line":19,"offset":243}}},"scope":{"containerScope":{"containerScope":{"containerScope":{"containerScope":{"containerScope":{"containerScope":{"contributions":{},"includedScopes":[]},"contributions":{},"includedScopes":[]},"contributions":{},"includedScopes":[{"containerScope":{"containerScope":{"containerScope":{"contributions":{},"includedScopes":[]},"contributions":{},"includedScopes":[]},"contributions":{},"includedScopes":[]},"contributions":{},"includedScopes":[]}]},"contributions":{},"includedScopes":[]},"contributions":{},"includedScopes":[]},"contributions":{},"includedScopes":[]},"contributions":{},"includedScopes":[]},"sourceMap":{"end":{"column":55,"line":19,"offset":279},"start":{"column":19,"line":19,"offset":243}}},"variable":{"id":"fccae8fc-77e6-4296-98e5-6388a2099b6b","metadata":[],"name":"energia","scope":{"containerScope":{"containerScope":{"containerScope":{"containerScope":{"containerScope":{"containerScope":{"contributions":{},"includedScopes":[]},"contributions":{},"includedScopes":[]},"contributions":{},"includedScopes":[{"containerScope":{"containerScope":{"containerScope":{"contributions":{},"includedScopes":[]},"contributions":{},"includedScopes":[]},"contributions":{},"includedScopes":[]},"contributions":{},"includedScopes":[]}]},"contributions":{},"includedScopes":[]},"contributions":{},"includedScopes":[]},"contributions":{},"includedScopes":[]},"contributions":{},"includedScopes":[]},"sourceMap":{"end":{"column":16,"line":19,"offset":240},"start":{"column":9,"line":19,"offset":233}}}}],"sourceMap":{"end":{"column":2,"line":20,"offset":282},"start":{"column":26,"line":17,"offset":220}}},"compiled":false,"id":"e3ae38e5-afa3-4ab8-ad90-16be9ee02774","isOverride":false,"metadata":[],"name":"comer","parameters":[{"id":"7bb2463f-3ec2-4cfb-9f96-14bb32c9db7e","isVarArg":false,"metadata":[],"name":"alpiste","scope":{"containerScope":{"containerScope":{"containerScope":{"containerScope":{"contributions":{},"includedScopes":[]},"contributions":{},"includedScopes":[]},"contributions":{},"includedScopes":[{"containerScope":{"containerScope":{"containerScope":{"contributions":{},"includedScopes":[]},"contributions":{},"includedScopes":[]},"contributions":{},"includedScopes":[]},"contributions":{},"includedScopes":[]}]},"contributions":{},"includedScopes":[]},"contributions":{},"includedScopes":[]},"sourceMap":{"end":{"column":25,"line":17,"offset":219},"start":{"column":18,"line":17,"offset":212}}}],"problems":[],"scope":{"containerScope":{"containerScope":{"containerScope":{"contributions":{},"includedScopes":[]},"contributions":{},"includedScopes":[]},"contributions":{},"includedScopes":[{"containerScope":{"containerScope":{"containerScope":{"contributions":{},"includedScopes":[]},"contributions":{},"includedScopes":[]},"contributions":{},"includedScopes":[]},"contributions":{},"includedScopes":[]}]},"contributions":{},"includedScopes":[]},"sourceMap":{"end":{"column":2,"line":20,"offset":282},"start":{"column":5,"line":17,"offset":199}}},{"body":{"id":"bc21af27-dd8c-45a9-be27-c563c1a1054d","metadata":[],"problems":[],"scope":{"containerScope":{"containerScope":{"containerScope":{"containerScope":{"contributions":{},"includedScopes":[]},"contributions":{},"includedScopes":[]},"contributions":{},"includedScopes":[{"containerScope":{"containerScope":{"containerScope":{"contributions":{},"includedScopes":[]},"contributions":{},"includedScopes":[]},"contributions":{},"includedScopes":[]},"contributions":{},"includedScopes":[]}]},"contributions":{},"includedScopes":[]},"contributions":{},"includedScopes":[]},"sentences":[{"id":"1f476a74-30ed-402a-b2cd-0aadf2488ad0","metadata":[],"scope":{"containerScope":{"containerScope":{"containerScope":{"containerScope":{"containerScope":{"contributions":{},"includedScopes":[]},"contributions":{},"includedScopes":[]},"contributions":{},"includedScopes":[{"containerScope":{"containerScope":{"containerScope":{"contributions":{},"includedScopes":[]},"contributions":{},"includedScopes":[]},"contributions":{},"includedScopes":[]},"contributions":{},"includedScopes":[]}]},"contributions":{},"includedScopes":[]},"contributions":{},"includedScopes":[]},"contributions":{},"includedScopes":[]},"sourceMap":{"end":{"column":28,"line":25,"offset":340},"start":{"column":9,"line":25,"offset":321}},"value":{"args":[{"id":"c6092802-a277-43bd-8b21-e6a80b61c6de","metadata":[],"scope":{"containerScope":{"containerScope":{"containerScope":{"containerScope":{"containerScope":{"containerScope":{"containerScope":{"contributions":{},"includedScopes":[]},"contributions":{},"includedScopes":[]},"contributions":{},"includedScopes":[{"containerScope":{"containerScope":{"containerScope":{"contributions":{},"includedScopes":[]},"contributions":{},"includedScopes":[]},"contributions":{},"includedScopes":[]},"contributions":{},"includedScopes":[]}]},"contributions":{},"includedScopes":[]},"contributions":{},"includedScopes":[]},"contributions":{},"includedScopes":[]},"contributions":{},"includedScopes":[]},"contributions":{},"includedScopes":[]},"sourceMap":{"end":{"column":28,"line":25,"offset":340},"start":{"column":26,"line":25,"offset":338}},"value":30}],"id":"803e6c6a-ce35-4898-b59a-6f468b190791","message":"<","metadata":[],"receiver":{"id":"fcf80e90-2ef4-481a-9130-06d44ab028f5","metadata":[],"name":"energia","scope":{"containerScope":{"containerScope":{"containerScope":{"containerScope":{"containerScope":{"containerScope":{"containerScope":{"contributions":{},"includedScopes":[]},"contributions":{},"includedScopes":[]},"contributions":{},"includedScopes":[{"containerScope":{"containerScope":{"containerScope":{"contributions":{},"includedScopes":[]},"contributions":{},"includedScopes":[]},"contributions":{},"includedScopes":[]},"contributions":{},"includedScopes":[]}]},"contributions":{},"includedScopes":[]},"contributions":{},"includedScopes":[]},"contributions":{},"includedScopes":[]},"contributions":{},"includedScopes":[]},"contributions":{},"includedScopes":[]},"sourceMap":{"end":{"column":23,"line":25,"offset":335},"start":{"column":16,"line":25,"offset":328}}},"scope":{"containerScope":{"containerScope":{"containerScope":{"containerScope":{"containerScope":{"containerScope":{"contributions":{},"includedScopes":[]},"contributions":{},"includedScopes":[]},"contributions":{},"includedScopes":[{"containerScope":{"containerScope":{"containerScope":{"contributions":{},"includedScopes":[]},"contributions":{},"includedScopes":[]},"contributions":{},"includedScopes":[]},"contributions":{},"includedScopes":[]}]},"contributions":{},"includedScopes":[]},"contributions":{},"includedScopes":[]},"contributions":{},"includedScopes":[]},"contributions":{},"includedScopes":[]},"sourceMap":{"end":{"column":28,"line":25,"offset":340},"start":{"column":16,"line":25,"offset":328}}}}],"sourceMap":{"end":{"column":6,"line":27,"offset":349},"start":{"column":21,"line":23,"offset":308}}},"compiled":false,"id":"4f788ba8-4364-414d-b26c-92a3922cff90","isOverride":false,"metadata":[],"name":"cansada","parameters":[],"problems":[],"scope":{"containerScope":{"containerScope":{"containerScope":{"contributions":{},"includedScopes":[]},"contributions":{},"includedScopes":[]},"contributions":{},"includedScopes":[{"containerScope":{"containerScope":{"containerScope":{"contributions":{},"includedScopes":[]},"contributions":{},"includedScopes":[]},"contributions":{},"includedScopes":[]},"contributions":{},"includedScopes":[]}]},"contributions":{},"includedScopes":[]},"sourceMap":{"end":{"column":6,"line":27,"offset":349},"start":{"column":5,"line":23,"offset":292}}}],"metadata":[],"name":"pepita","problems":[],"scope":{"containerScope":{"containerScope":{"contributions":{},"includedScopes":[]},"contributions":{},"includedScopes":[]},"contributions":{},"includedScopes":[{"containerScope":{"containerScope":{"containerScope":{"contributions":{},"includedScopes":[]},"contributions":{},"includedScopes":[]},"contributions":{},"includedScopes":[]},"contributions":{},"includedScopes":[]}]},"sourceMap":{"end":{"column":2,"line":29,"offset":354},"start":{"column":1,"line":1,"offset":0}},"supertypes":[]},{"id":"661b5451-c1aa-4193-ba49-d0c2731ed9e3","members":[{"body":{"id":"76118686-8c68-4c30-aa6e-8f22055b6c8f","metadata":[],"problems":[],"scope":{"containerScope":{"containerScope":{"containerScope":{"containerScope":{"contributions":{},"includedScopes":[]},"contributions":{},"includedScopes":[]},"contributions":{},"includedScopes":[{"containerScope":{"containerScope":{"containerScope":{"contributions":{},"includedScopes":[]},"contributions":{},"includedScopes":[]},"contributions":{},"includedScopes":[]},"contributions":{},"includedScopes":[]}]},"contributions":{},"includedScopes":[]},"contributions":{},"includedScopes":[]},"sentences":[{"id":"bc94d678-fb93-4e95-8622-4d63cf3e5408","metadata":[],"scope":{"containerScope":{"containerScope":{"containerScope":{"containerScope":{"containerScope":{"contributions":{},"includedScopes":[]},"contributions":{},"includedScopes":[]},"contributions":{},"includedScopes":[{"containerScope":{"containerScope":{"containerScope":{"contributions":{},"includedScopes":[]},"contributions":{},"includedScopes":[]},"contributions":{},"includedScopes":[]},"contributions":{},"includedScopes":[]}]},"contributions":{},"includedScopes":[]},"contributions":{},"includedScopes":[]},"contributions":{},"includedScopes":[]},"sourceMap":{"end":{"column":18,"line":38,"offset":438},"start":{"column":9,"line":38,"offset":429}},"value":{"id":"f86831ec-0fe1-41a9-b0da-01807cb828ea","metadata":[],"scope":{"containerScope":{"containerScope":{"containerScope":{"containerScope":{"containerScope":{"containerScope":{"contributions":{},"includedScopes":[]},"contributions":{},"includedScopes":[]},"contributions":{},"includedScopes":[{"containerScope":{"containerScope":{"containerScope":{"contributions":{},"includedScopes":[]},"contributions":{},"includedScopes":[]},"contributions":{},"includedScopes":[]},"contributions":{},"includedScopes":[]}]},"contributions":{},"includedScopes":[]},"contributions":{},"includedScopes":[]},"contributions":{},"includedScopes":[]},"contributions":{},"includedScopes":[]},"sourceMap":{"end":{"column":18,"line":38,"offset":438},"start":{"column":16,"line":38,"offset":436}},"value":25}}],"sourceMap":{"end":{"column":6,"line":40,"offset":447},"start":{"column":30,"line":36,"offset":416}}},"compiled":false,"id":"c3ac6910-1624-4243-a965-229bd216b42c","isOverride":false,"metadata":[],"name":"energiaQueAporta","parameters":[],"problems":[],"scope":{"containerScope":{"containerScope":{"containerScope":{"contributions":{},"includedScopes":[]},"contributions":{},"includedScopes":[]},"contributions":{},"includedScopes":[{"containerScope":{"containerScope":{"containerScope":{"contributions":{},"includedScopes":[]},"contributions":{},"includedScopes":[]},"contributions":{},"includedScopes":[]},"contributions":{},"includedScopes":[]}]},"contributions":{},"includedScopes":[]},"sourceMap":{"end":{"column":6,"line":40,"offset":447},"start":{"column":5,"line":36,"offset":391}}}],"metadata":[],"name":"alpiste","problems":[],"scope":{"containerScope":{"containerScope":{"contributions":{},"includedScopes":[]},"contributions":{},"includedScopes":[]},"contributions":{},"includedScopes":[{"containerScope":{"containerScope":{"containerScope":{"contributions":{},"includedScopes":[]},"contributions":{},"includedScopes":[]},"contributions":{},"includedScopes":[]},"contributions":{},"includedScopes":[]}]},"sourceMap":{"end":{"column":2,"line":42,"offset":452},"start":{"column":1,"line":33,"offset":362}},"supertypes":[]}],"metadata":[],"name":"pepita","problems":[{"code":"malformedEntity","sourceMap":{"end":{"column":1,"line":54,"offset":631},"start":{"column":1,"line":45,"offset":458}}}],"scope":{"containerScope":{"contributions":{},"includedScopes":[]},"contributions":{},"includedScopes":[]}},"stack":"Error: Failed to print, found malformed node\n    at c:\\Users\\lukas\\.vscode\\extensions\\uqbar.wollok-lsp-ide-0.5.4\\out\\server\\src\\server.js:68:3585\n    at Kbn (c:\\Users\\lukas\\.vscode\\extensions\\uqbar.wollok-lsp-ide-0.5.4\\out\\server\\src\\server.js:68:3396)\n    at c:\\Users\\lukas\\.vscode\\extensions\\uqbar.wollok-lsp-ide-0.5.4\\out\\server\\src\\server.js:2398:847\n    at c:\\Users\\lukas\\.vscode\\extensions\\uqbar.wollok-lsp-ide-0.5.4\\out\\server\\src\\server.js:2398:8440\n    at c:\\Users\\lukas\\.vscode\\extensions\\uqbar.wollok-lsp-ide-0.5.4\\out\\server\\src\\server.js:37:74770\n    at Ke (c:\\Users\\lukas\\.vscode\\extensions\\uqbar.wollok-lsp-ide-0.5.4\\out\\server\\src\\server.js:7:8527)\n    at Lt (c:\\Users\\lukas\\.vscode\\extensions\\uqbar.wollok-lsp-ide-0.5.4\\out\\server\\src\\server.js:7:6189)\n    at ct (c:\\Users\\lukas\\.vscode\\extensions\\uqbar.wollok-lsp-ide-0.5.4\\out\\server\\src\\server.js:7:6378)\n    at Immediate._onImmediate (c:\\Users\\lukas\\.vscode\\extensions\\uqbar.wollok-lsp-ide-0.5.4\\out\\server\\src\\server.js:7:6142)\n    at process.processImmediate (node:internal/timers:504:21)","timestamp":"2026-08-14T13:04:37.281Z"}
{"level":"error","message":"✘ Failed to get type description: Error: Failed to print, found malformed node Failed to print, found malformed node","node":{"fileName":"pepita.wlk","id":"235c6ec6-ac98-4aa6-904f-ee813dd087e5","imports":[],"members":[{"id":"3da0b026-9b95-4608-affc-9e43c2b38f64","members":[{"id":"73f74c7f-7772-49d4-a9af-9d6f67eedbcf","isConstant":false,"isProperty":false,"metadata":[],"name":"energia","scope":{"containerScope":{"containerScope":{"containerScope":{"contributions":{},"includedScopes":[]},"contributions":{},"includedScopes":[]},"contributions":{},"includedScopes":[{"containerScope":{"containerScope":{"containerScope":{"contributions":{},"includedScopes":[]},"contributions":{},"includedScopes":[]},"contributions":{},"includedScopes":[]},"contributions":{},"includedScopes":[]}]},"contributions":{},"includedScopes":[]},"sourceMap":{"end":{"column":22,"line":3,"offset":40},"start":{"column":5,"line":3,"offset":23}},"value":{"id":"3dcbce39-790c-4f70-b011-611bc570f4b0","metadata":[],"scope":{"containerScope":{"containerScope":{"containerScope":{"containerScope":{"contributions":{},"includedScopes":[]},"contributions":{},"includedScopes":[]},"contributions":{},"includedScopes":[{"containerScope":{"containerScope":{"containerScope":{"contributions":{},"includedScopes":[]},"contributions":{},"includedScopes":[]},"contributions":{},"includedScopes":[]},"contributions":{},"includedScopes":[]}]},"contributions":{},"includedScopes":[]},"contributions":{},"includedScopes":[]},"sourceMap":{"end":{"column":22,"line":3,"offset":40},"start":{"column":19,"line":3,"offset":37}},"value":100}},{"body":{"id":"2f700ca3-7650-4399-a488-bd35717790f1","metadata":[],"problems":[],"scope":{"containerScope":{"containerScope":{"containerScope":{"containerScope":{"contributions":{},"includedScopes":[]},"contributions":{},"includedScopes":[]},"contributions":{},"includedScopes":[{"containerScope":{"containerScope":{"containerScope":{"contributions":{},"includedScopes":[]},"contributions":{},"includedScopes":[]},"contributions":{},"includedScopes":[]},"contributions":{},"includedScopes":[]}]},"contributions":{},"includedScopes":[]},"contributions":{},"includedScopes":[]},"sentences":[{"id":"9ad0981a-6630-40fe-ac31-5ba4f3b082a2","metadata":[],"scope":{"containerScope":{"containerScope":{"containerScope":{"containerScope":{"containerScope":{"contributions":{},"includedScopes":[]},"contributions":{},"includedScopes":[]},"contributions":{},"includedScopes":[{"containerScope":{"containerScope":{"containerScope":{"contributions":{},"includedScopes":[]},"contributions":{},"includedScopes":[]},"contributions":{},"includedScopes":[]},"contributions":{},"includedScopes":[]}]},"contributions":{},"includedScopes":[]},"contributions":{},"includedScopes":[]},"contributions":{},"includedScopes":[]},"sourceMap":{"end":{"column":45,"line":7,"offset":120},"start":{"column":9,"line":7,"offset":84}},"value":{"args":[{"args":[{"id":"bb5f503d-636a-4d4b-abc4-d6c0b2649918","metadata":[],"scope":{"containerScope":{"containerScope":{"containerScope":{"containerScope":{"containerScope":{"containerScope":{"containerScope":{"containerScope":{"contributions":{},"includedScopes":[]},"contributions":{},"includedScopes":[]},"contributions":{},"includedScopes":[{"containerScope":{"containerScope":{"containerScope":{"contributions":{},"includedScopes":[]},"contributions":{},"includedScopes":[]},"contributions":{},"includedScopes":[]},"contributions":{},"includedScopes":[]}]},"contributions":{},"includedScopes":[]},"contributions":{},"includedScopes":[]},"contributions":{},"includedScopes":[]},"contributions":{},"includedScopes":[]},"contributions":{},"includedScopes":[]},"contributions":{},"includedScopes":[]},"sourceMap":{"end":{"column":45,"line":7,"offset":120},"start":{"column":43,"line":7,"offset":118}},"value":10}],"id":"6d327633-88ea-421b-888f-eabe25a6cad9","message":"/","metadata":[],"receiver":{"id":"16e30e53-d22e-4b03-8223-ca9a5dd57847","metadata":[],"name":"distancia","scope":{"containerScope":{"containerScope":{"containerScope":{"containerScope":{"containerScope":{"containerScope":{"containerScope":{"containerScope":{"contributions":{},"includedScopes":[]},"contributions":{},"includedScopes":[]},"contributions":{},"includedScopes":[{"containerScope":{"containerScope":{"containerScope":{"contributions":{},"includedScopes":[]},"contributions":{},"includedScopes":[]},"contributions":{},"includedScopes":[]},"contributions":{},"includedScopes":[]}]},"contributions":{},"includedScopes":[]},"contributions":{},"includedScopes":[]},"contributions":{},"includedScopes":[]},"contributions":{},"includedScopes":[]},"contributions":{},"includedScopes":[]},"contributions":{},"includedScopes":[]},"sourceMap":{"end":{"column":42,"line":7,"offset":117},"start":{"column":33,"line":7,"offset":108}}},"scope":{"containerScope":{"containerScope":{"containerScope":{"containerScope":{"containerScope":{"containerScope":{"containerScope":{"contributions":{},"includedScopes":[]},"contributions":{},"includedScopes":[]},"contributions":{},"includedScopes":[{"containerScope":{"containerScope":{"containerScope":{"contributions":{},"includedScopes":[]},"contributions":{},"includedScopes":[]},"contributions":{},"includedScopes":[]},"contributions":{},"includedScopes":[]}]},"contributions":{},"includedScopes":[]},"contributions":{},"includedScopes":[]},"contributions":{},"includedScopes":[]},"contributions":{},"includedScopes":[]},"contributions":{},"includedScopes":[]},"sourceMap":{"end":{"column":45,"line":7,"offset":120},"start":{"column":33,"line":7,"offset":108}}}],"id":"b80028a5-af32-4477-9c01-fe9bb4121f7f","message":"-","metadata":[],"receiver":{"args":[{"id":"312693e5-eef4-4443-8257-bf4cedfb7b0a","metadata":[],"scope":{"containerScope":{"containerScope":{"containerScope":{"containerScope":{"containerScope":{"containerScope":{"containerScope":{"containerScope":{"contributions":{},"includedScopes":[]},"contributions":{},"includedScopes":[]},"contributions":{},"includedScopes":[{"containerScope":{"containerScope":{"containerScope":{"contributions":{},"includedScopes":[]},"contributions":{},"includedScopes":[]},"contributions":{},"includedScopes":[]},"contributions":{},"includedScopes":[]}]},"contributions":{},"includedScopes":[]},"contributions":{},"includedScopes":[]},"contributions":{},"includedScopes":[]},"contributions":{},"includedScopes":[]},"contributions":{},"includedScopes":[]},"contributions":{},"includedScopes":[]},"sourceMap":{"end":{"column":30,"line":7,"offset":105},"start":{"column":28,"line":7,"offset":103}},"value":10}],"id":"3f172146-99be-49a5-84b0-5bc483811f12","message":"-","metadata":[],"receiver":{"id":"9041706e-e238-48dc-a123-ff90ee254af9","metadata":[],"name":"energia","scope":{"containerScope":{"containerScope":{"containerScope":{"containerScope":{"containerScope":{"containerScope":{"containerScope":{"containerScope":{"contributions":{},"includedScopes":[]},"contributions":{},"includedScopes":[]},"contributions":{},"includedScopes":[{"containerScope":{"containerScope":{"containerScope":{"contributions":{},"includedScopes":[]},"contributions":{},"includedScopes":[]},"contributions":{},"includedScopes":[]},"contributions":{},"includedScopes":[]}]},"contributions":{},"includedScopes":[]},"contributions":{},"includedScopes":[]},"contributions":{},"includedScopes":[]},"contributions":{},"includedScopes":[]},"contributions":{},"includedScopes":[]},"contributions":{},"includedScopes":[]},"sourceMap":{"end":{"column":26,"line":7,"offset":101},"start":{"column":19,"line":7,"offset":94}}},"scope":{"containerScope":{"containerScope":{"containerScope":{"containerScope":{"containerScope":{"containerScope":{"containerScope":{"contributions":{},"includedScopes":[]},"contributions":{},"includedScopes":[]},"contributions":{},"includedScopes":[{"containerScope":{"containerScope":{"containerScope":{"contributions":{},"includedScopes":[]},"contributions":{},"includedScopes":[]},"contributions":{},"includedScopes":[]},"contributions":{},"includedScopes":[]}]},"contributions":{},"includedScopes":[]},"contributions":{},"includedScopes":[]},"contributions":{},"includedScopes":[]},"contributions":{},"includedScopes":[]},"contributions":{},"includedScopes":[]},"sourceMap":{"end":{"column":30,"line":7,"offset":105},"start":{"column":19,"line":7,"offset":94}}},"scope":{"containerScope":{"containerScope":{"containerScope":{"containerScope":{"containerScope":{"containerScope":{"contributions":{},"includedScopes":[]},"contributions":{},"includedScopes":[]},"contributions":{},"includedScopes":[{"containerScope":{"containerScope":{"containerScope":{"contributions":{},"includedScopes":[]},"contributions":{},"includedScopes":[]},"contributions":{},"includedScopes":[]},"contributions":{},"includedScopes":[]}]},"contributions":{},"includedScopes":[]},"contributions":{},"includedScopes":[]},"contributions":{},"includedScopes":[]},"contributions":{},"includedScopes":[]},"sourceMap":{"end":{"column":45,"line":7,"offset":120},"start":{"column":19,"line":7,"offset":94}}},"variable":{"id":"522bce69-3228-47d1-bea1-851632b5759b","metadata":[],"name":"energia","scope":{"containerScope":{"containerScope":{"containerScope":{"containerScope":{"containerScope":{"containerScope":{"contributions":{},"includedScopes":[]},"contributions":{},"includedScopes":[]},"contributions":{},"includedScopes":[{"containerScope":{"containerScope":{"containerScope":{"contributions":{},"includedScopes":[]},"contributions":{},"includedScopes":[]},"contributions":{},"includedScopes":[]},"contributions":{},"includedScopes":[]}]},"contributions":{},"includedScopes":[]},"contributions":{},"includedScopes":[]},"contributions":{},"includedScopes":[]},"contributions":{},"includedScopes":[]},"sourceMap":{"end":{"column":16,"line":7,"offset":91},"start":{"column":9,"line":7,"offset":84}}}}],"sourceMap":{"end":{"column":2,"line":9,"offset":125},"start":{"column":28,"line":5,"offset":71}}},"compiled":false,"id":"c35d2281-7460-4130-ad2d-284c9fd0e5d8","isOverride":false,"metadata":[],"name":"volar","parameters":[{"id":"89481fa6-a8ad-43a2-a3eb-fd7455cc69b9","isVarArg":false,"metadata":[],"name":"distancia","scope":{"containerScope":{"containerScope":{"containerScope":{"containerScope":{"contributions":{},"includedScopes":[]},"contributions":{},"includedScopes":[]},"contributions":{},"includedScopes":[{"containerScope":{"containerScope":{"containerScope":{"contributions":{},"includedScopes":[]},"contributions":{},"includedScopes":[]},"contributions":{},"includedScopes":[]},"contributions":{},"includedScopes":[]}]},"contributions":{},"includedScopes":[]},"contributions":{},"includedScopes":[]},"sourceMap":{"end":{"column":27,"line":5,"offset":70},"start":{"column":18,"line":5,"offset":61}}}],"problems":[],"scope":{"containerScope":{"containerScope":{"containerScope":{"contributions":{},"includedScopes":[]},"contributions":{},"includedScopes":[]},"contributions":{},"includedScopes":[{"containerScope":{"containerScope":{"containerScope":{"contributions":{},"includedScopes":[]},"contributions":{},"includedScopes":[]},"contributions":{},"includedScopes":[]},"contributions":{},"includedScopes":[]}]},"contributions":{},"includedScopes":[]},"sourceMap":{"end":{"column":2,"line":9,"offset":125},"start":{"column":5,"line":5,"offset":48}}},{"body":{"id":"129d45ed-d4a0-4d61-8f30-0baa68554087","metadata":[],"problems":[],"scope":{"containerScope":{"containerScope":{"containerScope":{"containerScope":{"contributions":{},"includedScopes":[]},"contributions":{},"includedScopes":[]},"contributions":{},"includedScopes":[{"containerScope":{"containerScope":{"containerScope":{"contributions":{},"includedScopes":[]},"contributions":{},"includedScopes":[]},"contributions":{},"includedScopes":[]},"contributions":{},"includedScopes":[]}]},"contributions":{},"includedScopes":[]},"contributions":{},"includedScopes":[]},"sentences":[{"id":"195f49dc-2097-4215-97ad-f9aedb422aa2","metadata":[],"scope":{"containerScope":{"containerScope":{"containerScope":{"containerScope":{"containerScope":{"contributions":{},"includedScopes":[]},"contributions":{},"includedScopes":[]},"contributions":{},"includedScopes":[{"containerScope":{"containerScope":{"containerScope":{"contributions":{},"includedScopes":[]},"contributions":{},"includedScopes":[]},"contributions":{},"includedScopes":[]},"contributions":{},"includedScopes":[]}]},"contributions":{},"includedScopes":[]},"contributions":{},"includedScopes":[]},"contributions":{},"includedScopes":[]},"sourceMap":{"end":{"column":31,"line":13,"offset":186},"start":{"column":9,"line":13,"offset":164}},"value":{"args":[{"id":"f0166df0-70e8-4d6b-ab08-284170fa1dce","metadata":[],"scope":{"containerScope":{"containerScope":{"containerScope":{"containerScope":{"containerScope":{"containerScope":{"containerScope":{"contributions":{},"includedScopes":[]},"contributions":{},"includedScopes":[]},"contributions":{},"includedScopes":[{"containerScope":{"containerScope":{"containerScope":{"contributions":{},"includedScopes":[]},"contributions":{},"includedScopes":[]},"contributions":{},"includedScopes":[]},"contributions":{},"includedScopes":[]}]},"contributions":{},"includedScopes":[]},"contributions":{},"includedScopes":[]},"contributions":{},"includedScopes":[]},"contributions":{},"includedScopes":[]},"contributions":{},"includedScopes":[]},"sourceMap":{"end":{"column":31,"line":13,"offset":186},"start":{"column":29,"line":13,"offset":184}},"value":10}],"id":"02b76fb9-efcb-4bd2-adfb-8c8a9f65110e","message":"+","metadata":[],"receiver":{"id":"0d574092-0903-4575-9a44-52513f72b138","metadata":[],"name":"energia","scope":{"containerScope":{"containerScope":{"containerScope":{"containerScope":{"containerScope":{"containerScope":{"containerScope":{"contributions":{},"includedScopes":[]},"contributions":{},"includedScopes":[]},"contributions":{},"includedScopes":[{"containerScope":{"containerScope":{"containerScope":{"contributions":{},"includedScopes":[]},"contributions":{},"includedScopes":[]},"contributions":{},"includedScopes":[]},"contributions":{},"includedScopes":[]}]},"contributions":{},"includedScopes":[]},"contributions":{},"includedScopes":[]},"contributions":{},"includedScopes":[]},"contributions":{},"includedScopes":[]},"contributions":{},"includedScopes":[]},"sourceMap":{"end":{"column":26,"line":13,"offset":181},"start":{"column":19,"line":13,"offset":174}}},"scope":{"containerScope":{"containerScope":{"containerScope":{"containerScope":{"containerScope":{"containerScope":{"contributions":{},"includedScopes":[]},"contributions":{},"includedScopes":[]},"contributions":{},"includedScopes":[{"containerScope":{"containerScope":{"containerScope":{"contributions":{},"includedScopes":[]},"contributions":{},"includedScopes":[]},"contributions":{},"includedScopes":[]},"contributions":{},"includedScopes":[]}]},"contributions":{},"includedScopes":[]},"contributions":{},"includedScopes":[]},"contributions":{},"includedScopes":[]},"contributions":{},"includedScopes":[]},"sourceMap":{"end":{"column":31,"line":13,"offset":186},"start":{"column":19,"line":13,"offset":174}}},"variable":{"id":"981ff5be-1fa1-4592-b37b-c70ae8c07574","metadata":[],"name":"energia","scope":{"containerScope":{"containerScope":{"containerScope":{"containerScope":{"containerScope":{"containerScope":{"contributions":{},"includedScopes":[]},"contributions":{},"includedScopes":[]},"contributions":{},"includedScopes":[{"containerScope":{"containerScope":{"containerScope":{"contributions":{},"includedScopes":[]},"contributions":{},"includedScopes":[]},"contributions":{},"includedScopes":[]},"contributions":{},"includedScopes":[]}]},"contributions":{},"includedScopes":[]},"contributions":{},"includedScopes":[]},"contributions":{},"includedScopes":[]},"contributions":{},"includedScopes":[]},"sourceMap":{"end":{"column":16,"line":13,"offset":171},"start":{"column":9,"line":13,"offset":164}}}}],"sourceMap":{"end":{"column":2,"line":15,"offset":191},"start":{"column":23,"line":11,"offset":151}}},"compiled":false,"id":"1f29d970-eb65-4447-8a2a-4207211cef17","isOverride":false,"metadata":[],"name":"descansar","parameters":[],"problems":[],"scope":{"containerScope":{"containerScope":{"containerScope":{"contributions":{},"includedScopes":[]},"contributions":{},"includedScopes":[]},"contributions":{},"includedScopes":[{"containerScope":{"containerScope":{"containerScope":{"contributions":{},"includedScopes":[]},"contributions":{},"includedScopes":[]},"contributions":{},"includedScopes":[]},"contributions":{},"includedScopes":[]}]},"contributions":{},"includedScopes":[]},"sourceMap":{"end":{"column":2,"line":15,"offset":191},"start":{"column":5,"line":11,"offset":133}}},{"body":{"id":"b16d7a8f-357e-44c2-a020-cf52d763fdac","metadata":[],"problems":[],"scope":{"containerScope":{"containerScope":{"containerScope":{"containerScope":{"contributions":{},"includedScopes":[]},"contributions":{},"includedScopes":[]},"contributions":{},"includedScopes":[{"containerScope":{"containerScope":{"containerScope":{"contributions":{},"includedScopes":[]},"contributions":{},"includedScopes":[]},"contributions":{},"includedScopes":[]},"contributions":{},"includedScopes":[]}]},"contributions":{},"includedScopes":[]},"contributions":{},"includedScopes":[]},"sentences":[{"id":"1e8ddc3d-7ffd-4372-a203-c191c07ebafb","metadata":[],"scope":{"containerScope":{"containerScope":{"containerScope":{"containerScope":{"containerScope":{"contributions":{},"includedScopes":[]},"contributions":{},"includedScopes":[]},"contributions":{},"includedScopes":[{"containerScope":{"containerScope":{"containerScope":{"contributions":{},"includedScopes":[]},"contributions":{},"includedScopes":[]},"contributions":{},"includedScopes":[]},"contributions":{},"includedScopes":[]}]},"contributions":{},"includedScopes":[]},"contributions":{},"includedScopes":[]},"contributions":{},"includedScopes":[]},"sourceMap":{"end":{"column":55,"line":19,"offset":279},"start":{"column":9,"line":19,"offset":233}},"value":{"args":[{"args":[],"id":"cdc2783e-9abb-4ada-b4e0-054db8e70f24","message":"energiaQueAporta","metadata":[],"receiver":{"id":"8bd7ac1a-a4c6-4994-9acb-386c3b6116ae","metadata":[],"name":"alpiste","scope":{"containerScope":{"containerScope":{"containerScope":{"containerScope":{"containerScope":{"containerScope":{"containerScope":{"containerScope":{"contributions":{},"includedScopes":[]},"contributions":{},"includedScopes":[]},"contributions":{},"includedScopes":[{"containerScope":{"containerScope":{"containerScope":{"contributions":{},"includedScopes":[]},"contributions":{},"includedScopes":[]},"contributions":{},"includedScopes":[]},"contributions":{},"includedScopes":[]}]},"contributions":{},"includedScopes":[]},"contributions":{},"includedScopes":[]},"contributions":{},"includedScopes":[]},"contributions":{},"includedScopes":[]},"contributions":{},"includedScopes":[]},"contributions":{},"includedScopes":[]},"sourceMap":{"end":{"column":36,"line":19,"offset":260},"start":{"column":29,"line":19,"offset":253}}},"scope":{"containerScope":{"containerScope":{"containerScope":{"containerScope":{"containerScope":{"containerScope":{"containerScope":{"contributions":{},"includedScopes":[]},"contributions":{},"includedScopes":[]},"contributions":{},"includedScopes":[{"containerScope":{"containerScope":{"containerScope":{"contributions":{},"includedScopes":[]},"contributions":{},"includedScopes":[]},"contributions":{},"includedScopes":[]},"contributions":{},"includedScopes":[]}]},"contributions":{},"includedScopes":[]},"contributions":{},"includedScopes":[]},"contributions":{},"includedScopes":[]},"contributions":{},"includedScopes":[]},"contributions":{},"includedScopes":[]},"sourceMap":{"end":{"column":55,"line":19,"offset":279},"start":{"column":29,"line":19,"offset":253}}}],"id":"d5fa1bbf-914a-4b89-affe-1a000dde6736","message":"+","metadata":[],"receiver":{"id":"860ff4b2-2db4-4ca4-a661-05cc561cc3a3","metadata":[],"name":"energia","scope":{"containerScope":{"containerScope":{"containerScope":{"containerScope":{"containerScope":{"containerScope":{"containerScope":{"contributions":{},"includedScopes":[]},"contributions":{},"includedScopes":[]},"contributions":{},"includedScopes":[{"containerScope":{"containerScope":{"containerScope":{"contributions":{},"includedScopes":[]},"contributions":{},"includedScopes":[]},"contributions":{},"includedScopes":[]},"contributions":{},"includedScopes":[]}]},"contributions":{},"includedScopes":[]},"contributions":{},"includedScopes":[]},"contributions":{},"includedScopes":[]},"contributions":{},"includedScopes":[]},"contributions":{},"includedScopes":[]},"sourceMap":{"end":{"column":26,"line":19,"offset":250},"start":{"column":19,"line":19,"offset":243}}},"scope":{"containerScope":{"containerScope":{"containerScope":{"containerScope":{"containerScope":{"containerScope":{"contributions":{},"includedScopes":[]},"contributions":{},"includedScopes":[]},"contributions":{},"includedScopes":[{"containerScope":{"containerScope":{"containerScope":{"contributions":{},"includedScopes":[]},"contributions":{},"includedScopes":[]},"contributions":{},"includedScopes":[]},"contributions":{},"includedScopes":[]}]},"contributions":{},"includedScopes":[]},"contributions":{},"includedScopes":[]},"contributions":{},"includedScopes":[]},"contributions":{},"includedScopes":[]},"sourceMap":{"end":{"column":55,"line":19,"offset":279},"start":{"column":19,"line":19,"offset":243}}},"variable":{"id":"fccae8fc-77e6-4296-98e5-6388a2099b6b","metadata":[],"name":"energia","scope":{"containerScope":{"containerScope":{"containerScope":{"containerScope":{"containerScope":{"containerScope":{"contributions":{},"includedScopes":[]},"contributions":{},"includedScopes":[]},"contributions":{},"includedScopes":[{"containerScope":{"containerScope":{"containerScope":{"contributions":{},"includedScopes":[]},"contributions":{},"includedScopes":[]},"contributions":{},"includedScopes":[]},"contributions":{},"includedScopes":[]}]},"contributions":{},"includedScopes":[]},"contributions":{},"includedScopes":[]},"contributions":{},"includedScopes":[]},"contributions":{},"includedScopes":[]},"sourceMap":{"end":{"column":16,"line":19,"offset":240},"start":{"column":9,"line":19,"offset":233}}}}],"sourceMap":{"end":{"column":2,"line":20,"offset":282},"start":{"column":26,"line":17,"offset":220}}},"compiled":false,"id":"e3ae38e5-afa3-4ab8-ad90-16be9ee02774","isOverride":false,"metadata":[],"name":"comer","parameters":[{"id":"7bb2463f-3ec2-4cfb-9f96-14bb32c9db7e","isVarArg":false,"metadata":[],"name":"alpiste","scope":{"containerScope":{"containerScope":{"containerScope":{"containerScope":{"contributions":{},"includedScopes":[]},"contributions":{},"includedScopes":[]},"contributions":{},"includedScopes":[{"containerScope":{"containerScope":{"containerScope":{"contributions":{},"includedScopes":[]},"contributions":{},"includedScopes":[]},"contributions":{},"includedScopes":[]},"contributions":{},"includedScopes":[]}]},"contributions":{},"includedScopes":[]},"contributions":{},"includedScopes":[]},"sourceMap":{"end":{"column":25,"line":17,"offset":219},"start":{"column":18,"line":17,"offset":212}}}],"problems":[],"scope":{"containerScope":{"containerScope":{"containerScope":{"contributions":{},"includedScopes":[]},"contributions":{},"includedScopes":[]},"contributions":{},"includedScopes":[{"containerScope":{"containerScope":{"containerScope":{"contributions":{},"includedScopes":[]},"contributions":{},"includedScopes":[]},"contributions":{},"includedScopes":[]},"contributions":{},"includedScopes":[]}]},"contributions":{},"includedScopes":[]},"sourceMap":{"end":{"column":2,"line":20,"offset":282},"start":{"column":5,"line":17,"offset":199}}},{"body":{"id":"bc21af27-dd8c-45a9-be27-c563c1a1054d","metadata":[],"problems":[],"scope":{"containerScope":{"containerScope":{"containerScope":{"containerScope":{"contributions":{},"includedScopes":[]},"contributions":{},"includedScopes":[]},"contributions":{},"includedScopes":[{"containerScope":{"containerScope":{"containerScope":{"contributions":{},"includedScopes":[]},"contributions":{},"includedScopes":[]},"contributions":{},"includedScopes":[]},"contributions":{},"includedScopes":[]}]},"contributions":{},"includedScopes":[]},"contributions":{},"includedScopes":[]},"sentences":[{"id":"1f476a74-30ed-402a-b2cd-0aadf2488ad0","metadata":[],"scope":{"containerScope":{"containerScope":{"containerScope":{"containerScope":{"containerScope":{"contributions":{},"includedScopes":[]},"contributions":{},"includedScopes":[]},"contributions":{},"includedScopes":[{"containerScope":{"containerScope":{"containerScope":{"contributions":{},"includedScopes":[]},"contributions":{},"includedScopes":[]},"contributions":{},"includedScopes":[]},"contributions":{},"includedScopes":[]}]},"contributions":{},"includedScopes":[]},"contributions":{},"includedScopes":[]},"contributions":{},"includedScopes":[]},"sourceMap":{"end":{"column":28,"line":25,"offset":340},"start":{"column":9,"line":25,"offset":321}},"value":{"args":[{"id":"c6092802-a277-43bd-8b21-e6a80b61c6de","metadata":[],"scope":{"containerScope":{"containerScope":{"containerScope":{"containerScope":{"containerScope":{"containerScope":{"containerScope":{"contributions":{},"includedScopes":[]},"contributions":{},"includedScopes":[]},"contributions":{},"includedScopes":[{"containerScope":{"containerScope":{"containerScope":{"contributions":{},"includedScopes":[]},"contributions":{},"includedScopes":[]},"contributions":{},"includedScopes":[]},"contributions":{},"includedScopes":[]}]},"contributions":{},"includedScopes":[]},"contributions":{},"includedScopes":[]},"contributions":{},"includedScopes":[]},"contributions":{},"includedScopes":[]},"contributions":{},"includedScopes":[]},"sourceMap":{"end":{"column":28,"line":25,"offset":340},"start":{"column":26,"line":25,"offset":338}},"value":30}],"id":"803e6c6a-ce35-4898-b59a-6f468b190791","message":"<","metadata":[],"receiver":{"id":"fcf80e90-2ef4-481a-9130-06d44ab028f5","metadata":[],"name":"energia","scope":{"containerScope":{"containerScope":{"containerScope":{"containerScope":{"containerScope":{"containerScope":{"containerScope":{"contributions":{},"includedScopes":[]},"contributions":{},"includedScopes":[]},"contributions":{},"includedScopes":[{"containerScope":{"containerScope":{"containerScope":{"contributions":{},"includedScopes":[]},"contributions":{},"includedScopes":[]},"contributions":{},"includedScopes":[]},"contributions":{},"includedScopes":[]}]},"contributions":{},"includedScopes":[]},"contributions":{},"includedScopes":[]},"contributions":{},"includedScopes":[]},"contributions":{},"includedScopes":[]},"contributions":{},"includedScopes":[]},"sourceMap":{"end":{"column":23,"line":25,"offset":335},"start":{"column":16,"line":25,"offset":328}}},"scope":{"containerScope":{"containerScope":{"containerScope":{"containerScope":{"containerScope":{"containerScope":{"contributions":{},"includedScopes":[]},"contributions":{},"includedScopes":[]},"contributions":{},"includedScopes":[{"containerScope":{"containerScope":{"containerScope":{"contributions":{},"includedScopes":[]},"contributions":{},"includedScopes":[]},"contributions":{},"includedScopes":[]},"contributions":{},"includedScopes":[]}]},"contributions":{},"includedScopes":[]},"contributions":{},"includedScopes":[]},"contributions":{},"includedScopes":[]},"contributions":{},"includedScopes":[]},"sourceMap":{"end":{"column":28,"line":25,"offset":340},"start":{"column":16,"line":25,"offset":328}}}}],"sourceMap":{"end":{"column":6,"line":27,"offset":349},"start":{"column":21,"line":23,"offset":308}}},"compiled":false,"id":"4f788ba8-4364-414d-b26c-92a3922cff90","isOverride":false,"metadata":[],"name":"cansada","parameters":[],"problems":[],"scope":{"containerScope":{"containerScope":{"containerScope":{"contributions":{},"includedScopes":[]},"contributions":{},"includedScopes":[]},"contributions":{},"includedScopes":[{"containerScope":{"containerScope":{"containerScope":{"contributions":{},"includedScopes":[]},"contributions":{},"includedScopes":[]},"contributions":{},"includedScopes":[]},"contributions":{},"includedScopes":[]}]},"contributions":{},"includedScopes":[]},"sourceMap":{"end":{"column":6,"line":27,"offset":349},"start":{"column":5,"line":23,"offset":292}}}],"metadata":[],"name":"pepita","problems":[],"scope":{"containerScope":{"containerScope":{"contributions":{},"includedScopes":[]},"contributions":{},"includedScopes":[]},"contributions":{},"includedScopes":[{"containerScope":{"containerScope":{"containerScope":{"contributions":{},"includedScopes":[]},"contributions":{},"includedScopes":[]},"contributions":{},"includedScopes":[]},"contributions":{},"includedScopes":[]}]},"sourceMap":{"end":{"column":2,"line":29,"offset":354},"start":{"column":1,"line":1,"offset":0}},"supertypes":[]},{"id":"661b5451-c1aa-4193-ba49-d0c2731ed9e3","members":[{"body":{"id":"76118686-8c68-4c30-aa6e-8f22055b6c8f","metadata":[],"problems":[],"scope":{"containerScope":{"containerScope":{"containerScope":{"containerScope":{"contributions":{},"includedScopes":[]},"contributions":{},"includedScopes":[]},"contributions":{},"includedScopes":[{"containerScope":{"containerScope":{"containerScope":{"contributions":{},"includedScopes":[]},"contributions":{},"includedScopes":[]},"contributions":{},"includedScopes":[]},"contributions":{},"includedScopes":[]}]},"contributions":{},"includedScopes":[]},"contributions":{},"includedScopes":[]},"sentences":[{"id":"bc94d678-fb93-4e95-8622-4d63cf3e5408","metadata":[],"scope":{"containerScope":{"containerScope":{"containerScope":{"containerScope":{"containerScope":{"contributions":{},"includedScopes":[]},"contributions":{},"includedScopes":[]},"contributions":{},"includedScopes":[{"containerScope":{"containerScope":{"containerScope":{"contributions":{},"includedScopes":[]},"contributions":{},"includedScopes":[]},"contributions":{},"includedScopes":[]},"contributions":{},"includedScopes":[]}]},"contributions":{},"includedScopes":[]},"contributions":{},"includedScopes":[]},"contributions":{},"includedScopes":[]},"sourceMap":{"end":{"column":18,"line":38,"offset":438},"start":{"column":9,"line":38,"offset":429}},"value":{"id":"f86831ec-0fe1-41a9-b0da-01807cb828ea","metadata":[],"scope":{"containerScope":{"containerScope":{"containerScope":{"containerScope":{"containerScope":{"containerScope":{"contributions":{},"includedScopes":[]},"contributions":{},"includedScopes":[]},"contributions":{},"includedScopes":[{"containerScope":{"containerScope":{"containerScope":{"contributions":{},"includedScopes":[]},"contributions":{},"includedScopes":[]},"contributions":{},"includedScopes":[]},"contributions":{},"includedScopes":[]}]},"contributions":{},"includedScopes":[]},"contributions":{},"includedScopes":[]},"contributions":{},"includedScopes":[]},"contributions":{},"includedScopes":[]},"sourceMap":{"end":{"column":18,"line":38,"offset":438},"start":{"column":16,"line":38,"offset":436}},"value":25}}],"sourceMap":{"end":{"column":6,"line":40,"offset":447},"start":{"column":30,"line":36,"offset":416}}},"compiled":false,"id":"c3ac6910-1624-4243-a965-229bd216b42c","isOverride":false,"metadata":[],"name":"energiaQueAporta","parameters":[],"problems":[],"scope":{"containerScope":{"containerScope":{"containerScope":{"contributions":{},"includedScopes":[]},"contributions":{},"includedScopes":[]},"contributions":{},"includedScopes":[{"containerScope":{"containerScope":{"containerScope":{"contributions":{},"includedScopes":[]},"contributions":{},"includedScopes":[]},"contributions":{},"includedScopes":[]},"contributions":{},"includedScopes":[]}]},"contributions":{},"includedScopes":[]},"sourceMap":{"end":{"column":6,"line":40,"offset":447},"start":{"column":5,"line":36,"offset":391}}}],"metadata":[],"name":"alpiste","problems":[],"scope":{"containerScope":{"containerScope":{"contributions":{},"includedScopes":[]},"contributions":{},"includedScopes":[]},"contributions":{},"includedScopes":[{"containerScope":{"containerScope":{"containerScope":{"contributions":{},"includedScopes":[]},"contributions":{},"includedScopes":[]},"contributions":{},"includedScopes":[]},"contributions":{},"includedScopes":[]}]},"sourceMap":{"end":{"column":2,"line":42,"offset":452},"start":{"column":1,"line":33,"offset":362}},"supertypes":[]}],"metadata":[],"name":"pepita","problems":[{"code":"malformedEntity","sourceMap":{"end":{"column":1,"line":54,"offset":631},"start":{"column":1,"line":45,"offset":458}}}],"scope":{"containerScope":{"contributions":{},"includedScopes":[]},"contributions":{},"includedScopes":[]}},"stack":"Error: Failed to print, found malformed node\n    at c:\\Users\\lukas\\.vscode\\extensions\\uqbar.wollok-lsp-ide-0.5.4\\out\\server\\src\\server.js:68:3585\n    at Kbn (c:\\Users\\lukas\\.vscode\\extensions\\uqbar.wollok-lsp-ide-0.5.4\\out\\server\\src\\server.js:68:3396)\n    at c:\\Users\\lukas\\.vscode\\extensions\\uqbar.wollok-lsp-ide-0.5.4\\out\\server\\src\\server.js:2398:847\n    at c:\\Users\\lukas\\.vscode\\extensions\\uqbar.wollok-lsp-ide-0.5.4\\out\\server\\src\\server.js:2398:8440\n    at c:\\Users\\lukas\\.vscode\\extensions\\uqbar.wollok-lsp-ide-0.5.4\\out\\server\\src\\server.js:37:74770\n    at Ke (c:\\Users\\lukas\\.vscode\\extensions\\uqbar.wollok-lsp-ide-0.5.4\\out\\server\\src\\server.js:7:8527)\n    at Lt (c:\\Users\\lukas\\.vscode\\extensions\\uqbar.wollok-lsp-ide-0.5.4\\out\\server\\src\\server.js:7:6189)\n    at ct (c:\\Users\\lukas\\.vscode\\extensions\\uqbar.wollok-lsp-ide-0.5.4\\out\\server\\src\\server.js:7:6378)\n    at Immediate._onImmediate (c:\\Users\\lukas\\.vscode\\extensions\\uqbar.wollok-lsp-ide-0.5.4\\out\\server\\src\\server.js:7:6142)\n    at process.processImmediate (node:internal/timers:504:21)","timestamp":"2026-08-14T13:04:39.392Z"}
{"level":"info","message":"⌛ Building environment","timeElapsed":622,"timestamp":"2026-08-14T13:04:40.593Z"}
{"level":"info","message":"⌛ Validating pepita.wlk","timeElapsed":2182,"timestamp":"2026-08-14T13:04:42.852Z"}
{"level":"info","message":"⌛ Autocomplete - Singleton","timeElapsed":164,"timestamp":"2026-08-14T13:04:43.080Z"}
{"level":"info","message":"⌛ Building environment","timeElapsed":697,"timestamp":"2026-08-14T13:04:43.779Z"}
{"level":"info","message":"⌛ Validating pepita.wlk","timeElapsed":1038,"timestamp":"2026-08-14T13:04:44.903Z"}
{"level":"info","message":"⌛ Building environment","timeElapsed":659,"timestamp":"2026-08-14T13:04:48.197Z"}
{"level":"info","message":"⌛ Validating pepita.wlk","timeElapsed":1004,"timestamp":"2026-08-14T13:04:49.268Z"}
{"level":"info","message":"⌛ Building environment","timeElapsed":934,"timestamp":"2026-08-14T13:04:50.218Z"}
{"level":"info","message":"⌛ Building environment","timeElapsed":315,"timestamp":"2026-08-14T13:04:50.553Z"}
{"level":"info","message":"⌛ Validating pepita.wlk","timeElapsed":1595,"timestamp":"2026-08-14T13:04:52.181Z"}
{"level":"info","message":"⌛ Validating pepita.wlk","timeElapsed":770,"timestamp":"2026-08-14T13:04:52.954Z"}
{"level":"info","message":"⌛ Building environment","timeElapsed":452,"timestamp":"2026-08-14T13:04:53.411Z"}
{"level":"info","message":"⌛ Building environment","timeElapsed":1189,"timestamp":"2026-08-14T13:04:54.654Z"}
{"level":"info","message":"⌛ Building environment","timeElapsed":819,"timestamp":"2026-08-14T13:04:55.474Z"}
{"level":"info","message":"⌛ Building environment","timeElapsed":876,"timestamp":"2026-08-14T13:04:56.355Z"}
{"level":"info","message":"⌛ Building environment","timeElapsed":605,"timestamp":"2026-08-14T13:04:56.988Z"}
{"level":"info","message":"⌛ Building environment","timeElapsed":2918,"timestamp":"2026-08-14T13:04:59.910Z"}
{"level":"info","message":"⌛ Building environment","timeElapsed":373,"timestamp":"2026-08-14T13:05:00.479Z"}
{"level":"info","message":"⌛ Validating pepita.wlk","timeElapsed":544,"timestamp":"2026-08-14T13:05:01.032Z"}
{"level":"info","message":"⌛ Building environment","timeElapsed":417,"timestamp":"2026-08-14T13:05:01.469Z"}
{"level":"info","message":"⌛ Building environment","timeElapsed":327,"timestamp":"2026-08-14T13:05:01.799Z"}
{"level":"info","message":"⌛ Building environment","timeElapsed":224,"timestamp":"2026-08-14T13:05:02.075Z"}
{"level":"info","message":"⌛ Building environment","timeElapsed":300,"timestamp":"2026-08-14T13:05:02.383Z"}
{"level":"info","message":"⌛ Building environment","timeElapsed":225,"timestamp":"2026-08-14T13:05:02.643Z"}
{"level":"info","message":"⌛ Validating pepita.wlk","timeElapsed":363,"timestamp":"2026-08-14T13:05:03.198Z"}
{"level":"info","message":"⌛ Validating pepita.wlk","timeElapsed":488,"timestamp":"2026-08-14T13:05:03.688Z"}
{"level":"info","message":"⌛ Validating pepita.wlk","timeElapsed":425,"timestamp":"2026-08-14T13:05:04.120Z"}
{"level":"info","message":"⌛ Validating pepita.wlk","timeElapsed":592,"timestamp":"2026-08-14T13:05:04.716Z"}
{"level":"info","message":"⌛ Validating pepita.wlk","timeElapsed":543,"timestamp":"2026-08-14T13:05:05.260Z"}
{"level":"info","message":"⌛ Validating pepita.wlk","timeElapsed":428,"timestamp":"2026-08-14T13:05:05.689Z"}
{"level":"info","message":"⌛ Validating pepita.wlk","timeElapsed":378,"timestamp":"2026-08-14T13:05:06.075Z"}
{"level":"info","message":"⌛ Validating pepita.wlk","timeElapsed":410,"timestamp":"2026-08-14T13:05:06.487Z"}
{"level":"info","message":"⌛ Validating pepita.wlk","timeElapsed":456,"timestamp":"2026-08-14T13:05:06.954Z"}
{"level":"info","message":"⌛ Validating pepita.wlk","timeElapsed":441,"timestamp":"2026-08-14T13:05:07.403Z"}
{"level":"info","message":"⌛ Validating pepita.wlk","timeElapsed":475,"timestamp":"2026-08-14T13:05:07.884Z"}
{"level":"info","message":"⌛ Building environment","timeElapsed":1176,"timestamp":"2026-08-14T13:05:40.245Z"}
{"level":"info","message":"⌛ Building environment","timeElapsed":637,"timestamp":"2026-08-14T13:05:40.885Z"}
{"level":"info","message":"⌛ Building environment","timeElapsed":836,"timestamp":"2026-08-14T13:05:41.838Z"}
{"level":"info","message":"⌛ Building environment","timeElapsed":1177,"timestamp":"2026-08-14T13:05:43.024Z"}
{"level":"info","message":"⌛ Building environment","timeElapsed":1862,"timestamp":"2026-08-14T13:05:45.027Z"}
{"level":"info","message":"⌛ Validating pepita.wlk","timeElapsed":1550,"timestamp":"2026-08-14T13:05:46.611Z"}
{"level":"error","message":"✘ Completions for node Send ([19:29, 19:53] - pepita.wlk) failed: Error: [Send]{597c78} at pepita.wlk:19 exhausted all cases without a match [Send]{597c78} at pepita.wlk:19 exhausted all cases without a match","stack":"Error: [Send]{597c78} at pepita.wlk:19 exhausted all cases without a match\n    at c:\\Users\\lukas\\.vscode\\extensions\\uqbar.wollok-lsp-ide-0.5.4\\out\\server\\src\\server.js:38:6142\n    at L2 (c:\\Users\\lukas\\.vscode\\extensions\\uqbar.wollok-lsp-ide-0.5.4\\out\\server\\src\\server.js:2389:42)\n    at Jh (c:\\Users\\lukas\\.vscode\\extensions\\uqbar.wollok-lsp-ide-0.5.4\\out\\server\\src\\server.js:2389:1092)\n    at M5n (c:\\Users\\lukas\\.vscode\\extensions\\uqbar.wollok-lsp-ide-0.5.4\\out\\server\\src\\server.js:2389:1248)\n    at c:\\Users\\lukas\\.vscode\\extensions\\uqbar.wollok-lsp-ide-0.5.4\\out\\server\\src\\server.js:38:6131\n    at L2 (c:\\Users\\lukas\\.vscode\\extensions\\uqbar.wollok-lsp-ide-0.5.4\\out\\server\\src\\server.js:2389:42)\n    at c:\\Users\\lukas\\.vscode\\extensions\\uqbar.wollok-lsp-ide-0.5.4\\out\\server\\src\\server.js:2389:2988\n    at c:\\Users\\lukas\\.vscode\\extensions\\uqbar.wollok-lsp-ide-0.5.4\\out\\server\\src\\server.js:2398:8440\n    at c:\\Users\\lukas\\.vscode\\extensions\\uqbar.wollok-lsp-ide-0.5.4\\out\\server\\src\\server.js:37:74872\n    at Ke (c:\\Users\\lukas\\.vscode\\extensions\\uqbar.wollok-lsp-ide-0.5.4\\out\\server\\src\\server.js:7:8527)","timestamp":"2026-08-14T13:05:47.099Z"}
{"level":"error","message":"✘ Completions for node Send ([19:19, 19:53] - pepita.wlk) failed: Error: [Send]{982374} at pepita.wlk:19 exhausted all cases without a match [Send]{982374} at pepita.wlk:19 exhausted all cases without a match","stack":"Error: [Send]{982374} at pepita.wlk:19 exhausted all cases without a match\n    at c:\\Users\\lukas\\.vscode\\extensions\\uqbar.wollok-lsp-ide-0.5.4\\out\\server\\src\\server.js:38:6142\n    at L2 (c:\\Users\\lukas\\.vscode\\extensions\\uqbar.wollok-lsp-ide-0.5.4\\out\\server\\src\\server.js:2389:42)\n    at Jh (c:\\Users\\lukas\\.vscode\\extensions\\uqbar.wollok-lsp-ide-0.5.4\\out\\server\\src\\server.js:2389:1092)\n    at L2 (c:\\Users\\lukas\\.vscode\\extensions\\uqbar.wollok-lsp-ide-0.5.4\\out\\server\\src\\server.js:2389:544)\n    at Jh (c:\\Users\\lukas\\.vscode\\extensions\\uqbar.wollok-lsp-ide-0.5.4\\out\\server\\src\\server.js:2389:1092)\n    at M5n (c:\\Users\\lukas\\.vscode\\extensions\\uqbar.wollok-lsp-ide-0.5.4\\out\\server\\src\\server.js:2389:1248)\n    at c:\\Users\\lukas\\.vscode\\extensions\\uqbar.wollok-lsp-ide-0.5.4\\out\\server\\src\\server.js:38:6131\n    at L2 (c:\\Users\\lukas\\.vscode\\extensions\\uqbar.wollok-lsp-ide-0.5.4\\out\\server\\src\\server.js:2389:42)\n    at c:\\Users\\lukas\\.vscode\\extensions\\uqbar.wollok-lsp-ide-0.5.4\\out\\server\\src\\server.js:2389:2988\n    at c:\\Users\\lukas\\.vscode\\extensions\\uqbar.wollok-lsp-ide-0.5.4\\out\\server\\src\\server.js:2398:8440","timestamp":"2026-08-14T13:05:47.100Z"}
{"level":"error","message":"✘ Completions for node Assignment ([19:9, 19:53] - pepita.wlk) failed: Error: [Assignment]{a1ca70} at pepita.wlk:19 exhausted all cases without a match [Assignment]{a1ca70} at pepita.wlk:19 exhausted all cases without a match","stack":"Error: [Assignment]{a1ca70} at pepita.wlk:19 exhausted all cases without a match\n    at c:\\Users\\lukas\\.vscode\\extensions\\uqbar.wollok-lsp-ide-0.5.4\\out\\server\\src\\server.js:38:6142\n    at L2 (c:\\Users\\lukas\\.vscode\\extensions\\uqbar.wollok-lsp-ide-0.5.4\\out\\server\\src\\server.js:2389:42)\n    at Jh (c:\\Users\\lukas\\.vscode\\extensions\\uqbar.wollok-lsp-ide-0.5.4\\out\\server\\src\\server.js:2389:1092)\n    at L2 (c:\\Users\\lukas\\.vscode\\extensions\\uqbar.wollok-lsp-ide-0.5.4\\out\\server\\src\\server.js:2389:544)\n    at Jh (c:\\Users\\lukas\\.vscode\\extensions\\uqbar.wollok-lsp-ide-0.5.4\\out\\server\\src\\server.js:2389:1092)\n    at L2 (c:\\Users\\lukas\\.vscode\\extensions\\uqbar.wollok-lsp-ide-0.5.4\\out\\server\\src\\server.js:2389:544)\n    at Jh (c:\\Users\\lukas\\.vscode\\extensions\\uqbar.wollok-lsp-ide-0.5.4\\out\\server\\src\\server.js:2389:1092)\n    at M5n (c:\\Users\\lukas\\.vscode\\extensions\\uqbar.wollok-lsp-ide-0.5.4\\out\\server\\src\\server.js:2389:1248)\n    at c:\\Users\\lukas\\.vscode\\extensions\\uqbar.wollok-lsp-ide-0.5.4\\out\\server\\src\\server.js:38:6131\n    at L2 (c:\\Users\\lukas\\.vscode\\extensions\\uqbar.wollok-lsp-ide-0.5.4\\out\\server\\src\\server.js:2389:42)","timestamp":"2026-08-14T13:05:47.100Z"}
{"level":"info","message":"⌛ Autocomplete - Reference","timeElapsed":405,"timestamp":"2026-08-14T13:05:47.111Z"}
{"level":"info","message":"⌛ Validating pepita.wlk","timeElapsed":1671,"timestamp":"2026-08-14T13:05:48.787Z"}
{"error":["Error: Error in manzanaDeGrado: 'grado' attribute uninitialized","  at Evaluation.build (C:\\Users\\lukas\\AppData\\Roaming\\npm\\node_modules\\wollok-ts-cli\\node_modules\\wollok-ts\\dist\\interpreter\\runtimeModel.js:275:45)","  at initializeInterpreter (file:///C:/Users/lukas/AppData/Roaming/npm/node_modules/wollok-ts-cli/dist/src/commands/repl.js:110:43)","  at async replFn (file:///C:/Users/lukas/AppData/Roaming/npm/node_modules/wollok-ts-cli/dist/src/commands/repl.js:25:23"],"level":"info","message":"🖥️ REPL execution - build failed for c:\\Users\\lukas\\OneDrive\\Escritorio\\Repositorio\\OBJ1","ok":false,"timeElapsed":5883,"timestamp":"2026-08-14T13:05:49.585Z"}
{"level":"info","message":"⌛ Building environment","timeElapsed":830,"timestamp":"2026-08-14T13:05:49.643Z"}
{"level":"info","message":"⌛ Building environment","timeElapsed":255,"timestamp":"2026-08-14T13:05:49.913Z"}
{"level":"info","message":"⌛ Validating pepita.wlk","timeElapsed":388,"timestamp":"2026-08-14T13:05:50.323Z"}
{"level":"info","message":"⌛ Validating pepita.wlk","timeElapsed":525,"timestamp":"2026-08-14T13:05:50.850Z"}
{"level":"info","message":"⌛ Validating pepita.wlk","timeElapsed":645,"timestamp":"2026-08-14T13:05:51.731Z"}
{"level":"info","message":"⌛ Building environment","timeElapsed":543,"timestamp":"2026-08-14T13:05:52.283Z"}
{"level":"info","message":"⌛ Validating pepita.wlk","timeElapsed":1761,"timestamp":"2026-08-14T13:05:54.121Z"}
{"level":"info","message":"⌛ Validating pepita.wlk","timeElapsed":1060,"timestamp":"2026-08-14T13:05:55.182Z"}
{"level":"info","message":"⌛ Validating pepita.wlk","timeElapsed":1333,"timestamp":"2026-08-14T13:05:57.128Z"}
{"level":"info","message":"⌛ Building environment","timeElapsed":2290,"timestamp":"2026-08-14T13:05:59.424Z"}
{"level":"info","message":"⌛ Building environment","timeElapsed":674,"timestamp":"2026-08-14T13:06:00.202Z"}
{"level":"info","message":"⌛ Building environment","timeElapsed":459,"timestamp":"2026-08-14T13:06:00.677Z"}
{"level":"info","message":"⌛ Building environment","timeElapsed":300,"timestamp":"2026-08-14T13:06:01.008Z"}
{"level":"info","message":"⌛ Building environment","timeElapsed":533,"timestamp":"2026-08-14T13:06:01.682Z"}
{"level":"info","message":"⌛ Building environment","timeElapsed":524,"timestamp":"2026-08-14T13:06:02.262Z"}
{"level":"info","message":"⌛ Building environment","timeElapsed":391,"timestamp":"2026-08-14T13:06:02.666Z"}
{"level":"info","message":"⌛ Validating pepita.wlk","timeElapsed":481,"timestamp":"2026-08-14T13:06:03.625Z"}
{"level":"info","message":"⌛ Validating pepita.wlk","timeElapsed":460,"timestamp":"2026-08-14T13:06:04.092Z"}
{"level":"info","message":"⌛ Validating pepita.wlk","timeElapsed":350,"timestamp":"2026-08-14T13:06:04.514Z"}
{"level":"info","message":"⌛ Validating pepita.wlk","timeElapsed":331,"timestamp":"2026-08-14T13:06:04.849Z"}
{"level":"info","message":"⌛ Validating pepita.wlk","timeElapsed":386,"timestamp":"2026-08-14T13:06:05.242Z"}
{"level":"info","message":"⌛ Validating pepita.wlk","timeElapsed":297,"timestamp":"2026-08-14T13:06:05.544Z"}
{"level":"info","message":"⌛ Validating pepita.wlk","timeElapsed":272,"timestamp":"2026-08-14T13:06:05.821Z"}
{"level":"info","message":"⌛ Building environment","timeElapsed":1241,"timestamp":"2026-08-14T13:06:30.813Z"}
{"level":"info","message":"⌛ Validating pepita.wlk","timeElapsed":668,"timestamp":"2026-08-14T13:06:31.550Z"}
{"level":"info","message":"⌛ Building environment","timeElapsed":882,"timestamp":"2026-08-14T13:06:38.545Z"}
{"level":"info","message":"⌛ Validating pepita.wlk","timeElapsed":532,"timestamp":"2026-08-14T13:06:39.291Z"}
{"error":["Error: Error in manzana: 'grado' attribute uninitialized","  at Evaluation.build (C:\\Users\\lukas\\AppData\\Roaming\\npm\\node_modules\\wollok-ts-cli\\node_modules\\wollok-ts\\dist\\interpreter\\runtimeModel.js:275:45)","  at initializeInterpreter (file:///C:/Users/lukas/AppData/Roaming/npm/node_modules/wollok-ts-cli/dist/src/commands/repl.js:110:43)","  at async replFn (file:///C:/Users/lukas/AppData/Roaming/npm/node_modules/wollok-ts-cli/dist/src/commands/repl.js:25:23"],"level":"info","message":"🖥️ REPL execution - build failed for c:\\Users\\lukas\\OneDrive\\Escritorio\\Repositorio\\OBJ1","ok":false,"timeElapsed":3804,"timestamp":"2026-08-14T13:06:59.185Z"}
{"level":"info","message":"⌛ Building environment","timeElapsed":611,"timestamp":"2026-08-14T13:12:22.519Z"}
{"level":"info","message":"⌛ Building environment","timeElapsed":188,"timestamp":"2026-08-14T13:12:22.728Z"}
{"level":"info","message":"⌛ Validating pepita.wlk","timeElapsed":884,"timestamp":"2026-08-14T13:12:23.809Z"}
{"level":"info","message":"⌛ Validating pepita.wlk","timeElapsed":1146,"timestamp":"2026-08-14T13:12:24.975Z"}
{"level":"info","message":"⌛ Building environment","timeElapsed":1591,"timestamp":"2026-08-14T13:12:26.569Z"}
{"level":"info","message":"⌛ Building environment","timeElapsed":536,"timestamp":"2026-08-14T13:12:27.107Z"}
{"level":"info","message":"⌛ Building environment","timeElapsed":702,"timestamp":"2026-08-14T13:12:28.174Z"}
{"level":"info","message":"⌛ Building environment","timeElapsed":311,"timestamp":"2026-08-14T13:12:28.646Z"}
{"level":"info","message":"⌛ Autocomplete - Singleton","timeElapsed":110,"timestamp":"2026-08-14T13:12:28.784Z"}
{"level":"info","message":"⌛ Building environment","timeElapsed":681,"timestamp":"2026-08-14T13:12:29.508Z"}
{"level":"info","message":"⌛ Validating pepita.wlk","timeElapsed":849,"timestamp":"2026-08-14T13:12:30.889Z"}
{"level":"info","message":"⌛ Validating pepita.wlk","timeElapsed":536,"timestamp":"2026-08-14T13:12:31.625Z"}
{"level":"info","message":"⌛ Validating pepita.wlk","timeElapsed":346,"timestamp":"2026-08-14T13:12:32.027Z"}
{"level":"info","message":"⌛ Validating pepita.wlk","timeElapsed":352,"timestamp":"2026-08-14T13:12:32.400Z"}
{"level":"info","message":"⌛ Validating pepita.wlk","timeElapsed":333,"timestamp":"2026-08-14T13:12:32.740Z"}
{"level":"info","message":"⌛ Building environment","timeElapsed":992,"timestamp":"2026-08-14T13:12:34.054Z"}
{"level":"info","message":"⌛ Building environment","timeElapsed":372,"timestamp":"2026-08-14T13:12:34.455Z"}
{"level":"info","message":"⌛ Building environment","timeElapsed":479,"timestamp":"2026-08-14T13:12:34.936Z"}
{"level":"info","message":"⌛ Building environment","timeElapsed":647,"timestamp":"2026-08-14T13:12:35.587Z"}
{"level":"info","message":"⌛ Building environment","timeElapsed":527,"timestamp":"2026-08-14T13:12:36.124Z"}
{"level":"info","message":"⌛ Validating pepita.wlk","timeElapsed":576,"timestamp":"2026-08-14T13:12:36.716Z"}
{"level":"info","message":"⌛ Validating pepita.wlk","timeElapsed":2109,"timestamp":"2026-08-14T13:12:38.949Z"}
{"level":"info","message":"⌛ Building environment","timeElapsed":427,"timestamp":"2026-08-14T13:12:39.386Z"}
{"level":"info","message":"⌛ Validating pepita.wlk","timeElapsed":610,"timestamp":"2026-08-14T13:12:39.996Z"}
{"level":"info","message":"⌛ Building environment","timeElapsed":148,"timestamp":"2026-08-14T13:12:40.153Z"}
{"level":"error","message":"✘ Failed to rebuild document Failed to parse pepita.wlk: \n-- PARSING FAILED --------------------------------------------------\n\n  47 |         var 2\n  48 | \n> 49 |     method energiaQueAporta(){\n     |     ^\n  50 | \n  51 |         if(grado < 3 && grado > 0){return 20*grado}\n\nExpected one of the following: \n\n'{', '}', whitespace\n","stack":"Error: Failed to parse pepita.wlk: \n-- PARSING FAILED --------------------------------------------------\n\n  47 |         var 2\n  48 | \n> 49 |     method energiaQueAporta(){\n     |     ^\n  50 | \n  51 |         if(grado < 3 && grado > 0){return 20*grado}\n\nExpected one of the following: \n\n'{', '}', whitespace\n\n    at c:\\Users\\lukas\\.vscode\\extensions\\uqbar.wollok-lsp-ide-0.5.4\\out\\server\\src\\server.js:2353:13026\n    at Array.map (<anonymous>)\n    at U1n (c:\\Users\\lukas\\.vscode\\extensions\\uqbar.wollok-lsp-ide-0.5.4\\out\\server\\src\\server.js:2353:12950)\n    at H2.buildEnvironmentFrom (c:\\Users\\lukas\\.vscode\\extensions\\uqbar.wollok-lsp-ide-0.5.4\\out\\server\\src\\server.js:2398:5254)\n    at H2.updateEnvironmentWith (c:\\Users\\lukas\\.vscode\\extensions\\uqbar.wollok-lsp-ide-0.5.4\\out\\server\\src\\server.js:2398:4989)\n    at GF (c:\\Users\\lukas\\.vscode\\extensions\\uqbar.wollok-lsp-ide-0.5.4\\out\\server\\src\\server.js:2398:7383)\n    at V3.invoke (c:\\Users\\lukas\\.vscode\\extensions\\uqbar.wollok-lsp-ide-0.5.4\\out\\server\\src\\server.js:3:157328)\n    at o.fire (c:\\Users\\lukas\\.vscode\\extensions\\uqbar.wollok-lsp-ide-0.5.4\\out\\server\\src\\server.js:3:158098)\n    at c:\\Users\\lukas\\.vscode\\extensions\\uqbar.wollok-lsp-ide-0.5.4\\out\\server\\src\\server.js:37:57871\n    at nd (c:\\Users\\lukas\\.vscode\\extensions\\uqbar.wollok-lsp-ide-0.5.4\\out\\server\\src\\server.js:8:1561)","timestamp":"2026-08-14T13:12:41.506Z"}
{"level":"info","message":"⌛ Validating pepita.wlk","timeElapsed":228,"timestamp":"2026-08-14T13:12:41.755Z"}
{"level":"info","message":"⌛ Validating pepita.wlk","timeElapsed":180,"timestamp":"2026-08-14T13:12:41.941Z"}
{"level":"info","message":"⌛ Building environment","timeElapsed":345,"timestamp":"2026-08-14T13:12:47.655Z"}
{"level":"info","message":"⌛ Building environment","timeElapsed":377,"timestamp":"2026-08-14T13:12:48.053Z"}
{"level":"info","message":"⌛ Building environment","timeElapsed":446,"timestamp":"2026-08-14T13:12:48.501Z"}
{"level":"info","message":"⌛ Building environment","timeElapsed":513,"timestamp":"2026-08-14T13:12:49.133Z"}
{"level":"info","message":"⌛ Building environment","timeElapsed":235,"timestamp":"2026-08-14T13:12:49.388Z"}
{"level":"error","message":"✘ Failed to rebuild document Failed to parse pepita.wlk: \n-- PARSING FAILED --------------------------------------------------\n\n  47 |         var 2\n  48 | \n> 49 |     method energiaQueAporta(){\n     |     ^\n  50 | \n  51 |         if(grado < 3 && grado > 0){return 20*grado}\n\nExpected one of the following: \n\n'{', '}', whitespace\n","stack":"Error: Failed to parse pepita.wlk: \n-- PARSING FAILED --------------------------------------------------\n\n  47 |         var 2\n  48 | \n> 49 |     method energiaQueAporta(){\n     |     ^\n  50 | \n  51 |         if(grado < 3 && grado > 0){return 20*grado}\n\nExpected one of the following: \n\n'{', '}', whitespace\n\n    at c:\\Users\\lukas\\.vscode\\extensions\\uqbar.wollok-lsp-ide-0.5.4\\out\\server\\src\\server.js:2353:13026\n    at Array.map (<anonymous>)\n    at U1n (c:\\Users\\lukas\\.vscode\\extensions\\uqbar.wollok-lsp-ide-0.5.4\\out\\server\\src\\server.js:2353:12950)\n    at H2.buildEnvironmentFrom (c:\\Users\\lukas\\.vscode\\extensions\\uqbar.wollok-lsp-ide-0.5.4\\out\\server\\src\\server.js:2398:5254)\n    at H2.updateEnvironmentWith (c:\\Users\\lukas\\.vscode\\extensions\\uqbar.wollok-lsp-ide-0.5.4\\out\\server\\src\\server.js:2398:4989)\n    at GF (c:\\Users\\lukas\\.vscode\\extensions\\uqbar.wollok-lsp-ide-0.5.4\\out\\server\\src\\server.js:2398:7383)\n    at V3.invoke (c:\\Users\\lukas\\.vscode\\extensions\\uqbar.wollok-lsp-ide-0.5.4\\out\\server\\src\\server.js:3:157328)\n    at o.fire (c:\\Users\\lukas\\.vscode\\extensions\\uqbar.wollok-lsp-ide-0.5.4\\out\\server\\src\\server.js:3:158098)\n    at c:\\Users\\lukas\\.vscode\\extensions\\uqbar.wollok-lsp-ide-0.5.4\\out\\server\\src\\server.js:37:57871\n    at nd (c:\\Users\\lukas\\.vscode\\extensions\\uqbar.wollok-lsp-ide-0.5.4\\out\\server\\src\\server.js:8:1561)","timestamp":"2026-08-14T13:12:49.420Z"}
{"level":"info","message":"⌛ Validating pepita.wlk","timeElapsed":1588,"timestamp":"2026-08-14T13:13:04.231Z"}
{"level":"info","message":"⌛ Validating pepita.wlk","timeElapsed":1309,"timestamp":"2026-08-14T13:13:05.541Z"}
{"level":"info","message":"⌛ Validating pepita.wlk","timeElapsed":1744,"timestamp":"2026-08-14T13:13:07.287Z"}
{"level":"info","message":"⌛ Validating pepita.wlk","timeElapsed":1146,"timestamp":"2026-08-14T13:13:08.439Z"}
{"level":"info","message":"⌛ Validating pepita.wlk","timeElapsed":918,"timestamp":"2026-08-14T13:13:09.357Z"}
{"level":"info","message":"⌛ Validating pepita.wlk","timeElapsed":1018,"timestamp":"2026-08-14T13:13:10.386Z"}
{"level":"info","message":"⌛ Validating pepita.wlk","timeElapsed":701,"timestamp":"2026-08-14T13:13:11.091Z"}
{"level":"error","message":"✘ Failed to rebuild document Failed to parse pepita.wlk: \n-- PARSING FAILED --------------------------------------------------\n\n  47 |         var  2\n  48 | \n> 49 |     method energiaQueAporta(){\n     |     ^\n  50 | \n  51 |         if(grado < 3 && grado > 0){return 20*grado}\n\nExpected one of the following: \n\n'{', '}', whitespace\n","stack":"Error: Failed to parse pepita.wlk: \n-- PARSING FAILED --------------------------------------------------\n\n  47 |         var  2\n  48 | \n> 49 |     method energiaQueAporta(){\n     |     ^\n  50 | \n  51 |         if(grado < 3 && grado > 0){return 20*grado}\n\nExpected one of the following: \n\n'{', '}', whitespace\n\n    at c:\\Users\\lukas\\.vscode\\extensions\\uqbar.wollok-lsp-ide-0.5.4\\out\\server\\src\\server.js:2353:13026\n    at Array.map (<anonymous>)\n    at U1n (c:\\Users\\lukas\\.vscode\\extensions\\uqbar.wollok-lsp-ide-0.5.4\\out\\server\\src\\server.js:2353:12950)\n    at H2.buildEnvironmentFrom (c:\\Users\\lukas\\.vscode\\extensions\\uqbar.wollok-lsp-ide-0.5.4\\out\\server\\src\\server.js:2398:5254)\n    at H2.updateEnvironmentWith (c:\\Users\\lukas\\.vscode\\extensions\\uqbar.wollok-lsp-ide-0.5.4\\out\\server\\src\\server.js:2398:4989)\n    at GF (c:\\Users\\lukas\\.vscode\\extensions\\uqbar.wollok-lsp-ide-0.5.4\\out\\server\\src\\server.js:2398:7383)\n    at V3.invoke (c:\\Users\\lukas\\.vscode\\extensions\\uqbar.wollok-lsp-ide-0.5.4\\out\\server\\src\\server.js:3:157328)\n    at o.fire (c:\\Users\\lukas\\.vscode\\extensions\\uqbar.wollok-lsp-ide-0.5.4\\out\\server\\src\\server.js:3:158098)\n    at c:\\Users\\lukas\\.vscode\\extensions\\uqbar.wollok-lsp-ide-0.5.4\\out\\server\\src\\server.js:37:57871\n    at nd (c:\\Users\\lukas\\.vscode\\extensions\\uqbar.wollok-lsp-ide-0.5.4\\out\\server\\src\\server.js:8:1561)","timestamp":"2026-08-14T13:13:11.541Z"}
{"level":"info","message":"⌛ Building environment","timeElapsed":817,"timestamp":"2026-08-14T13:13:12.361Z"}
{"level":"info","message":"⌛ Building environment","timeElapsed":383,"timestamp":"2026-08-14T13:13:12.968Z"}
{"level":"info","message":"⌛ Building environment","timeElapsed":1023,"timestamp":"2026-08-14T13:13:14.042Z"}
{"level":"info","message":"⌛ Building environment","timeElapsed":1197,"timestamp":"2026-08-14T13:13:15.253Z"}
{"level":"info","message":"⌛ Building environment","timeElapsed":243,"timestamp":"2026-08-14T13:13:15.556Z"}
{"level":"info","message":"⌛ Building environment","timeElapsed":1086,"timestamp":"2026-08-14T13:13:16.683Z"}
{"level":"info","message":"⌛ Building environment","timeElapsed":580,"timestamp":"2026-08-14T13:13:17.408Z"}
{"level":"info","message":"⌛ Building environment","timeElapsed":553,"timestamp":"2026-08-14T13:13:18.124Z"}
{"level":"info","message":"⌛ Autocomplete - Field","timeElapsed":108,"timestamp":"2026-08-14T13:13:18.273Z"}
{"level":"info","message":"⌛ Building environment","timeElapsed":285,"timestamp":"2026-08-14T13:13:18.560Z"}
{"level":"info","message":"⌛ Building environment","timeElapsed":217,"timestamp":"2026-08-14T13:13:18.794Z"}
{"level":"info","message":"⌛ Building environment","timeElapsed":561,"timestamp":"2026-08-14T13:13:19.438Z"}
{"level":"info","message":"⌛ Validating pepita.wlk","timeElapsed":500,"timestamp":"2026-08-14T13:13:20.023Z"}
{"level":"info","message":"⌛ Validating pepita.wlk","timeElapsed":1109,"timestamp":"2026-08-14T13:13:21.139Z"}
{"level":"info","message":"⌛ Validating pepita.wlk","timeElapsed":660,"timestamp":"2026-08-14T13:13:21.803Z"}
{"level":"info","message":"⌛ Validating pepita.wlk","timeElapsed":741,"timestamp":"2026-08-14T13:13:22.551Z"}
{"level":"info","message":"⌛ Validating pepita.wlk","timeElapsed":432,"timestamp":"2026-08-14T13:13:22.989Z"}
{"level":"info","message":"⌛ Validating pepita.wlk","timeElapsed":1130,"timestamp":"2026-08-14T13:13:24.214Z"}
{"level":"info","message":"⌛ Validating pepita.wlk","timeElapsed":491,"timestamp":"2026-08-14T13:13:24.708Z"}
{"level":"info","message":"⌛ Validating pepita.wlk","timeElapsed":335,"timestamp":"2026-08-14T13:13:25.044Z"}
{"level":"info","message":"⌛ Validating pepita.wlk","timeElapsed":296,"timestamp":"2026-08-14T13:13:25.347Z"}
{"level":"info","message":"⌛ Validating pepita.wlk","timeElapsed":392,"timestamp":"2026-08-14T13:13:25.740Z"}
{"level":"info","message":"⌛ Validating pepita.wlk","timeElapsed":891,"timestamp":"2026-08-14T13:13:26.633Z"}
{"level":"info","message":"⌛ Building environment","timeElapsed":694,"timestamp":"2026-08-14T13:18:14.561Z"}
{"level":"info","message":"⌛ Validating pepita.wlk","timeElapsed":733,"timestamp":"2026-08-14T13:18:15.307Z"}
{"level":"info","message":"⌛ Building environment","timeElapsed":734,"timestamp":"2026-08-14T13:18:16.551Z"}
{"level":"info","message":"⌛ Validating pepita.wlk","timeElapsed":900,"timestamp":"2026-08-14T13:18:17.488Z"}
{"level":"info","message":"⌛ Building environment","timeElapsed":497,"timestamp":"2026-08-14T13:18:20.567Z"}
{"level":"info","message":"⌛ Validating pepita.wlk","timeElapsed":711,"timestamp":"2026-08-14T13:18:21.991Z"}
{"level":"info","message":"⌛ Building environment","timeElapsed":551,"timestamp":"2026-08-14T13:18:24.453Z"}
{"level":"info","message":"⌛ Validating pepita.wlk","timeElapsed":611,"timestamp":"2026-08-14T13:18:25.091Z"}
{"level":"info","message":"⌛ Building environment","timeElapsed":783,"timestamp":"2026-08-14T13:18:30.619Z"}
{"level":"info","message":"⌛ Validating pepita.wlk","timeElapsed":720,"timestamp":"2026-08-14T13:18:31.375Z"}
{"level":"info","message":"⌛ Building environment","timeElapsed":874,"timestamp":"2026-08-14T13:18:33.823Z"}
{"level":"info","message":"⌛ Validating pepita.wlk","timeElapsed":1219,"timestamp":"2026-08-14T13:18:35.352Z"}
{"level":"info","message":"⌛ Building environment","timeElapsed":498,"timestamp":"2026-08-14T13:25:01.884Z"}
{"level":"info","message":"⌛ Building environment","timeElapsed":252,"timestamp":"2026-08-14T13:25:02.155Z"}
{"level":"info","message":"⌛ Building environment","timeElapsed":728,"timestamp":"2026-08-14T13:25:02.913Z"}
{"level":"info","message":"⌛ Building environment","timeElapsed":257,"timestamp":"2026-08-14T13:25:03.192Z"}
{"level":"info","message":"⌛ Validating pepita.wlk","timeElapsed":510,"timestamp":"2026-08-14T13:25:04.396Z"}
{"level":"info","message":"⌛ Validating pepita.wlk","timeElapsed":653,"timestamp":"2026-08-14T13:25:05.238Z"}
{"level":"info","message":"⌛ Building environment","timeElapsed":1970,"timestamp":"2026-08-14T13:25:07.386Z"}
{"level":"info","message":"⌛ Building environment","timeElapsed":875,"timestamp":"2026-08-14T13:25:08.284Z"}
{"level":"info","message":"⌛ Building environment","timeElapsed":717,"timestamp":"2026-08-14T13:25:09.021Z"}
{"level":"info","message":"⌛ Validating pepita.wlk","timeElapsed":1138,"timestamp":"2026-08-14T13:25:10.180Z"}
{"level":"info","message":"⌛ Validating pepita.wlk","timeElapsed":587,"timestamp":"2026-08-14T13:25:10.768Z"}
{"level":"info","message":"⌛ Building environment","timeElapsed":349,"timestamp":"2026-08-14T13:25:11.119Z"}
{"level":"info","message":"⌛ Building environment","timeElapsed":398,"timestamp":"2026-08-14T13:25:11.518Z"}
{"level":"info","message":"⌛ Building environment","timeElapsed":221,"timestamp":"2026-08-14T13:25:11.739Z"}
{"level":"info","message":"⌛ Building environment","timeElapsed":495,"timestamp":"2026-08-14T13:25:12.235Z"}
{"level":"info","message":"⌛ Building environment","timeElapsed":445,"timestamp":"2026-08-14T13:25:12.682Z"}
{"level":"info","message":"⌛ Autocomplete - Package","timeElapsed":121,"timestamp":"2026-08-14T13:25:13.031Z"}
{"level":"info","message":"⌛ Building environment","timeElapsed":565,"timestamp":"2026-08-14T13:25:13.598Z"}
{"level":"info","message":"⌛ Building environment","timeElapsed":196,"timestamp":"2026-08-14T13:25:13.830Z"}
{"level":"info","message":"⌛ Building environment","timeElapsed":698,"timestamp":"2026-08-14T13:25:14.529Z"}
{"level":"info","message":"⌛ Building environment","timeElapsed":1422,"timestamp":"2026-08-14T13:25:15.984Z"}
{"level":"info","message":"⌛ Building environment","timeElapsed":319,"timestamp":"2026-08-14T13:25:16.315Z"}
{"level":"info","message":"⌛ Building environment","timeElapsed":192,"timestamp":"2026-08-14T13:25:16.564Z"}
{"level":"info","message":"⌛ Validating pepita.wlk","timeElapsed":354,"timestamp":"2026-08-14T13:25:16.926Z"}
{"level":"info","message":"⌛ Validating pepita.wlk","timeElapsed":267,"timestamp":"2026-08-14T13:25:17.194Z"}
{"level":"info","message":"⌛ Validating pepita.wlk","timeElapsed":324,"timestamp":"2026-08-14T13:25:17.519Z"}
{"level":"info","message":"⌛ Validating pepita.wlk","timeElapsed":598,"timestamp":"2026-08-14T13:25:18.118Z"}
{"level":"info","message":"⌛ Building environment","timeElapsed":1377,"timestamp":"2026-08-14T13:25:33.011Z"}
{"level":"info","message":"⌛ Building environment","timeElapsed":481,"timestamp":"2026-08-14T13:25:33.542Z"}
{"level":"info","message":"⌛ Validating pepita.wlk","timeElapsed":1566,"timestamp":"2026-08-14T13:25:35.326Z"}
{"level":"info","message":"⌛ Building environment","timeElapsed":577,"timestamp":"2026-08-14T13:25:35.906Z"}
{"level":"info","message":"⌛ Building environment","timeElapsed":593,"timestamp":"2026-08-14T13:25:36.596Z"}
{"level":"info","message":"⌛ Building environment","timeElapsed":971,"timestamp":"2026-08-14T13:25:37.568Z"}
{"level":"info","message":"⌛ Validating pepita.wlk","timeElapsed":1012,"timestamp":"2026-08-14T13:25:38.629Z"}
{"level":"info","message":"⌛ Building environment","timeElapsed":1646,"timestamp":"2026-08-14T13:25:40.444Z"}
{"level":"info","message":"⌛ Building environment","timeElapsed":716,"timestamp":"2026-08-14T13:25:41.214Z"}
{"level":"info","message":"⌛ Validating pepita.wlk","timeElapsed":573,"timestamp":"2026-08-14T13:25:41.809Z"}
{"level":"info","message":"⌛ Validating pepita.wlk","timeElapsed":687,"timestamp":"2026-08-14T13:25:42.496Z"}
{"level":"info","message":"⌛ Validating pepita.wlk","timeElapsed":732,"timestamp":"2026-08-14T13:25:43.231Z"}
{"level":"info","message":"⌛ Validating pepita.wlk","timeElapsed":496,"timestamp":"2026-08-14T13:25:43.748Z"}
{"level":"info","message":"⌛ Validating pepita.wlk","timeElapsed":398,"timestamp":"2026-08-14T13:25:44.178Z"}
{"level":"info","message":"⌛ Validating pepita.wlk","timeElapsed":330,"timestamp":"2026-08-14T13:25:44.511Z"}
{"level":"info","message":"⌛ Validating pepita.wlk","timeElapsed":348,"timestamp":"2026-08-14T13:25:44.863Z"}
{"level":"info","message":"⌛ Validating pepita.wlk","timeElapsed":445,"timestamp":"2026-08-14T13:25:45.313Z"}
{"level":"info","message":"⌛ Validating pepita.wlk","timeElapsed":1194,"timestamp":"2026-08-14T13:25:46.510Z"}
{"level":"info","message":"⌛ Validating pepita.wlk","timeElapsed":1246,"timestamp":"2026-08-14T13:25:47.760Z"}
{"level":"info","message":"⌛ Validating pepita.wlk","timeElapsed":856,"timestamp":"2026-08-14T13:25:48.619Z"}
{"level":"info","message":"⌛ Validating pepita.wlk","timeElapsed":268,"timestamp":"2026-08-14T13:25:48.891Z"}
{"level":"info","message":"⌛ Validating pepita.wlk","timeElapsed":262,"timestamp":"2026-08-14T13:25:49.156Z"}
{"level":"info","message":"⌛ Building environment","timeElapsed":727,"timestamp":"2026-08-14T13:25:49.885Z"}
{"level":"info","message":"⌛ Building environment","timeElapsed":715,"timestamp":"2026-08-14T13:25:50.602Z"}
{"level":"info","message":"⌛ Building environment","timeElapsed":421,"timestamp":"2026-08-14T13:25:51.024Z"}
{"level":"info","message":"⌛ Building environment","timeElapsed":171,"timestamp":"2026-08-14T13:25:51.235Z"}
{"level":"info","message":"⌛ Building environment","timeElapsed":729,"timestamp":"2026-08-14T13:25:51.966Z"}
{"level":"info","message":"⌛ Building environment","timeElapsed":464,"timestamp":"2026-08-14T13:25:52.436Z"}
{"level":"info","message":"⌛ Building environment","timeElapsed":188,"timestamp":"2026-08-14T13:25:52.636Z"}
{"level":"info","message":"⌛ Building environment","timeElapsed":232,"timestamp":"2026-08-14T13:25:52.874Z"}
{"level":"info","message":"⌛ Building environment","timeElapsed":194,"timestamp":"2026-08-14T13:25:53.081Z"}
{"level":"info","message":"⌛ Building environment","timeElapsed":249,"timestamp":"2026-08-14T13:25:53.331Z"}
{"level":"info","message":"⌛ Building environment","timeElapsed":173,"timestamp":"2026-08-14T13:25:53.568Z"}
{"level":"info","message":"⌛ Building environment","timeElapsed":571,"timestamp":"2026-08-14T13:25:54.145Z"}
{"level":"info","message":"⌛ Validating pepita.wlk","timeElapsed":368,"timestamp":"2026-08-14T13:25:54.518Z"}
{"level":"info","message":"⌛ Validating pepita.wlk","timeElapsed":378,"timestamp":"2026-08-14T13:25:54.927Z"}
{"level":"info","message":"⌛ Validating pepita.wlk","timeElapsed":1095,"timestamp":"2026-08-14T13:25:56.042Z"}
{"level":"info","message":"⌛ Validating pepita.wlk","timeElapsed":287,"timestamp":"2026-08-14T13:25:56.330Z"}
{"level":"info","message":"⌛ Validating pepita.wlk","timeElapsed":548,"timestamp":"2026-08-14T13:25:56.883Z"}
{"level":"info","message":"⌛ Validating pepita.wlk","timeElapsed":255,"timestamp":"2026-08-14T13:25:57.142Z"}
{"level":"info","message":"⌛ Validating pepita.wlk","timeElapsed":323,"timestamp":"2026-08-14T13:25:57.469Z"}
{"level":"info","message":"⌛ Validating pepita.wlk","timeElapsed":488,"timestamp":"2026-08-14T13:25:57.979Z"}
{"level":"info","message":"⌛ Validating pepita.wlk","timeElapsed":311,"timestamp":"2026-08-14T13:25:58.293Z"}
{"level":"info","message":"⌛ Validating pepita.wlk","timeElapsed":530,"timestamp":"2026-08-14T13:25:58.827Z"}
{"level":"info","message":"⌛ Validating pepita.wlk","timeElapsed":1070,"timestamp":"2026-08-14T13:25:59.959Z"}
{"level":"info","message":"⌛ Validating pepita.wlk","timeElapsed":449,"timestamp":"2026-08-14T13:26:00.409Z"}
{"level":"info","message":"⌛ Validating pepita.wlk","timeElapsed":316,"timestamp":"2026-08-14T13:26:00.726Z"}
{"level":"info","message":"⌛ Validating pepita.wlk","timeElapsed":341,"timestamp":"2026-08-14T13:26:01.075Z"}
{"level":"info","message":"⌛ Building environment","timeElapsed":493,"timestamp":"2026-08-14T13:26:01.863Z"}
{"level":"info","message":"⌛ Validating pepita.wlk","timeElapsed":476,"timestamp":"2026-08-14T13:26:02.400Z"}
{"level":"info","message":"⌛ Building environment","timeElapsed":1105,"timestamp":"2026-08-14T13:26:04.616Z"}
{"level":"info","message":"⌛ Building environment","timeElapsed":966,"timestamp":"2026-08-14T13:26:05.609Z"}
{"level":"info","message":"⌛ Validating pepita.wlk","timeElapsed":584,"timestamp":"2026-08-14T13:26:06.214Z"}
{"level":"info","message":"⌛ Building environment","timeElapsed":576,"timestamp":"2026-08-14T13:26:06.791Z"}
{"level":"info","message":"⌛ Building environment","timeElapsed":1034,"timestamp":"2026-08-14T13:26:07.865Z"}
{"level":"info","message":"⌛ Building environment","timeElapsed":431,"timestamp":"2026-08-14T13:26:08.298Z"}
{"level":"info","message":"⌛ Building environment","timeElapsed":650,"timestamp":"2026-08-14T13:26:08.950Z"}
{"level":"info","message":"⌛ Building environment","timeElapsed":346,"timestamp":"2026-08-14T13:26:09.297Z"}
{"level":"error","message":"✘ Failed to rebuild document Failed to parse pepita.wlk: \n-- PARSING FAILED --------------------------------------------------\n\n  65 |  method\n  66 | \n> 67 | }\n     | ^\n\nExpected one of the following: \n\n'!=', '!==', '%', '&&', '*', '**', '+', '-', '->', '..', '..<', '/', '<', '<<', '<<<', '<=', '<=>', '<>', '==', '===', '>', '>..', '>=', '>>', '>>>', '?:', '@', 'and', 'class', 'const', 'describe', 'invert', 'mixin', 'negate', 'object', 'only', 'or', 'package', 'plus', 'program', 'test', 'var', '{', '||', EOF, comment, identifier, not \"}\", whitespace\n","stack":"Error: Failed to parse pepita.wlk: \n-- PARSING FAILED --------------------------------------------------\n\n  65 |  method\n  66 | \n> 67 | }\n     | ^\n\nExpected one of the following: \n\n'!=', '!==', '%', '&&', '*', '**', '+', '-', '->', '..', '..<', '/', '<', '<<', '<<<', '<=', '<=>', '<>', '==', '===', '>', '>..', '>=', '>>', '>>>', '?:', '@', 'and', 'class', 'const', 'describe', 'invert', 'mixin', 'negate', 'object', 'only', 'or', 'package', 'plus', 'program', 'test', 'var', '{', '||', EOF, comment, identifier, not \"}\", whitespace\n\n    at c:\\Users\\lukas\\.vscode\\extensions\\uqbar.wollok-lsp-ide-0.5.4\\out\\server\\src\\server.js:2353:13026\n    at Array.map (<anonymous>)\n    at U1n (c:\\Users\\lukas\\.vscode\\extensions\\uqbar.wollok-lsp-ide-0.5.4\\out\\server\\src\\server.js:2353:12950)\n    at H2.buildEnvironmentFrom (c:\\Users\\lukas\\.vscode\\extensions\\uqbar.wollok-lsp-ide-0.5.4\\out\\server\\src\\server.js:2398:5254)\n    at H2.updateEnvironmentWith (c:\\Users\\lukas\\.vscode\\extensions\\uqbar.wollok-lsp-ide-0.5.4\\out\\server\\src\\server.js:2398:4989)\n    at GF (c:\\Users\\lukas\\.vscode\\extensions\\uqbar.wollok-lsp-ide-0.5.4\\out\\server\\src\\server.js:2398:7383)\n    at V3.invoke (c:\\Users\\lukas\\.vscode\\extensions\\uqbar.wollok-lsp-ide-0.5.4\\out\\server\\src\\server.js:3:157328)\n    at o.fire (c:\\Users\\lukas\\.vscode\\extensions\\uqbar.wollok-lsp-ide-0.5.4\\out\\server\\src\\server.js:3:158098)\n    at c:\\Users\\lukas\\.vscode\\extensions\\uqbar.wollok-lsp-ide-0.5.4\\out\\server\\src\\server.js:37:57871\n    at nd (c:\\Users\\lukas\\.vscode\\extensions\\uqbar.wollok-lsp-ide-0.5.4\\out\\server\\src\\server.js:8:1561)","timestamp":"2026-08-14T13:26:09.426Z"}
{"level":"info","message":"⌛ Validating pepita.wlk","timeElapsed":571,"timestamp":"2026-08-14T13:26:10.027Z"}
{"level":"error","message":"✘ Failed to rebuild document Failed to parse pepita.wlk: \n-- PARSING FAILED --------------------------------------------------\n\n  65 |  method \n  66 | \n> 67 | }\n     | ^\n\nExpected one of the following: \n\n'!=', '!==', '%', '&&', '*', '**', '+', '-', '->', '..', '..<', '/', '<', '<<', '<<<', '<=', '<=>', '<>', '==', '===', '>', '>..', '>=', '>>', '>>>', '?:', '@', 'and', 'class', 'const', 'describe', 'invert', 'mixin', 'negate', 'object', 'only', 'or', 'package', 'plus', 'program', 'test', 'var', '{', '||', EOF, comment, identifier, not \"}\", whitespace\n","stack":"Error: Failed to parse pepita.wlk: \n-- PARSING FAILED --------------------------------------------------\n\n  65 |  method \n  66 | \n> 67 | }\n     | ^\n\nExpected one of the following: \n\n'!=', '!==', '%', '&&', '*', '**', '+', '-', '->', '..', '..<', '/', '<', '<<', '<<<', '<=', '<=>', '<>', '==', '===', '>', '>..', '>=', '>>', '>>>', '?:', '@', 'and', 'class', 'const', 'describe', 'invert', 'mixin', 'negate', 'object', 'only', 'or', 'package', 'plus', 'program', 'test', 'var', '{', '||', EOF, comment, identifier, not \"}\", whitespace\n\n    at c:\\Users\\lukas\\.vscode\\extensions\\uqbar.wollok-lsp-ide-0.5.4\\out\\server\\src\\server.js:2353:13026\n    at Array.map (<anonymous>)\n    at U1n (c:\\Users\\lukas\\.vscode\\extensions\\uqbar.wollok-lsp-ide-0.5.4\\out\\server\\src\\server.js:2353:12950)\n    at H2.buildEnvironmentFrom (c:\\Users\\lukas\\.vscode\\extensions\\uqbar.wollok-lsp-ide-0.5.4\\out\\server\\src\\server.js:2398:5254)\n    at H2.updateEnvironmentWith (c:\\Users\\lukas\\.vscode\\extensions\\uqbar.wollok-lsp-ide-0.5.4\\out\\server\\src\\server.js:2398:4989)\n    at GF (c:\\Users\\lukas\\.vscode\\extensions\\uqbar.wollok-lsp-ide-0.5.4\\out\\server\\src\\server.js:2398:7383)\n    at V3.invoke (c:\\Users\\lukas\\.vscode\\extensions\\uqbar.wollok-lsp-ide-0.5.4\\out\\server\\src\\server.js:3:157328)\n    at o.fire (c:\\Users\\lukas\\.vscode\\extensions\\uqbar.wollok-lsp-ide-0.5.4\\out\\server\\src\\server.js:3:158098)\n    at c:\\Users\\lukas\\.vscode\\extensions\\uqbar.wollok-lsp-ide-0.5.4\\out\\server\\src\\server.js:37:57871\n    at nd (c:\\Users\\lukas\\.vscode\\extensions\\uqbar.wollok-lsp-ide-0.5.4\\out\\server\\src\\server.js:8:1561)","timestamp":"2026-08-14T13:26:10.134Z"}
{"level":"info","message":"⌛ Building environment","timeElapsed":388,"timestamp":"2026-08-14T13:26:10.530Z"}
{"level":"info","message":"⌛ Building environment","timeElapsed":327,"timestamp":"2026-08-14T13:26:10.889Z"}
{"level":"info","message":"⌛ Building environment","timeElapsed":486,"timestamp":"2026-08-14T13:26:11.377Z"}
{"level":"info","message":"⌛ Building environment","timeElapsed":733,"timestamp":"2026-08-14T13:26:12.112Z"}
{"level":"info","message":"⌛ Building environment","timeElapsed":1304,"timestamp":"2026-08-14T13:26:13.418Z"}
{"level":"info","message":"⌛ Autocomplete - Method","timeElapsed":117,"timestamp":"2026-08-14T13:26:13.608Z"}
{"level":"info","message":"⌛ Building environment","timeElapsed":282,"timestamp":"2026-08-14T13:26:13.893Z"}
{"level":"info","message":"⌛ Building environment","timeElapsed":264,"timestamp":"2026-08-14T13:26:14.163Z"}
{"level":"info","message":"⌛ Validating pepita.wlk","timeElapsed":496,"timestamp":"2026-08-14T13:26:14.697Z"}
{"level":"info","message":"⌛ Validating pepita.wlk","timeElapsed":549,"timestamp":"2026-08-14T13:26:15.351Z"}
{"level":"info","message":"⌛ Validating pepita.wlk","timeElapsed":371,"timestamp":"2026-08-14T13:26:15.722Z"}
{"level":"info","message":"⌛ Validating pepita.wlk","timeElapsed":421,"timestamp":"2026-08-14T13:26:16.144Z"}
{"level":"info","message":"⌛ Validating pepita.wlk","timeElapsed":435,"timestamp":"2026-08-14T13:26:16.584Z"}
{"level":"info","message":"⌛ Validating pepita.wlk","timeElapsed":424,"timestamp":"2026-08-14T13:26:17.024Z"}
{"level":"info","message":"⌛ Building environment","timeElapsed":428,"timestamp":"2026-08-14T13:26:17.463Z"}
{"level":"info","message":"⌛ Validating pepita.wlk","timeElapsed":398,"timestamp":"2026-08-14T13:26:17.870Z"}
{"level":"info","message":"⌛ Building environment","timeElapsed":524,"timestamp":"2026-08-14T13:26:18.464Z"}
{"level":"info","message":"⌛ Building environment","timeElapsed":530,"timestamp":"2026-08-14T13:26:19.008Z"}
{"level":"info","message":"⌛ Building environment","timeElapsed":309,"timestamp":"2026-08-14T13:26:19.363Z"}
{"level":"info","message":"⌛ Validating pepita.wlk","timeElapsed":612,"timestamp":"2026-08-14T13:26:19.977Z"}
{"level":"info","message":"⌛ Building environment","timeElapsed":319,"timestamp":"2026-08-14T13:26:20.298Z"}
{"level":"info","message":"⌛ Building environment","timeElapsed":284,"timestamp":"2026-08-14T13:26:20.590Z"}
{"level":"info","message":"⌛ Building environment","timeElapsed":277,"timestamp":"2026-08-14T13:26:20.908Z"}
{"level":"info","message":"⌛ Building environment","timeElapsed":322,"timestamp":"2026-08-14T13:26:21.255Z"}
{"level":"info","message":"⌛ Validating pepita.wlk","timeElapsed":341,"timestamp":"2026-08-14T13:26:21.624Z"}
{"level":"info","message":"⌛ Validating pepita.wlk","timeElapsed":357,"timestamp":"2026-08-14T13:26:21.982Z"}
{"level":"info","message":"⌛ Validating pepita.wlk","timeElapsed":381,"timestamp":"2026-08-14T13:26:22.364Z"}
{"level":"info","message":"⌛ Validating pepita.wlk","timeElapsed":339,"timestamp":"2026-08-14T13:26:22.703Z"}
{"level":"info","message":"⌛ Validating pepita.wlk","timeElapsed":397,"timestamp":"2026-08-14T13:26:23.145Z"}
{"level":"info","message":"⌛ Building environment","timeElapsed":522,"timestamp":"2026-08-14T13:26:23.682Z"}
{"level":"info","message":"⌛ Building environment","timeElapsed":500,"timestamp":"2026-08-14T13:26:24.184Z"}
{"level":"info","message":"⌛ Validating pepita.wlk","timeElapsed":389,"timestamp":"2026-08-14T13:26:24.582Z"}
{"level":"info","message":"⌛ Validating pepita.wlk","timeElapsed":316,"timestamp":"2026-08-14T13:26:24.931Z"}
{"level":"info","message":"⌛ Validating pepita.wlk","timeElapsed":447,"timestamp":"2026-08-14T13:26:25.378Z"}
{"level":"info","message":"⌛ Building environment","timeElapsed":250,"timestamp":"2026-08-14T13:26:25.675Z"}
{"level":"info","message":"⌛ Building environment","timeElapsed":449,"timestamp":"2026-08-14T13:26:26.126Z"}
{"level":"info","message":"⌛ Validating pepita.wlk","timeElapsed":413,"timestamp":"2026-08-14T13:26:26.575Z"}
{"level":"info","message":"⌛ Validating pepita.wlk","timeElapsed":354,"timestamp":"2026-08-14T13:26:26.929Z"}
{"level":"info","message":"⌛ Validating pepita.wlk","timeElapsed":328,"timestamp":"2026-08-14T13:26:27.260Z"}
{"level":"info","message":"⌛ Validating pepita.wlk","timeElapsed":312,"timestamp":"2026-08-14T13:26:27.576Z"}
{"level":"info","message":"⌛ Building environment","timeElapsed":476,"timestamp":"2026-08-14T13:26:28.058Z"}
{"level":"info","message":"⌛ Building environment","timeElapsed":310,"timestamp":"2026-08-14T13:26:28.375Z"}
{"level":"info","message":"⌛ Validating pepita.wlk","timeElapsed":333,"timestamp":"2026-08-14T13:26:28.714Z"}
{"level":"info","message":"⌛ Validating pepita.wlk","timeElapsed":480,"timestamp":"2026-08-14T13:26:29.524Z"}
{"level":"info","message":"⌛ Building environment","timeElapsed":381,"timestamp":"2026-08-14T13:26:29.914Z"}
{"level":"info","message":"⌛ Validating pepita.wlk","timeElapsed":944,"timestamp":"2026-08-14T13:26:30.884Z"}
{"level":"info","message":"⌛ Validating pepita.wlk","timeElapsed":626,"timestamp":"2026-08-14T13:26:31.532Z"}
{"level":"info","message":"⌛ Validating pepita.wlk","timeElapsed":933,"timestamp":"2026-08-14T13:26:32.465Z"}
{"level":"info","message":"⌛ Validating pepita.wlk","timeElapsed":622,"timestamp":"2026-08-14T13:26:33.089Z"}
{"level":"info","message":"⌛ Validating pepita.wlk","timeElapsed":1105,"timestamp":"2026-08-14T13:26:34.195Z"}
{"level":"info","message":"⌛ Building environment","timeElapsed":660,"timestamp":"2026-08-14T13:26:34.858Z"}
{"level":"info","message":"⌛ Building environment","timeElapsed":656,"timestamp":"2026-08-14T13:26:35.515Z"}
{"level":"info","message":"⌛ Building environment","timeElapsed":595,"timestamp":"2026-08-14T13:26:36.111Z"}
{"level":"info","message":"⌛ Building environment","timeElapsed":329,"timestamp":"2026-08-14T13:26:36.441Z"}
{"level":"info","message":"⌛ Building environment","timeElapsed":1527,"timestamp":"2026-08-14T13:26:37.970Z"}
{"level":"info","message":"⌛ Building environment","timeElapsed":551,"timestamp":"2026-08-14T13:26:38.522Z"}
{"level":"info","message":"⌛ Building environment","timeElapsed":363,"timestamp":"2026-08-14T13:26:38.886Z"}
{"level":"info","message":"⌛ Building environment","timeElapsed":334,"timestamp":"2026-08-14T13:26:39.257Z"}
{"level":"info","message":"⌛ Building environment","timeElapsed":475,"timestamp":"2026-08-14T13:26:39.748Z"}
{"level":"info","message":"⌛ Building environment","timeElapsed":272,"timestamp":"2026-08-14T13:26:40.025Z"}
{"level":"info","message":"⌛ Building environment","timeElapsed":284,"timestamp":"2026-08-14T13:26:40.332Z"}
{"level":"info","message":"⌛ Building environment","timeElapsed":276,"timestamp":"2026-08-14T13:26:40.648Z"}
{"level":"info","message":"⌛ Building environment","timeElapsed":344,"timestamp":"2026-08-14T13:26:41.000Z"}
{"level":"info","message":"⌛ Validating pepita.wlk","timeElapsed":1240,"timestamp":"2026-08-14T13:26:42.243Z"}
{"level":"info","message":"⌛ Building environment","timeElapsed":399,"timestamp":"2026-08-14T13:26:42.661Z"}
{"level":"info","message":"⌛ Building environment","timeElapsed":259,"timestamp":"2026-08-14T13:26:42.981Z"}
{"level":"info","message":"⌛ Building environment","timeElapsed":665,"timestamp":"2026-08-14T13:26:43.656Z"}
{"level":"info","message":"⌛ Building environment","timeElapsed":1028,"timestamp":"2026-08-14T13:26:44.705Z"}
{"level":"info","message":"⌛ Building environment","timeElapsed":772,"timestamp":"2026-08-14T13:26:45.477Z"}
{"level":"info","message":"⌛ Validating pepita.wlk","timeElapsed":429,"timestamp":"2026-08-14T13:26:45.933Z"}
{"level":"info","message":"⌛ Building environment","timeElapsed":636,"timestamp":"2026-08-14T13:26:46.599Z"}
{"level":"info","message":"⌛ Autocomplete - Body","timeElapsed":485,"timestamp":"2026-08-14T13:26:47.321Z"}
{"level":"info","message":"⌛ Building environment","timeElapsed":640,"timestamp":"2026-08-14T13:26:47.979Z"}
{"level":"info","message":"⌛ Building environment","timeElapsed":282,"timestamp":"2026-08-14T13:26:48.290Z"}
{"level":"info","message":"⌛ Building environment","timeElapsed":329,"timestamp":"2026-08-14T13:26:48.665Z"}
{"level":"info","message":"⌛ Building environment","timeElapsed":290,"timestamp":"2026-08-14T13:26:48.964Z"}
{"level":"info","message":"⌛ Building environment","timeElapsed":315,"timestamp":"2026-08-14T13:26:49.311Z"}
{"level":"info","message":"⌛ Building environment","timeElapsed":366,"timestamp":"2026-08-14T13:26:49.726Z"}
{"level":"info","message":"⌛ Building environment","timeElapsed":332,"timestamp":"2026-08-14T13:26:50.062Z"}
{"level":"info","message":"⌛ Validating pepita.wlk","timeElapsed":550,"timestamp":"2026-08-14T13:26:50.641Z"}
{"level":"info","message":"⌛ Validating pepita.wlk","timeElapsed":409,"timestamp":"2026-08-14T13:26:51.057Z"}
{"level":"info","message":"⌛ Validating pepita.wlk","timeElapsed":423,"timestamp":"2026-08-14T13:26:51.480Z"}
{"level":"info","message":"⌛ Validating pepita.wlk","timeElapsed":527,"timestamp":"2026-08-14T13:26:52.008Z"}
{"level":"info","message":"⌛ Validating pepita.wlk","timeElapsed":578,"timestamp":"2026-08-14T13:26:52.591Z"}
{"level":"info","message":"⌛ Validating pepita.wlk","timeElapsed":394,"timestamp":"2026-08-14T13:26:52.992Z"}
{"level":"info","message":"⌛ Building environment","timeElapsed":306,"timestamp":"2026-08-14T13:26:53.306Z"}
{"level":"info","message":"⌛ Validating pepita.wlk","timeElapsed":490,"timestamp":"2026-08-14T13:26:53.838Z"}
{"level":"info","message":"⌛ Validating pepita.wlk","timeElapsed":325,"timestamp":"2026-08-14T13:26:54.223Z"}
{"level":"info","message":"⌛ Validating pepita.wlk","timeElapsed":373,"timestamp":"2026-08-14T13:26:54.596Z"}
{"level":"info","message":"⌛ Validating pepita.wlk","timeElapsed":365,"timestamp":"2026-08-14T13:26:54.962Z"}
{"level":"info","message":"⌛ Building environment","timeElapsed":219,"timestamp":"2026-08-14T13:26:55.190Z"}
{"level":"info","message":"⌛ Building environment","timeElapsed":283,"timestamp":"2026-08-14T13:26:55.478Z"}
{"level":"info","message":"⌛ Validating pepita.wlk","timeElapsed":311,"timestamp":"2026-08-14T13:26:55.814Z"}
{"level":"info","message":"⌛ Building environment","timeElapsed":224,"timestamp":"2026-08-14T13:26:56.040Z"}
{"level":"info","message":"⌛ Building environment","timeElapsed":251,"timestamp":"2026-08-14T13:26:56.321Z"}
{"level":"info","message":"⌛ Validating pepita.wlk","timeElapsed":286,"timestamp":"2026-08-14T13:26:56.631Z"}
{"level":"info","message":"⌛ Validating pepita.wlk","timeElapsed":328,"timestamp":"2026-08-14T13:26:56.959Z"}
{"level":"info","message":"⌛ Building environment","timeElapsed":887,"timestamp":"2026-08-14T13:26:57.848Z"}
{"level":"info","message":"⌛ Validating pepita.wlk","timeElapsed":525,"timestamp":"2026-08-14T13:26:58.428Z"}
{"level":"info","message":"⌛ Validating pepita.wlk","timeElapsed":398,"timestamp":"2026-08-14T13:26:58.848Z"}
{"level":"info","message":"⌛ Validating pepita.wlk","timeElapsed":284,"timestamp":"2026-08-14T13:26:59.143Z"}
{"level":"info","message":"⌛ Building environment","timeElapsed":733,"timestamp":"2026-08-14T13:26:59.921Z"}
{"level":"info","message":"⌛ Validating pepita.wlk","timeElapsed":1082,"timestamp":"2026-08-14T13:27:01.005Z"}
{"level":"info","message":"⌛ Validating pepita.wlk","timeElapsed":412,"timestamp":"2026-08-14T13:27:01.453Z"}
{"level":"info","message":"⌛ Validating pepita.wlk","timeElapsed":358,"timestamp":"2026-08-14T13:27:01.823Z"}
{"level":"info","message":"⌛ Validating pepita.wlk","timeElapsed":325,"timestamp":"2026-08-14T13:27:02.152Z"}
{"level":"info","message":"⌛ Validating pepita.wlk","timeElapsed":593,"timestamp":"2026-08-14T13:27:02.822Z"}
{"level":"info","message":"⌛ Validating pepita.wlk","timeElapsed":439,"timestamp":"2026-08-14T13:27:03.261Z"}
{"level":"info","message":"⌛ Validating pepita.wlk","timeElapsed":344,"timestamp":"2026-08-14T13:27:03.606Z"}
{"level":"info","message":"⌛ Validating pepita.wlk","timeElapsed":323,"timestamp":"2026-08-14T13:27:04.091Z"}
{"level":"info","message":"⌛ Validating pepita.wlk","timeElapsed":275,"timestamp":"2026-08-14T13:27:04.537Z"}
{"level":"info","message":"⌛ Validating pepita.wlk","timeElapsed":304,"timestamp":"2026-08-14T13:27:04.935Z"}
{"level":"info","message":"⌛ Validating pepita.wlk","timeElapsed":341,"timestamp":"2026-08-14T13:27:05.281Z"}
{"level":"info","message":"⌛ Validating pepita.wlk","timeElapsed":429,"timestamp":"2026-08-14T13:27:05.712Z"}
{"level":"info","message":"⌛ Validating pepita.wlk","timeElapsed":370,"timestamp":"2026-08-14T13:27:06.092Z"}
{"level":"info","message":"⌛ Validating pepita.wlk","timeElapsed":409,"timestamp":"2026-08-14T13:27:06.595Z"}
{"level":"info","message":"⌛ Validating pepita.wlk","timeElapsed":1466,"timestamp":"2026-08-14T13:27:08.096Z"}
{"level":"info","message":"⌛ Building environment","timeElapsed":464,"timestamp":"2026-08-14T13:27:35.504Z"}
{"level":"info","message":"⌛ Validating pepita.wlk","timeElapsed":814,"timestamp":"2026-08-14T13:27:36.363Z"}
{"level":"info","message":"⌛ Building environment","timeElapsed":279,"timestamp":"2026-08-14T13:27:36.690Z"}
{"level":"info","message":"⌛ Validating pepita.wlk","timeElapsed":299,"timestamp":"2026-08-14T13:27:36.993Z"}
{"level":"info","message":"⌛ Building environment","timeElapsed":430,"timestamp":"2026-08-14T13:27:37.540Z"}
{"level":"info","message":"⌛ Building environment","timeElapsed":269,"timestamp":"2026-08-14T13:27:37.810Z"}
{"level":"info","message":"⌛ Validating pepita.wlk","timeElapsed":555,"timestamp":"2026-08-14T13:27:38.413Z"}
{"level":"info","message":"⌛ Validating pepita.wlk","timeElapsed":539,"timestamp":"2026-08-14T13:27:38.957Z"}
{"level":"info","message":"⌛ Building environment","timeElapsed":593,"timestamp":"2026-08-14T13:27:39.555Z"}
{"level":"info","message":"⌛ Building environment","timeElapsed":948,"timestamp":"2026-08-14T13:27:40.504Z"}
{"level":"info","message":"⌛ Building environment","timeElapsed":538,"timestamp":"2026-08-14T13:27:41.043Z"}
{"level":"info","message":"⌛ Building environment","timeElapsed":289,"timestamp":"2026-08-14T13:27:41.346Z"}
{"level":"info","message":"⌛ Building environment","timeElapsed":454,"timestamp":"2026-08-14T13:27:41.862Z"}
{"level":"info","message":"⌛ Building environment","timeElapsed":438,"timestamp":"2026-08-14T13:27:42.338Z"}
{"level":"info","message":"⌛ Building environment","timeElapsed":473,"timestamp":"2026-08-14T13:27:42.813Z"}
{"level":"info","message":"⌛ Validating pepita.wlk","timeElapsed":1169,"timestamp":"2026-08-14T13:27:43.986Z"}
{"level":"info","message":"⌛ Building environment","timeElapsed":1353,"timestamp":"2026-08-14T13:27:45.346Z"}
{"level":"error","message":"✘ Failed to rebuild document Failed to parse pepita.wlk: \n-- PARSING FAILED --------------------------------------------------\n\n  67 |  }\n  68 |  method\n> 69 | }\n     | ^\n\nExpected one of the following: \n\n'!=', '!==', '%', '&&', '*', '**', '+', '-', '->', '..', '..<', '/', '<', '<<', '<<<', '<=', '<=>', '<>', '==', '===', '>', '>..', '>=', '>>', '>>>', '?:', '@', 'and', 'class', 'const', 'describe', 'invert', 'mixin', 'negate', 'object', 'only', 'or', 'package', 'plus', 'program', 'test', 'var', '{', '||', EOF, comment, identifier, not \"}\", whitespace\n","stack":"Error: Failed to parse pepita.wlk: \n-- PARSING FAILED --------------------------------------------------\n\n  67 |  }\n  68 |  method\n> 69 | }\n     | ^\n\nExpected one of the following: \n\n'!=', '!==', '%', '&&', '*', '**', '+', '-', '->', '..', '..<', '/', '<', '<<', '<<<', '<=', '<=>', '<>', '==', '===', '>', '>..', '>=', '>>', '>>>', '?:', '@', 'and', 'class', 'const', 'describe', 'invert', 'mixin', 'negate', 'object', 'only', 'or', 'package', 'plus', 'program', 'test', 'var', '{', '||', EOF, comment, identifier, not \"}\", whitespace\n\n    at c:\\Users\\lukas\\.vscode\\extensions\\uqbar.wollok-lsp-ide-0.5.4\\out\\server\\src\\server.js:2353:13026\n    at Array.map (<anonymous>)\n    at U1n (c:\\Users\\lukas\\.vscode\\extensions\\uqbar.wollok-lsp-ide-0.5.4\\out\\server\\src\\server.js:2353:12950)\n    at H2.buildEnvironmentFrom (c:\\Users\\lukas\\.vscode\\extensions\\uqbar.wollok-lsp-ide-0.5.4\\out\\server\\src\\server.js:2398:5254)\n    at H2.updateEnvironmentWith (c:\\Users\\lukas\\.vscode\\extensions\\uqbar.wollok-lsp-ide-0.5.4\\out\\server\\src\\server.js:2398:4989)\n    at GF (c:\\Users\\lukas\\.vscode\\extensions\\uqbar.wollok-lsp-ide-0.5.4\\out\\server\\src\\server.js:2398:7383)\n    at V3.invoke (c:\\Users\\lukas\\.vscode\\extensions\\uqbar.wollok-lsp-ide-0.5.4\\out\\server\\src\\server.js:3:157328)\n    at o.fire (c:\\Users\\lukas\\.vscode\\extensions\\uqbar.wollok-lsp-ide-0.5.4\\out\\server\\src\\server.js:3:158098)\n    at c:\\Users\\lukas\\.vscode\\extensions\\uqbar.wollok-lsp-ide-0.5.4\\out\\server\\src\\server.js:37:57871\n    at nd (c:\\Users\\lukas\\.vscode\\extensions\\uqbar.wollok-lsp-ide-0.5.4\\out\\server\\src\\server.js:8:1561)","timestamp":"2026-08-14T13:27:45.437Z"}
{"level":"error","message":"✘ Failed to rebuild document Failed to parse pepita.wlk: \n-- PARSING FAILED --------------------------------------------------\n\n  67 |  }\n  68 |  method \n> 69 | }\n     | ^\n\nExpected one of the following: \n\n'!=', '!==', '%', '&&', '*', '**', '+', '-', '->', '..', '..<', '/', '<', '<<', '<<<', '<=', '<=>', '<>', '==', '===', '>', '>..', '>=', '>>', '>>>', '?:', '@', 'and', 'class', 'const', 'describe', 'invert', 'mixin', 'negate', 'object', 'only', 'or', 'package', 'plus', 'program', 'test', 'var', '{', '||', EOF, comment, identifier, not \"}\", whitespace\n","stack":"Error: Failed to parse pepita.wlk: \n-- PARSING FAILED --------------------------------------------------\n\n  67 |  }\n  68 |  method \n> 69 | }\n     | ^\n\nExpected one of the following: \n\n'!=', '!==', '%', '&&', '*', '**', '+', '-', '->', '..', '..<', '/', '<', '<<', '<<<', '<=', '<=>', '<>', '==', '===', '>', '>..', '>=', '>>', '>>>', '?:', '@', 'and', 'class', 'const', 'describe', 'invert', 'mixin', 'negate', 'object', 'only', 'or', 'package', 'plus', 'program', 'test', 'var', '{', '||', EOF, comment, identifier, not \"}\", whitespace\n\n    at c:\\Users\\lukas\\.vscode\\extensions\\uqbar.wollok-lsp-ide-0.5.4\\out\\server\\src\\server.js:2353:13026\n    at Array.map (<anonymous>)\n    at U1n (c:\\Users\\lukas\\.vscode\\extensions\\uqbar.wollok-lsp-ide-0.5.4\\out\\server\\src\\server.js:2353:12950)\n    at H2.buildEnvironmentFrom (c:\\Users\\lukas\\.vscode\\extensions\\uqbar.wollok-lsp-ide-0.5.4\\out\\server\\src\\server.js:2398:5254)\n    at H2.updateEnvironmentWith (c:\\Users\\lukas\\.vscode\\extensions\\uqbar.wollok-lsp-ide-0.5.4\\out\\server\\src\\server.js:2398:4989)\n    at GF (c:\\Users\\lukas\\.vscode\\extensions\\uqbar.wollok-lsp-ide-0.5.4\\out\\server\\src\\server.js:2398:7383)\n    at V3.invoke (c:\\Users\\lukas\\.vscode\\extensions\\uqbar.wollok-lsp-ide-0.5.4\\out\\server\\src\\server.js:3:157328)\n    at o.fire (c:\\Users\\lukas\\.vscode\\extensions\\uqbar.wollok-lsp-ide-0.5.4\\out\\server\\src\\server.js:3:158098)\n    at c:\\Users\\lukas\\.vscode\\extensions\\uqbar.wollok-lsp-ide-0.5.4\\out\\server\\src\\server.js:37:57871\n    at nd (c:\\Users\\lukas\\.vscode\\extensions\\uqbar.wollok-lsp-ide-0.5.4\\out\\server\\src\\server.js:8:1561)","timestamp":"2026-08-14T13:27:45.743Z"}
{"level":"info","message":"⌛ Validating pepita.wlk","timeElapsed":713,"timestamp":"2026-08-14T13:27:46.457Z"}
{"level":"info","message":"⌛ Building environment","timeElapsed":928,"timestamp":"2026-08-14T13:27:47.388Z"}
{"level":"info","message":"⌛ Building environment","timeElapsed":755,"timestamp":"2026-08-14T13:27:48.174Z"}
{"level":"info","message":"⌛ Validating pepita.wlk","timeElapsed":934,"timestamp":"2026-08-14T13:27:49.108Z"}
{"level":"info","message":"⌛ Building environment","timeElapsed":282,"timestamp":"2026-08-14T13:27:49.392Z"}
{"level":"info","message":"⌛ Building environment","timeElapsed":343,"timestamp":"2026-08-14T13:27:49.760Z"}
{"level":"info","message":"⌛ Building environment","timeElapsed":303,"timestamp":"2026-08-14T13:27:50.107Z"}
{"level":"info","message":"⌛ Building environment","timeElapsed":567,"timestamp":"2026-08-14T13:27:51.145Z"}
{"level":"info","message":"⌛ Building environment","timeElapsed":788,"timestamp":"2026-08-14T13:27:51.945Z"}
{"level":"info","message":"⌛ Building environment","timeElapsed":403,"timestamp":"2026-08-14T13:27:52.415Z"}
{"level":"info","message":"⌛ Validating pepita.wlk","timeElapsed":625,"timestamp":"2026-08-14T13:27:53.086Z"}
{"level":"info","message":"⌛ Validating pepita.wlk","timeElapsed":1268,"timestamp":"2026-08-14T13:27:54.355Z"}
{"level":"info","message":"⌛ Validating pepita.wlk","timeElapsed":418,"timestamp":"2026-08-14T13:27:54.773Z"}
{"level":"info","message":"⌛ Validating pepita.wlk","timeElapsed":539,"timestamp":"2026-08-14T13:27:55.321Z"}
{"level":"info","message":"⌛ Validating pepita.wlk","timeElapsed":443,"timestamp":"2026-08-14T13:27:55.769Z"}
{"level":"info","message":"⌛ Building environment","timeElapsed":277,"timestamp":"2026-08-14T13:27:56.089Z"}
{"level":"info","message":"⌛ Building environment","timeElapsed":300,"timestamp":"2026-08-14T13:27:56.395Z"}
{"level":"info","message":"⌛ Building environment","timeElapsed":307,"timestamp":"2026-08-14T13:27:56.725Z"}
{"level":"info","message":"⌛ Building environment","timeElapsed":481,"timestamp":"2026-08-14T13:27:57.255Z"}
{"level":"info","message":"⌛ Building environment","timeElapsed":230,"timestamp":"2026-08-14T13:27:57.538Z"}
{"level":"info","message":"⌛ Building environment","timeElapsed":266,"timestamp":"2026-08-14T13:27:57.809Z"}
{"level":"info","message":"⌛ Building environment","timeElapsed":284,"timestamp":"2026-08-14T13:27:58.102Z"}
{"level":"info","message":"⌛ Building environment","timeElapsed":412,"timestamp":"2026-08-14T13:27:58.520Z"}
{"level":"info","message":"⌛ Building environment","timeElapsed":216,"timestamp":"2026-08-14T13:27:58.773Z"}
{"level":"info","message":"⌛ Building environment","timeElapsed":229,"timestamp":"2026-08-14T13:27:59.031Z"}
{"level":"info","message":"⌛ Validating pepita.wlk","timeElapsed":287,"timestamp":"2026-08-14T13:27:59.338Z"}
{"level":"info","message":"⌛ Validating pepita.wlk","timeElapsed":262,"timestamp":"2026-08-14T13:27:59.601Z"}
{"level":"info","message":"⌛ Validating pepita.wlk","timeElapsed":310,"timestamp":"2026-08-14T13:27:59.919Z"}
{"level":"info","message":"⌛ Validating pepita.wlk","timeElapsed":296,"timestamp":"2026-08-14T13:28:00.216Z"}
{"level":"info","message":"⌛ Validating pepita.wlk","timeElapsed":292,"timestamp":"2026-08-14T13:28:00.513Z"}
{"level":"info","message":"⌛ Validating pepita.wlk","timeElapsed":297,"timestamp":"2026-08-14T13:28:00.816Z"}
{"level":"info","message":"⌛ Validating pepita.wlk","timeElapsed":432,"timestamp":"2026-08-14T13:28:01.256Z"}
{"level":"info","message":"⌛ Validating pepita.wlk","timeElapsed":1117,"timestamp":"2026-08-14T13:28:02.403Z"}
{"level":"info","message":"⌛ Building environment","timeElapsed":337,"timestamp":"2026-08-14T13:28:02.825Z"}
{"level":"info","message":"⌛ Building environment","timeElapsed":214,"timestamp":"2026-08-14T13:28:03.048Z"}
{"level":"info","message":"⌛ Validating pepita.wlk","timeElapsed":257,"timestamp":"2026-08-14T13:28:03.338Z"}
{"level":"info","message":"⌛ Validating pepita.wlk","timeElapsed":258,"timestamp":"2026-08-14T13:28:03.597Z"}
{"level":"info","message":"⌛ Validating pepita.wlk","timeElapsed":288,"timestamp":"2026-08-14T13:28:03.894Z"}
{"level":"info","message":"⌛ Validating pepita.wlk","timeElapsed":408,"timestamp":"2026-08-14T13:28:04.349Z"}
{"level":"info","message":"⌛ Validating pepita.wlk","timeElapsed":275,"timestamp":"2026-08-14T13:28:04.625Z"}
{"level":"info","message":"⌛ Validating pepita.wlk","timeElapsed":287,"timestamp":"2026-08-14T13:28:04.932Z"}
{"level":"info","message":"⌛ Validating pepita.wlk","timeElapsed":807,"timestamp":"2026-08-14T13:28:05.739Z"}
{"level":"info","message":"⌛ Validating pepita.wlk","timeElapsed":571,"timestamp":"2026-08-14T13:28:06.320Z"}
{"level":"info","message":"⌛ Validating pepita.wlk","timeElapsed":317,"timestamp":"2026-08-14T13:28:06.644Z"}
{"level":"info","message":"⌛ Validating pepita.wlk","timeElapsed":279,"timestamp":"2026-08-14T13:28:06.931Z"}
{"level":"info","message":"⌛ Validating pepita.wlk","timeElapsed":384,"timestamp":"2026-08-14T13:28:07.384Z"}
{"level":"info","message":"⌛ Validating pepita.wlk","timeElapsed":287,"timestamp":"2026-08-14T13:28:07.675Z"}
{"level":"info","message":"⌛ Building environment","timeElapsed":477,"timestamp":"2026-08-14T13:28:09.722Z"}
{"level":"info","message":"⌛ Building environment","timeElapsed":291,"timestamp":"2026-08-14T13:28:10.016Z"}
{"level":"info","message":"⌛ Validating pepita.wlk","timeElapsed":528,"timestamp":"2026-08-14T13:28:10.618Z"}
{"level":"info","message":"⌛ Validating pepita.wlk","timeElapsed":1013,"timestamp":"2026-08-14T13:28:11.635Z"}
{"level":"error","message":"✘ Completions for node Send ([69:30, 69:42] - pepita.wlk) failed: Error: [Send]{8696cb} at pepita.wlk:69 exhausted all cases without a match [Send]{8696cb} at pepita.wlk:69 exhausted all cases without a match","stack":"Error: [Send]{8696cb} at pepita.wlk:69 exhausted all cases without a match\n    at c:\\Users\\lukas\\.vscode\\extensions\\uqbar.wollok-lsp-ide-0.5.4\\out\\server\\src\\server.js:38:6142\n    at L2 (c:\\Users\\lukas\\.vscode\\extensions\\uqbar.wollok-lsp-ide-0.5.4\\out\\server\\src\\server.js:2389:42)\n    at Jh (c:\\Users\\lukas\\.vscode\\extensions\\uqbar.wollok-lsp-ide-0.5.4\\out\\server\\src\\server.js:2389:1092)\n    at M5n (c:\\Users\\lukas\\.vscode\\extensions\\uqbar.wollok-lsp-ide-0.5.4\\out\\server\\src\\server.js:2389:1248)\n    at c:\\Users\\lukas\\.vscode\\extensions\\uqbar.wollok-lsp-ide-0.5.4\\out\\server\\src\\server.js:38:6131\n    at L2 (c:\\Users\\lukas\\.vscode\\extensions\\uqbar.wollok-lsp-ide-0.5.4\\out\\server\\src\\server.js:2389:42)\n    at c:\\Users\\lukas\\.vscode\\extensions\\uqbar.wollok-lsp-ide-0.5.4\\out\\server\\src\\server.js:2389:2988\n    at c:\\Users\\lukas\\.vscode\\extensions\\uqbar.wollok-lsp-ide-0.5.4\\out\\server\\src\\server.js:2398:8440\n    at c:\\Users\\lukas\\.vscode\\extensions\\uqbar.wollok-lsp-ide-0.5.4\\out\\server\\src\\server.js:37:74872\n    at Ke (c:\\Users\\lukas\\.vscode\\extensions\\uqbar.wollok-lsp-ide-0.5.4\\out\\server\\src\\server.js:7:8527)","timestamp":"2026-08-14T13:28:12.214Z"}
{"level":"error","message":"✘ Completions for node Send ([69:15, 69:42] - pepita.wlk) failed: Error: [Send]{c2e4cd} at pepita.wlk:69 exhausted all cases without a match [Send]{c2e4cd} at pepita.wlk:69 exhausted all cases without a match","stack":"Error: [Send]{c2e4cd} at pepita.wlk:69 exhausted all cases without a match\n    at c:\\Users\\lukas\\.vscode\\extensions\\uqbar.wollok-lsp-ide-0.5.4\\out\\server\\src\\server.js:38:6142\n    at L2 (c:\\Users\\lukas\\.vscode\\extensions\\uqbar.wollok-lsp-ide-0.5.4\\out\\server\\src\\server.js:2389:42)\n    at Jh (c:\\Users\\lukas\\.vscode\\extensions\\uqbar.wollok-lsp-ide-0.5.4\\out\\server\\src\\server.js:2389:1092)\n    at L2 (c:\\Users\\lukas\\.vscode\\extensions\\uqbar.wollok-lsp-ide-0.5.4\\out\\server\\src\\server.js:2389:544)\n    at Jh (c:\\Users\\lukas\\.vscode\\extensions\\uqbar.wollok-lsp-ide-0.5.4\\out\\server\\src\\server.js:2389:1092)\n    at M5n (c:\\Users\\lukas\\.vscode\\extensions\\uqbar.wollok-lsp-ide-0.5.4\\out\\server\\src\\server.js:2389:1248)\n    at c:\\Users\\lukas\\.vscode\\extensions\\uqbar.wollok-lsp-ide-0.5.4\\out\\server\\src\\server.js:38:6131\n    at L2 (c:\\Users\\lukas\\.vscode\\extensions\\uqbar.wollok-lsp-ide-0.5.4\\out\\server\\src\\server.js:2389:42)\n    at c:\\Users\\lukas\\.vscode\\extensions\\uqbar.wollok-lsp-ide-0.5.4\\out\\server\\src\\server.js:2389:2988\n    at c:\\Users\\lukas\\.vscode\\extensions\\uqbar.wollok-lsp-ide-0.5.4\\out\\server\\src\\server.js:2398:8440","timestamp":"2026-08-14T13:28:12.214Z"}
{"level":"error","message":"✘ Completions for node Assignment ([69:5, 69:42] - pepita.wlk) failed: Error: [Assignment]{014a80} at pepita.wlk:69 exhausted all cases without a match [Assignment]{014a80} at pepita.wlk:69 exhausted all cases without a match","stack":"Error: [Assignment]{014a80} at pepita.wlk:69 exhausted all cases without a match\n    at c:\\Users\\lukas\\.vscode\\extensions\\uqbar.wollok-lsp-ide-0.5.4\\out\\server\\src\\server.js:38:6142\n    at L2 (c:\\Users\\lukas\\.vscode\\extensions\\uqbar.wollok-lsp-ide-0.5.4\\out\\server\\src\\server.js:2389:42)\n    at Jh (c:\\Users\\lukas\\.vscode\\extensions\\uqbar.wollok-lsp-ide-0.5.4\\out\\server\\src\\server.js:2389:1092)\n    at L2 (c:\\Users\\lukas\\.vscode\\extensions\\uqbar.wollok-lsp-ide-0.5.4\\out\\server\\src\\server.js:2389:544)\n    at Jh (c:\\Users\\lukas\\.vscode\\extensions\\uqbar.wollok-lsp-ide-0.5.4\\out\\server\\src\\server.js:2389:1092)\n    at L2 (c:\\Users\\lukas\\.vscode\\extensions\\uqbar.wollok-lsp-ide-0.5.4\\out\\server\\src\\server.js:2389:544)\n    at Jh (c:\\Users\\lukas\\.vscode\\extensions\\uqbar.wollok-lsp-ide-0.5.4\\out\\server\\src\\server.js:2389:1092)\n    at M5n (c:\\Users\\lukas\\.vscode\\extensions\\uqbar.wollok-lsp-ide-0.5.4\\out\\server\\src\\server.js:2389:1248)\n    at c:\\Users\\lukas\\.vscode\\extensions\\uqbar.wollok-lsp-ide-0.5.4\\out\\server\\src\\server.js:38:6131\n    at L2 (c:\\Users\\lukas\\.vscode\\extensions\\uqbar.wollok-lsp-ide-0.5.4\\out\\server\\src\\server.js:2389:42)","timestamp":"2026-08-14T13:28:12.215Z"}
{"level":"info","message":"⌛ Autocomplete - Reference","timeElapsed":544,"timestamp":"2026-08-14T13:28:12.219Z"}
{"level":"info","message":"⌛ Building environment","timeElapsed":738,"timestamp":"2026-08-14T13:28:12.959Z"}
{"level":"error","message":"✘ Completions for node Send ([69:30, 69:41] - pepita.wlk) failed: Error: [Send]{394c9a} at pepita.wlk:69 exhausted all cases without a match [Send]{394c9a} at pepita.wlk:69 exhausted all cases without a match","stack":"Error: [Send]{394c9a} at pepita.wlk:69 exhausted all cases without a match\n    at c:\\Users\\lukas\\.vscode\\extensions\\uqbar.wollok-lsp-ide-0.5.4\\out\\server\\src\\server.js:38:6142\n    at L2 (c:\\Users\\lukas\\.vscode\\extensions\\uqbar.wollok-lsp-ide-0.5.4\\out\\server\\src\\server.js:2389:42)\n    at Jh (c:\\Users\\lukas\\.vscode\\extensions\\uqbar.wollok-lsp-ide-0.5.4\\out\\server\\src\\server.js:2389:1092)\n    at M5n (c:\\Users\\lukas\\.vscode\\extensions\\uqbar.wollok-lsp-ide-0.5.4\\out\\server\\src\\server.js:2389:1248)\n    at c:\\Users\\lukas\\.vscode\\extensions\\uqbar.wollok-lsp-ide-0.5.4\\out\\server\\src\\server.js:38:6131\n    at L2 (c:\\Users\\lukas\\.vscode\\extensions\\uqbar.wollok-lsp-ide-0.5.4\\out\\server\\src\\server.js:2389:42)\n    at c:\\Users\\lukas\\.vscode\\extensions\\uqbar.wollok-lsp-ide-0.5.4\\out\\server\\src\\server.js:2389:2988\n    at c:\\Users\\lukas\\.vscode\\extensions\\uqbar.wollok-lsp-ide-0.5.4\\out\\server\\src\\server.js:2398:8440\n    at c:\\Users\\lukas\\.vscode\\extensions\\uqbar.wollok-lsp-ide-0.5.4\\out\\server\\src\\server.js:37:74872\n    at Ke (c:\\Users\\lukas\\.vscode\\extensions\\uqbar.wollok-lsp-ide-0.5.4\\out\\server\\src\\server.js:7:8527)","timestamp":"2026-08-14T13:28:13.126Z"}
{"level":"error","message":"✘ Completions for node Send ([69:15, 69:41] - pepita.wlk) failed: Error: [Send]{4081d2} at pepita.wlk:69 exhausted all cases without a match [Send]{4081d2} at pepita.wlk:69 exhausted all cases without a match","stack":"Error: [Send]{4081d2} at pepita.wlk:69 exhausted all cases without a match\n    at c:\\Users\\lukas\\.vscode\\extensions\\uqbar.wollok-lsp-ide-0.5.4\\out\\server\\src\\server.js:38:6142\n    at L2 (c:\\Users\\lukas\\.vscode\\extensions\\uqbar.wollok-lsp-ide-0.5.4\\out\\server\\src\\server.js:2389:42)\n    at Jh (c:\\Users\\lukas\\.vscode\\extensions\\uqbar.wollok-lsp-ide-0.5.4\\out\\server\\src\\server.js:2389:1092)\n    at L2 (c:\\Users\\lukas\\.vscode\\extensions\\uqbar.wollok-lsp-ide-0.5.4\\out\\server\\src\\server.js:2389:544)\n    at Jh (c:\\Users\\lukas\\.vscode\\extensions\\uqbar.wollok-lsp-ide-0.5.4\\out\\server\\src\\server.js:2389:1092)\n    at M5n (c:\\Users\\lukas\\.vscode\\extensions\\uqbar.wollok-lsp-ide-0.5.4\\out\\server\\src\\server.js:2389:1248)\n    at c:\\Users\\lukas\\.vscode\\extensions\\uqbar.wollok-lsp-ide-0.5.4\\out\\server\\src\\server.js:38:6131\n    at L2 (c:\\Users\\lukas\\.vscode\\extensions\\uqbar.wollok-lsp-ide-0.5.4\\out\\server\\src\\server.js:2389:42)\n    at c:\\Users\\lukas\\.vscode\\extensions\\uqbar.wollok-lsp-ide-0.5.4\\out\\server\\src\\server.js:2389:2988\n    at c:\\Users\\lukas\\.vscode\\extensions\\uqbar.wollok-lsp-ide-0.5.4\\out\\server\\src\\server.js:2398:8440","timestamp":"2026-08-14T13:28:13.127Z"}
{"level":"error","message":"✘ Completions for node Assignment ([69:5, 69:41] - pepita.wlk) failed: Error: [Assignment]{fa4273} at pepita.wlk:69 exhausted all cases without a match [Assignment]{fa4273} at pepita.wlk:69 exhausted all cases without a match","stack":"Error: [Assignment]{fa4273} at pepita.wlk:69 exhausted all cases without a match\n    at c:\\Users\\lukas\\.vscode\\extensions\\uqbar.wollok-lsp-ide-0.5.4\\out\\server\\src\\server.js:38:6142\n    at L2 (c:\\Users\\lukas\\.vscode\\extensions\\uqbar.wollok-lsp-ide-0.5.4\\out\\server\\src\\server.js:2389:42)\n    at Jh (c:\\Users\\lukas\\.vscode\\extensions\\uqbar.wollok-lsp-ide-0.5.4\\out\\server\\src\\server.js:2389:1092)\n    at L2 (c:\\Users\\lukas\\.vscode\\extensions\\uqbar.wollok-lsp-ide-0.5.4\\out\\server\\src\\server.js:2389:544)\n    at Jh (c:\\Users\\lukas\\.vscode\\extensions\\uqbar.wollok-lsp-ide-0.5.4\\out\\server\\src\\server.js:2389:1092)\n    at L2 (c:\\Users\\lukas\\.vscode\\extensions\\uqbar.wollok-lsp-ide-0.5.4\\out\\server\\src\\server.js:2389:544)\n    at Jh (c:\\Users\\lukas\\.vscode\\extensions\\uqbar.wollok-lsp-ide-0.5.4\\out\\server\\src\\server.js:2389:1092)\n    at M5n (c:\\Users\\lukas\\.vscode\\extensions\\uqbar.wollok-lsp-ide-0.5.4\\out\\server\\src\\server.js:2389:1248)\n    at c:\\Users\\lukas\\.vscode\\extensions\\uqbar.wollok-lsp-ide-0.5.4\\out\\server\\src\\server.js:38:6131\n    at L2 (c:\\Users\\lukas\\.vscode\\extensions\\uqbar.wollok-lsp-ide-0.5.4\\out\\server\\src\\server.js:2389:42)","timestamp":"2026-08-14T13:28:13.128Z"}
{"level":"info","message":"⌛ Autocomplete - Reference","timeElapsed":150,"timestamp":"2026-08-14T13:28:13.137Z"}
{"level":"info","message":"⌛ Building environment","timeElapsed":385,"timestamp":"2026-08-14T13:28:13.581Z"}
{"level":"error","message":"✘ Completions for node Send ([69:30, 69:40] - pepita.wlk) failed: Error: [Send]{adaaf7} at pepita.wlk:69 exhausted all cases without a match [Send]{adaaf7} at pepita.wlk:69 exhausted all cases without a match","stack":"Error: [Send]{adaaf7} at pepita.wlk:69 exhausted all cases without a match\n    at c:\\Users\\lukas\\.vscode\\extensions\\uqbar.wollok-lsp-ide-0.5.4\\out\\server\\src\\server.js:38:6142\n    at L2 (c:\\Users\\lukas\\.vscode\\extensions\\uqbar.wollok-lsp-ide-0.5.4\\out\\server\\src\\server.js:2389:42)\n    at Jh (c:\\Users\\lukas\\.vscode\\extensions\\uqbar.wollok-lsp-ide-0.5.4\\out\\server\\src\\server.js:2389:1092)\n    at M5n (c:\\Users\\lukas\\.vscode\\extensions\\uqbar.wollok-lsp-ide-0.5.4\\out\\server\\src\\server.js:2389:1248)\n    at c:\\Users\\lukas\\.vscode\\extensions\\uqbar.wollok-lsp-ide-0.5.4\\out\\server\\src\\server.js:38:6131\n    at L2 (c:\\Users\\lukas\\.vscode\\extensions\\uqbar.wollok-lsp-ide-0.5.4\\out\\server\\src\\server.js:2389:42)\n    at c:\\Users\\lukas\\.vscode\\extensions\\uqbar.wollok-lsp-ide-0.5.4\\out\\server\\src\\server.js:2389:2988\n    at c:\\Users\\lukas\\.vscode\\extensions\\uqbar.wollok-lsp-ide-0.5.4\\out\\server\\src\\server.js:2398:8440\n    at c:\\Users\\lukas\\.vscode\\extensions\\uqbar.wollok-lsp-ide-0.5.4\\out\\server\\src\\server.js:37:74872\n    at Ke (c:\\Users\\lukas\\.vscode\\extensions\\uqbar.wollok-lsp-ide-0.5.4\\out\\server\\src\\server.js:7:8527)","timestamp":"2026-08-14T13:28:13.671Z"}
{"level":"error","message":"✘ Completions for node Send ([69:15, 69:40] - pepita.wlk) failed: Error: [Send]{7e560e} at pepita.wlk:69 exhausted all cases without a match [Send]{7e560e} at pepita.wlk:69 exhausted all cases without a match","stack":"Error: [Send]{7e560e} at pepita.wlk:69 exhausted all cases without a match\n    at c:\\Users\\lukas\\.vscode\\extensions\\uqbar.wollok-lsp-ide-0.5.4\\out\\server\\src\\server.js:38:6142\n    at L2 (c:\\Users\\lukas\\.vscode\\extensions\\uqbar.wollok-lsp-ide-0.5.4\\out\\server\\src\\server.js:2389:42)\n    at Jh (c:\\Users\\lukas\\.vscode\\extensions\\uqbar.wollok-lsp-ide-0.5.4\\out\\server\\src\\server.js:2389:1092)\n    at L2 (c:\\Users\\lukas\\.vscode\\extensions\\uqbar.wollok-lsp-ide-0.5.4\\out\\server\\src\\server.js:2389:544)\n    at Jh (c:\\Users\\lukas\\.vscode\\extensions\\uqbar.wollok-lsp-ide-0.5.4\\out\\server\\src\\server.js:2389:1092)\n    at M5n (c:\\Users\\lukas\\.vscode\\extensions\\uqbar.wollok-lsp-ide-0.5.4\\out\\server\\src\\server.js:2389:1248)\n    at c:\\Users\\lukas\\.vscode\\extensions\\uqbar.wollok-lsp-ide-0.5.4\\out\\server\\src\\server.js:38:6131\n    at L2 (c:\\Users\\lukas\\.vscode\\extensions\\uqbar.wollok-lsp-ide-0.5.4\\out\\server\\src\\server.js:2389:42)\n    at c:\\Users\\lukas\\.vscode\\extensions\\uqbar.wollok-lsp-ide-0.5.4\\out\\server\\src\\server.js:2389:2988\n    at c:\\Users\\lukas\\.vscode\\extensions\\uqbar.wollok-lsp-ide-0.5.4\\out\\server\\src\\server.js:2398:8440","timestamp":"2026-08-14T13:28:13.672Z"}
{"level":"error","message":"✘ Completions for node Assignment ([69:5, 69:40] - pepita.wlk) failed: Error: [Assignment]{d34184} at pepita.wlk:69 exhausted all cases without a match [Assignment]{d34184} at pepita.wlk:69 exhausted all cases without a match","stack":"Error: [Assignment]{d34184} at pepita.wlk:69 exhausted all cases without a match\n    at c:\\Users\\lukas\\.vscode\\extensions\\uqbar.wollok-lsp-ide-0.5.4\\out\\server\\src\\server.js:38:6142\n    at L2 (c:\\Users\\lukas\\.vscode\\extensions\\uqbar.wollok-lsp-ide-0.5.4\\out\\server\\src\\server.js:2389:42)\n    at Jh (c:\\Users\\lukas\\.vscode\\extensions\\uqbar.wollok-lsp-ide-0.5.4\\out\\server\\src\\server.js:2389:1092)\n    at L2 (c:\\Users\\lukas\\.vscode\\extensions\\uqbar.wollok-lsp-ide-0.5.4\\out\\server\\src\\server.js:2389:544)\n    at Jh (c:\\Users\\lukas\\.vscode\\extensions\\uqbar.wollok-lsp-ide-0.5.4\\out\\server\\src\\server.js:2389:1092)\n    at L2 (c:\\Users\\lukas\\.vscode\\extensions\\uqbar.wollok-lsp-ide-0.5.4\\out\\server\\src\\server.js:2389:544)\n    at Jh (c:\\Users\\lukas\\.vscode\\extensions\\uqbar.wollok-lsp-ide-0.5.4\\out\\server\\src\\server.js:2389:1092)\n    at M5n (c:\\Users\\lukas\\.vscode\\extensions\\uqbar.wollok-lsp-ide-0.5.4\\out\\server\\src\\server.js:2389:1248)\n    at c:\\Users\\lukas\\.vscode\\extensions\\uqbar.wollok-lsp-ide-0.5.4\\out\\server\\src\\server.js:38:6131\n    at L2 (c:\\Users\\lukas\\.vscode\\extensions\\uqbar.wollok-lsp-ide-0.5.4\\out\\server\\src\\server.js:2389:42)","timestamp":"2026-08-14T13:28:13.672Z"}
{"level":"info","message":"⌛ Building environment","timeElapsed":282,"timestamp":"2026-08-14T13:28:14.009Z"}
{"level":"error","message":"✘ Completions for node Send ([69:30, 69:39] - pepita.wlk) failed: Error: [Send]{9d91b9} at pepita.wlk:69 exhausted all cases without a match [Send]{9d91b9} at pepita.wlk:69 exhausted all cases without a match","stack":"Error: [Send]{9d91b9} at pepita.wlk:69 exhausted all cases without a match\n    at c:\\Users\\lukas\\.vscode\\extensions\\uqbar.wollok-lsp-ide-0.5.4\\out\\server\\src\\server.js:38:6142\n    at L2 (c:\\Users\\lukas\\.vscode\\extensions\\uqbar.wollok-lsp-ide-0.5.4\\out\\server\\src\\server.js:2389:42)\n    at Jh (c:\\Users\\lukas\\.vscode\\extensions\\uqbar.wollok-lsp-ide-0.5.4\\out\\server\\src\\server.js:2389:1092)\n    at M5n (c:\\Users\\lukas\\.vscode\\extensions\\uqbar.wollok-lsp-ide-0.5.4\\out\\server\\src\\server.js:2389:1248)\n    at c:\\Users\\lukas\\.vscode\\extensions\\uqbar.wollok-lsp-ide-0.5.4\\out\\server\\src\\server.js:38:6131\n    at L2 (c:\\Users\\lukas\\.vscode\\extensions\\uqbar.wollok-lsp-ide-0.5.4\\out\\server\\src\\server.js:2389:42)\n    at c:\\Users\\lukas\\.vscode\\extensions\\uqbar.wollok-lsp-ide-0.5.4\\out\\server\\src\\server.js:2389:2988\n    at c:\\Users\\lukas\\.vscode\\extensions\\uqbar.wollok-lsp-ide-0.5.4\\out\\server\\src\\server.js:2398:8440\n    at c:\\Users\\lukas\\.vscode\\extensions\\uqbar.wollok-lsp-ide-0.5.4\\out\\server\\src\\server.js:37:74872\n    at Ke (c:\\Users\\lukas\\.vscode\\extensions\\uqbar.wollok-lsp-ide-0.5.4\\out\\server\\src\\server.js:7:8527)","timestamp":"2026-08-14T13:28:14.099Z"}
{"level":"error","message":"✘ Completions for node Send ([69:15, 69:39] - pepita.wlk) failed: Error: [Send]{07fd7b} at pepita.wlk:69 exhausted all cases without a match [Send]{07fd7b} at pepita.wlk:69 exhausted all cases without a match","stack":"Error: [Send]{07fd7b} at pepita.wlk:69 exhausted all cases without a match\n    at c:\\Users\\lukas\\.vscode\\extensions\\uqbar.wollok-lsp-ide-0.5.4\\out\\server\\src\\server.js:38:6142\n    at L2 (c:\\Users\\lukas\\.vscode\\extensions\\uqbar.wollok-lsp-ide-0.5.4\\out\\server\\src\\server.js:2389:42)\n    at Jh (c:\\Users\\lukas\\.vscode\\extensions\\uqbar.wollok-lsp-ide-0.5.4\\out\\server\\src\\server.js:2389:1092)\n    at L2 (c:\\Users\\lukas\\.vscode\\extensions\\uqbar.wollok-lsp-ide-0.5.4\\out\\server\\src\\server.js:2389:544)\n    at Jh (c:\\Users\\lukas\\.vscode\\extensions\\uqbar.wollok-lsp-ide-0.5.4\\out\\server\\src\\server.js:2389:1092)\n    at M5n (c:\\Users\\lukas\\.vscode\\extensions\\uqbar.wollok-lsp-ide-0.5.4\\out\\server\\src\\server.js:2389:1248)\n    at c:\\Users\\lukas\\.vscode\\extensions\\uqbar.wollok-lsp-ide-0.5.4\\out\\server\\src\\server.js:38:6131\n    at L2 (c:\\Users\\lukas\\.vscode\\extensions\\uqbar.wollok-lsp-ide-0.5.4\\out\\server\\src\\server.js:2389:42)\n    at c:\\Users\\lukas\\.vscode\\extensions\\uqbar.wollok-lsp-ide-0.5.4\\out\\server\\src\\server.js:2389:2988\n    at c:\\Users\\lukas\\.vscode\\extensions\\uqbar.wollok-lsp-ide-0.5.4\\out\\server\\src\\server.js:2398:8440","timestamp":"2026-08-14T13:28:14.100Z"}
{"level":"error","message":"✘ Completions for node Assignment ([69:5, 69:39] - pepita.wlk) failed: Error: [Assignment]{13c40d} at pepita.wlk:69 exhausted all cases without a match [Assignment]{13c40d} at pepita.wlk:69 exhausted all cases without a match","stack":"Error: [Assignment]{13c40d} at pepita.wlk:69 exhausted all cases without a match\n    at c:\\Users\\lukas\\.vscode\\extensions\\uqbar.wollok-lsp-ide-0.5.4\\out\\server\\src\\server.js:38:6142\n    at L2 (c:\\Users\\lukas\\.vscode\\extensions\\uqbar.wollok-lsp-ide-0.5.4\\out\\server\\src\\server.js:2389:42)\n    at Jh (c:\\Users\\lukas\\.vscode\\extensions\\uqbar.wollok-lsp-ide-0.5.4\\out\\server\\src\\server.js:2389:1092)\n    at L2 (c:\\Users\\lukas\\.vscode\\extensions\\uqbar.wollok-lsp-ide-0.5.4\\out\\server\\src\\server.js:2389:544)\n    at Jh (c:\\Users\\lukas\\.vscode\\extensions\\uqbar.wollok-lsp-ide-0.5.4\\out\\server\\src\\server.js:2389:1092)\n    at L2 (c:\\Users\\lukas\\.vscode\\extensions\\uqbar.wollok-lsp-ide-0.5.4\\out\\server\\src\\server.js:2389:544)\n    at Jh (c:\\Users\\lukas\\.vscode\\extensions\\uqbar.wollok-lsp-ide-0.5.4\\out\\server\\src\\server.js:2389:1092)\n    at M5n (c:\\Users\\lukas\\.vscode\\extensions\\uqbar.wollok-lsp-ide-0.5.4\\out\\server\\src\\server.js:2389:1248)\n    at c:\\Users\\lukas\\.vscode\\extensions\\uqbar.wollok-lsp-ide-0.5.4\\out\\server\\src\\server.js:38:6131\n    at L2 (c:\\Users\\lukas\\.vscode\\extensions\\uqbar.wollok-lsp-ide-0.5.4\\out\\server\\src\\server.js:2389:42)","timestamp":"2026-08-14T13:28:14.100Z"}
{"level":"info","message":"⌛ Building environment","timeElapsed":326,"timestamp":"2026-08-14T13:28:14.493Z"}
{"level":"error","message":"✘ Completions for node Send ([69:30, 69:38] - pepita.wlk) failed: Error: [Send]{e0d1dc} at pepita.wlk:69 exhausted all cases without a match [Send]{e0d1dc} at pepita.wlk:69 exhausted all cases without a match","stack":"Error: [Send]{e0d1dc} at pepita.wlk:69 exhausted all cases without a match\n    at c:\\Users\\lukas\\.vscode\\extensions\\uqbar.wollok-lsp-ide-0.5.4\\out\\server\\src\\server.js:38:6142\n    at L2 (c:\\Users\\lukas\\.vscode\\extensions\\uqbar.wollok-lsp-ide-0.5.4\\out\\server\\src\\server.js:2389:42)\n    at Jh (c:\\Users\\lukas\\.vscode\\extensions\\uqbar.wollok-lsp-ide-0.5.4\\out\\server\\src\\server.js:2389:1092)\n    at M5n (c:\\Users\\lukas\\.vscode\\extensions\\uqbar.wollok-lsp-ide-0.5.4\\out\\server\\src\\server.js:2389:1248)\n    at c:\\Users\\lukas\\.vscode\\extensions\\uqbar.wollok-lsp-ide-0.5.4\\out\\server\\src\\server.js:38:6131\n    at L2 (c:\\Users\\lukas\\.vscode\\extensions\\uqbar.wollok-lsp-ide-0.5.4\\out\\server\\src\\server.js:2389:42)\n    at c:\\Users\\lukas\\.vscode\\extensions\\uqbar.wollok-lsp-ide-0.5.4\\out\\server\\src\\server.js:2389:2988\n    at c:\\Users\\lukas\\.vscode\\extensions\\uqbar.wollok-lsp-ide-0.5.4\\out\\server\\src\\server.js:2398:8440\n    at c:\\Users\\lukas\\.vscode\\extensions\\uqbar.wollok-lsp-ide-0.5.4\\out\\server\\src\\server.js:37:74872\n    at Ke (c:\\Users\\lukas\\.vscode\\extensions\\uqbar.wollok-lsp-ide-0.5.4\\out\\server\\src\\server.js:7:8527)","timestamp":"2026-08-14T13:28:14.793Z"}
{"level":"error","message":"✘ Completions for node Send ([69:15, 69:38] - pepita.wlk) failed: Error: [Send]{3cb9fc} at pepita.wlk:69 exhausted all cases without a match [Send]{3cb9fc} at pepita.wlk:69 exhausted all cases without a match","stack":"Error: [Send]{3cb9fc} at pepita.wlk:69 exhausted all cases without a match\n    at c:\\Users\\lukas\\.vscode\\extensions\\uqbar.wollok-lsp-ide-0.5.4\\out\\server\\src\\server.js:38:6142\n    at L2 (c:\\Users\\lukas\\.vscode\\extensions\\uqbar.wollok-lsp-ide-0.5.4\\out\\server\\src\\server.js:2389:42)\n    at Jh (c:\\Users\\lukas\\.vscode\\extensions\\uqbar.wollok-lsp-ide-0.5.4\\out\\server\\src\\server.js:2389:1092)\n    at L2 (c:\\Users\\lukas\\.vscode\\extensions\\uqbar.wollok-lsp-ide-0.5.4\\out\\server\\src\\server.js:2389:544)\n    at Jh (c:\\Users\\lukas\\.vscode\\extensions\\uqbar.wollok-lsp-ide-0.5.4\\out\\server\\src\\server.js:2389:1092)\n    at M5n (c:\\Users\\lukas\\.vscode\\extensions\\uqbar.wollok-lsp-ide-0.5.4\\out\\server\\src\\server.js:2389:1248)\n    at c:\\Users\\lukas\\.vscode\\extensions\\uqbar.wollok-lsp-ide-0.5.4\\out\\server\\src\\server.js:38:6131\n    at L2 (c:\\Users\\lukas\\.vscode\\extensions\\uqbar.wollok-lsp-ide-0.5.4\\out\\server\\src\\server.js:2389:42)\n    at c:\\Users\\lukas\\.vscode\\extensions\\uqbar.wollok-lsp-ide-0.5.4\\out\\server\\src\\server.js:2389:2988\n    at c:\\Users\\lukas\\.vscode\\extensions\\uqbar.wollok-lsp-ide-0.5.4\\out\\server\\src\\server.js:2398:8440","timestamp":"2026-08-14T13:28:14.793Z"}
{"level":"error","message":"✘ Completions for node Assignment ([69:5, 69:38] - pepita.wlk) failed: Error: [Assignment]{b31c94} at pepita.wlk:69 exhausted all cases without a match [Assignment]{b31c94} at pepita.wlk:69 exhausted all cases without a match","stack":"Error: [Assignment]{b31c94} at pepita.wlk:69 exhausted all cases without a match\n    at c:\\Users\\lukas\\.vscode\\extensions\\uqbar.wollok-lsp-ide-0.5.4\\out\\server\\src\\server.js:38:6142\n    at L2 (c:\\Users\\lukas\\.vscode\\extensions\\uqbar.wollok-lsp-ide-0.5.4\\out\\server\\src\\server.js:2389:42)\n    at Jh (c:\\Users\\lukas\\.vscode\\extensions\\uqbar.wollok-lsp-ide-0.5.4\\out\\server\\src\\server.js:2389:1092)\n    at L2 (c:\\Users\\lukas\\.vscode\\extensions\\uqbar.wollok-lsp-ide-0.5.4\\out\\server\\src\\server.js:2389:544)\n    at Jh (c:\\Users\\lukas\\.vscode\\extensions\\uqbar.wollok-lsp-ide-0.5.4\\out\\server\\src\\server.js:2389:1092)\n    at L2 (c:\\Users\\lukas\\.vscode\\extensions\\uqbar.wollok-lsp-ide-0.5.4\\out\\server\\src\\server.js:2389:544)\n    at Jh (c:\\Users\\lukas\\.vscode\\extensions\\uqbar.wollok-lsp-ide-0.5.4\\out\\server\\src\\server.js:2389:1092)\n    at M5n (c:\\Users\\lukas\\.vscode\\extensions\\uqbar.wollok-lsp-ide-0.5.4\\out\\server\\src\\server.js:2389:1248)\n    at c:\\Users\\lukas\\.vscode\\extensions\\uqbar.wollok-lsp-ide-0.5.4\\out\\server\\src\\server.js:38:6131\n    at L2 (c:\\Users\\lukas\\.vscode\\extensions\\uqbar.wollok-lsp-ide-0.5.4\\out\\server\\src\\server.js:2389:42)","timestamp":"2026-08-14T13:28:14.793Z"}
{"level":"info","message":"⌛ Autocomplete - Reference","timeElapsed":238,"timestamp":"2026-08-14T13:28:14.801Z"}
{"level":"info","message":"⌛ Building environment","timeElapsed":762,"timestamp":"2026-08-14T13:28:16.016Z"}
{"level":"error","message":"✘ Completions for node Send ([69:30, 69:37] - pepita.wlk) failed: Error: [Send]{8bfd25} at pepita.wlk:69 exhausted all cases without a match [Send]{8bfd25} at pepita.wlk:69 exhausted all cases without a match","stack":"Error: [Send]{8bfd25} at pepita.wlk:69 exhausted all cases without a match\n    at c:\\Users\\lukas\\.vscode\\extensions\\uqbar.wollok-lsp-ide-0.5.4\\out\\server\\src\\server.js:38:6142\n    at L2 (c:\\Users\\lukas\\.vscode\\extensions\\uqbar.wollok-lsp-ide-0.5.4\\out\\server\\src\\server.js:2389:42)\n    at Jh (c:\\Users\\lukas\\.vscode\\extensions\\uqbar.wollok-lsp-ide-0.5.4\\out\\server\\src\\server.js:2389:1092)\n    at M5n (c:\\Users\\lukas\\.vscode\\extensions\\uqbar.wollok-lsp-ide-0.5.4\\out\\server\\src\\server.js:2389:1248)\n    at c:\\Users\\lukas\\.vscode\\extensions\\uqbar.wollok-lsp-ide-0.5.4\\out\\server\\src\\server.js:38:6131\n    at L2 (c:\\Users\\lukas\\.vscode\\extensions\\uqbar.wollok-lsp-ide-0.5.4\\out\\server\\src\\server.js:2389:42)\n    at c:\\Users\\lukas\\.vscode\\extensions\\uqbar.wollok-lsp-ide-0.5.4\\out\\server\\src\\server.js:2389:2988\n    at c:\\Users\\lukas\\.vscode\\extensions\\uqbar.wollok-lsp-ide-0.5.4\\out\\server\\src\\server.js:2398:8440\n    at c:\\Users\\lukas\\.vscode\\extensions\\uqbar.wollok-lsp-ide-0.5.4\\out\\server\\src\\server.js:37:74872\n    at Ke (c:\\Users\\lukas\\.vscode\\extensions\\uqbar.wollok-lsp-ide-0.5.4\\out\\server\\src\\server.js:7:8527)","timestamp":"2026-08-14T13:28:16.094Z"}
{"level":"error","message":"✘ Completions for node Send ([69:15, 69:37] - pepita.wlk) failed: Error: [Send]{e302f3} at pepita.wlk:69 exhausted all cases without a match [Send]{e302f3} at pepita.wlk:69 exhausted all cases without a match","stack":"Error: [Send]{e302f3} at pepita.wlk:69 exhausted all cases without a match\n    at c:\\Users\\lukas\\.vscode\\extensions\\uqbar.wollok-lsp-ide-0.5.4\\out\\server\\src\\server.js:38:6142\n    at L2 (c:\\Users\\lukas\\.vscode\\extensions\\uqbar.wollok-lsp-ide-0.5.4\\out\\server\\src\\server.js:2389:42)\n    at Jh (c:\\Users\\lukas\\.vscode\\extensions\\uqbar.wollok-lsp-ide-0.5.4\\out\\server\\src\\server.js:2389:1092)\n    at L2 (c:\\Users\\lukas\\.vscode\\extensions\\uqbar.wollok-lsp-ide-0.5.4\\out\\server\\src\\server.js:2389:544)\n    at Jh (c:\\Users\\lukas\\.vscode\\extensions\\uqbar.wollok-lsp-ide-0.5.4\\out\\server\\src\\server.js:2389:1092)\n    at M5n (c:\\Users\\lukas\\.vscode\\extensions\\uqbar.wollok-lsp-ide-0.5.4\\out\\server\\src\\server.js:2389:1248)\n    at c:\\Users\\lukas\\.vscode\\extensions\\uqbar.wollok-lsp-ide-0.5.4\\out\\server\\src\\server.js:38:6131\n    at L2 (c:\\Users\\lukas\\.vscode\\extensions\\uqbar.wollok-lsp-ide-0.5.4\\out\\server\\src\\server.js:2389:42)\n    at c:\\Users\\lukas\\.vscode\\extensions\\uqbar.wollok-lsp-ide-0.5.4\\out\\server\\src\\server.js:2389:2988\n    at c:\\Users\\lukas\\.vscode\\extensions\\uqbar.wollok-lsp-ide-0.5.4\\out\\server\\src\\server.js:2398:8440","timestamp":"2026-08-14T13:28:16.096Z"}
{"level":"error","message":"✘ Completions for node Assignment ([69:5, 69:37] - pepita.wlk) failed: Error: [Assignment]{939d84} at pepita.wlk:69 exhausted all cases without a match [Assignment]{939d84} at pepita.wlk:69 exhausted all cases without a match","stack":"Error: [Assignment]{939d84} at pepita.wlk:69 exhausted all cases without a match\n    at c:\\Users\\lukas\\.vscode\\extensions\\uqbar.wollok-lsp-ide-0.5.4\\out\\server\\src\\server.js:38:6142\n    at L2 (c:\\Users\\lukas\\.vscode\\extensions\\uqbar.wollok-lsp-ide-0.5.4\\out\\server\\src\\server.js:2389:42)\n    at Jh (c:\\Users\\lukas\\.vscode\\extensions\\uqbar.wollok-lsp-ide-0.5.4\\out\\server\\src\\server.js:2389:1092)\n    at L2 (c:\\Users\\lukas\\.vscode\\extensions\\uqbar.wollok-lsp-ide-0.5.4\\out\\server\\src\\server.js:2389:544)\n    at Jh (c:\\Users\\lukas\\.vscode\\extensions\\uqbar.wollok-lsp-ide-0.5.4\\out\\server\\src\\server.js:2389:1092)\n    at L2 (c:\\Users\\lukas\\.vscode\\extensions\\uqbar.wollok-lsp-ide-0.5.4\\out\\server\\src\\server.js:2389:544)\n    at Jh (c:\\Users\\lukas\\.vscode\\extensions\\uqbar.wollok-lsp-ide-0.5.4\\out\\server\\src\\server.js:2389:1092)\n    at M5n (c:\\Users\\lukas\\.vscode\\extensions\\uqbar.wollok-lsp-ide-0.5.4\\out\\server\\src\\server.js:2389:1248)\n    at c:\\Users\\lukas\\.vscode\\extensions\\uqbar.wollok-lsp-ide-0.5.4\\out\\server\\src\\server.js:38:6131\n    at L2 (c:\\Users\\lukas\\.vscode\\extensions\\uqbar.wollok-lsp-ide-0.5.4\\out\\server\\src\\server.js:2389:42)","timestamp":"2026-08-14T13:28:16.097Z"}
{"level":"info","message":"⌛ Building environment","timeElapsed":183,"timestamp":"2026-08-14T13:28:16.308Z"}
{"level":"error","message":"✘ Completions for node Send ([69:30, 69:36] - pepita.wlk) failed: Error: [Send]{dd3179} at pepita.wlk:69 exhausted all cases without a match [Send]{dd3179} at pepita.wlk:69 exhausted all cases without a match","stack":"Error: [Send]{dd3179} at pepita.wlk:69 exhausted all cases without a match\n    at c:\\Users\\lukas\\.vscode\\extensions\\uqbar.wollok-lsp-ide-0.5.4\\out\\server\\src\\server.js:38:6142\n    at L2 (c:\\Users\\lukas\\.vscode\\extensions\\uqbar.wollok-lsp-ide-0.5.4\\out\\server\\src\\server.js:2389:42)\n    at Jh (c:\\Users\\lukas\\.vscode\\extensions\\uqbar.wollok-lsp-ide-0.5.4\\out\\server\\src\\server.js:2389:1092)\n    at M5n (c:\\Users\\lukas\\.vscode\\extensions\\uqbar.wollok-lsp-ide-0.5.4\\out\\server\\src\\server.js:2389:1248)\n    at c:\\Users\\lukas\\.vscode\\extensions\\uqbar.wollok-lsp-ide-0.5.4\\out\\server\\src\\server.js:38:6131\n    at L2 (c:\\Users\\lukas\\.vscode\\extensions\\uqbar.wollok-lsp-ide-0.5.4\\out\\server\\src\\server.js:2389:42)\n    at c:\\Users\\lukas\\.vscode\\extensions\\uqbar.wollok-lsp-ide-0.5.4\\out\\server\\src\\server.js:2389:2988\n    at c:\\Users\\lukas\\.vscode\\extensions\\uqbar.wollok-lsp-ide-0.5.4\\out\\server\\src\\server.js:2398:8440\n    at c:\\Users\\lukas\\.vscode\\extensions\\uqbar.wollok-lsp-ide-0.5.4\\out\\server\\src\\server.js:37:74872\n    at Ke (c:\\Users\\lukas\\.vscode\\extensions\\uqbar.wollok-lsp-ide-0.5.4\\out\\server\\src\\server.js:7:8527)","timestamp":"2026-08-14T13:28:16.384Z"}
{"level":"error","message":"✘ Completions for node Send ([69:15, 69:36] - pepita.wlk) failed: Error: [Send]{f83ee6} at pepita.wlk:69 exhausted all cases without a match [Send]{f83ee6} at pepita.wlk:69 exhausted all cases without a match","stack":"Error: [Send]{f83ee6} at pepita.wlk:69 exhausted all cases without a match\n    at c:\\Users\\lukas\\.vscode\\extensions\\uqbar.wollok-lsp-ide-0.5.4\\out\\server\\src\\server.js:38:6142\n    at L2 (c:\\Users\\lukas\\.vscode\\extensions\\uqbar.wollok-lsp-ide-0.5.4\\out\\server\\src\\server.js:2389:42)\n    at Jh (c:\\Users\\lukas\\.vscode\\extensions\\uqbar.wollok-lsp-ide-0.5.4\\out\\server\\src\\server.js:2389:1092)\n    at L2 (c:\\Users\\lukas\\.vscode\\extensions\\uqbar.wollok-lsp-ide-0.5.4\\out\\server\\src\\server.js:2389:544)\n    at Jh (c:\\Users\\lukas\\.vscode\\extensions\\uqbar.wollok-lsp-ide-0.5.4\\out\\server\\src\\server.js:2389:1092)\n    at M5n (c:\\Users\\lukas\\.vscode\\extensions\\uqbar.wollok-lsp-ide-0.5.4\\out\\server\\src\\server.js:2389:1248)\n    at c:\\Users\\lukas\\.vscode\\extensions\\uqbar.wollok-lsp-ide-0.5.4\\out\\server\\src\\server.js:38:6131\n    at L2 (c:\\Users\\lukas\\.vscode\\extensions\\uqbar.wollok-lsp-ide-0.5.4\\out\\server\\src\\server.js:2389:42)\n    at c:\\Users\\lukas\\.vscode\\extensions\\uqbar.wollok-lsp-ide-0.5.4\\out\\server\\src\\server.js:2389:2988\n    at c:\\Users\\lukas\\.vscode\\extensions\\uqbar.wollok-lsp-ide-0.5.4\\out\\server\\src\\server.js:2398:8440","timestamp":"2026-08-14T13:28:16.385Z"}
{"level":"error","message":"✘ Completions for node Assignment ([69:5, 69:36] - pepita.wlk) failed: Error: [Assignment]{7e817e} at pepita.wlk:69 exhausted all cases without a match [Assignment]{7e817e} at pepita.wlk:69 exhausted all cases without a match","stack":"Error: [Assignment]{7e817e} at pepita.wlk:69 exhausted all cases without a match\n    at c:\\Users\\lukas\\.vscode\\extensions\\uqbar.wollok-lsp-ide-0.5.4\\out\\server\\src\\server.js:38:6142\n    at L2 (c:\\Users\\lukas\\.vscode\\extensions\\uqbar.wollok-lsp-ide-0.5.4\\out\\server\\src\\server.js:2389:42)\n    at Jh (c:\\Users\\lukas\\.vscode\\extensions\\uqbar.wollok-lsp-ide-0.5.4\\out\\server\\src\\server.js:2389:1092)\n    at L2 (c:\\Users\\lukas\\.vscode\\extensions\\uqbar.wollok-lsp-ide-0.5.4\\out\\server\\src\\server.js:2389:544)\n    at Jh (c:\\Users\\lukas\\.vscode\\extensions\\uqbar.wollok-lsp-ide-0.5.4\\out\\server\\src\\server.js:2389:1092)\n    at L2 (c:\\Users\\lukas\\.vscode\\extensions\\uqbar.wollok-lsp-ide-0.5.4\\out\\server\\src\\server.js:2389:544)\n    at Jh (c:\\Users\\lukas\\.vscode\\extensions\\uqbar.wollok-lsp-ide-0.5.4\\out\\server\\src\\server.js:2389:1092)\n    at M5n (c:\\Users\\lukas\\.vscode\\extensions\\uqbar.wollok-lsp-ide-0.5.4\\out\\server\\src\\server.js:2389:1248)\n    at c:\\Users\\lukas\\.vscode\\extensions\\uqbar.wollok-lsp-ide-0.5.4\\out\\server\\src\\server.js:38:6131\n    at L2 (c:\\Users\\lukas\\.vscode\\extensions\\uqbar.wollok-lsp-ide-0.5.4\\out\\server\\src\\server.js:2389:42)","timestamp":"2026-08-14T13:28:16.386Z"}
{"level":"info","message":"⌛ Building environment","timeElapsed":191,"timestamp":"2026-08-14T13:28:16.599Z"}
{"level":"error","message":"✘ Completions for node Send ([69:30, 69:35] - pepita.wlk) failed: Error: [Send]{9d417e} at pepita.wlk:69 exhausted all cases without a match [Send]{9d417e} at pepita.wlk:69 exhausted all cases without a match","stack":"Error: [Send]{9d417e} at pepita.wlk:69 exhausted all cases without a match\n    at c:\\Users\\lukas\\.vscode\\extensions\\uqbar.wollok-lsp-ide-0.5.4\\out\\server\\src\\server.js:38:6142\n    at L2 (c:\\Users\\lukas\\.vscode\\extensions\\uqbar.wollok-lsp-ide-0.5.4\\out\\server\\src\\server.js:2389:42)\n    at Jh (c:\\Users\\lukas\\.vscode\\extensions\\uqbar.wollok-lsp-ide-0.5.4\\out\\server\\src\\server.js:2389:1092)\n    at M5n (c:\\Users\\lukas\\.vscode\\extensions\\uqbar.wollok-lsp-ide-0.5.4\\out\\server\\src\\server.js:2389:1248)\n    at c:\\Users\\lukas\\.vscode\\extensions\\uqbar.wollok-lsp-ide-0.5.4\\out\\server\\src\\server.js:38:6131\n    at L2 (c:\\Users\\lukas\\.vscode\\extensions\\uqbar.wollok-lsp-ide-0.5.4\\out\\server\\src\\server.js:2389:42)\n    at c:\\Users\\lukas\\.vscode\\extensions\\uqbar.wollok-lsp-ide-0.5.4\\out\\server\\src\\server.js:2389:2988\n    at c:\\Users\\lukas\\.vscode\\extensions\\uqbar.wollok-lsp-ide-0.5.4\\out\\server\\src\\server.js:2398:8440\n    at c:\\Users\\lukas\\.vscode\\extensions\\uqbar.wollok-lsp-ide-0.5.4\\out\\server\\src\\server.js:37:74872\n    at Ke (c:\\Users\\lukas\\.vscode\\extensions\\uqbar.wollok-lsp-ide-0.5.4\\out\\server\\src\\server.js:7:8527)","timestamp":"2026-08-14T13:28:16.672Z"}
{"level":"error","message":"✘ Completions for node Send ([69:15, 69:35] - pepita.wlk) failed: Error: [Send]{0a0cb6} at pepita.wlk:69 exhausted all cases without a match [Send]{0a0cb6} at pepita.wlk:69 exhausted all cases without a match","stack":"Error: [Send]{0a0cb6} at pepita.wlk:69 exhausted all cases without a match\n    at c:\\Users\\lukas\\.vscode\\extensions\\uqbar.wollok-lsp-ide-0.5.4\\out\\server\\src\\server.js:38:6142\n    at L2 (c:\\Users\\lukas\\.vscode\\extensions\\uqbar.wollok-lsp-ide-0.5.4\\out\\server\\src\\server.js:2389:42)\n    at Jh (c:\\Users\\lukas\\.vscode\\extensions\\uqbar.wollok-lsp-ide-0.5.4\\out\\server\\src\\server.js:2389:1092)\n    at L2 (c:\\Users\\lukas\\.vscode\\extensions\\uqbar.wollok-lsp-ide-0.5.4\\out\\server\\src\\server.js:2389:544)\n    at Jh (c:\\Users\\lukas\\.vscode\\extensions\\uqbar.wollok-lsp-ide-0.5.4\\out\\server\\src\\server.js:2389:1092)\n    at M5n (c:\\Users\\lukas\\.vscode\\extensions\\uqbar.wollok-lsp-ide-0.5.4\\out\\server\\src\\server.js:2389:1248)\n    at c:\\Users\\lukas\\.vscode\\extensions\\uqbar.wollok-lsp-ide-0.5.4\\out\\server\\src\\server.js:38:6131\n    at L2 (c:\\Users\\lukas\\.vscode\\extensions\\uqbar.wollok-lsp-ide-0.5.4\\out\\server\\src\\server.js:2389:42)\n    at c:\\Users\\lukas\\.vscode\\extensions\\uqbar.wollok-lsp-ide-0.5.4\\out\\server\\src\\server.js:2389:2988\n    at c:\\Users\\lukas\\.vscode\\extensions\\uqbar.wollok-lsp-ide-0.5.4\\out\\server\\src\\server.js:2398:8440","timestamp":"2026-08-14T13:28:16.673Z"}
{"level":"error","message":"✘ Completions for node Assignment ([69:5, 69:35] - pepita.wlk) failed: Error: [Assignment]{17ea47} at pepita.wlk:69 exhausted all cases without a match [Assignment]{17ea47} at pepita.wlk:69 exhausted all cases without a match","stack":"Error: [Assignment]{17ea47} at pepita.wlk:69 exhausted all cases without a match\n    at c:\\Users\\lukas\\.vscode\\extensions\\uqbar.wollok-lsp-ide-0.5.4\\out\\server\\src\\server.js:38:6142\n    at L2 (c:\\Users\\lukas\\.vscode\\extensions\\uqbar.wollok-lsp-ide-0.5.4\\out\\server\\src\\server.js:2389:42)\n    at Jh (c:\\Users\\lukas\\.vscode\\extensions\\uqbar.wollok-lsp-ide-0.5.4\\out\\server\\src\\server.js:2389:1092)\n    at L2 (c:\\Users\\lukas\\.vscode\\extensions\\uqbar.wollok-lsp-ide-0.5.4\\out\\server\\src\\server.js:2389:544)\n    at Jh (c:\\Users\\lukas\\.vscode\\extensions\\uqbar.wollok-lsp-ide-0.5.4\\out\\server\\src\\server.js:2389:1092)\n    at L2 (c:\\Users\\lukas\\.vscode\\extensions\\uqbar.wollok-lsp-ide-0.5.4\\out\\server\\src\\server.js:2389:544)\n    at Jh (c:\\Users\\lukas\\.vscode\\extensions\\uqbar.wollok-lsp-ide-0.5.4\\out\\server\\src\\server.js:2389:1092)\n    at M5n (c:\\Users\\lukas\\.vscode\\extensions\\uqbar.wollok-lsp-ide-0.5.4\\out\\server\\src\\server.js:2389:1248)\n    at c:\\Users\\lukas\\.vscode\\extensions\\uqbar.wollok-lsp-ide-0.5.4\\out\\server\\src\\server.js:38:6131\n    at L2 (c:\\Users\\lukas\\.vscode\\extensions\\uqbar.wollok-lsp-ide-0.5.4\\out\\server\\src\\server.js:2389:42)","timestamp":"2026-08-14T13:28:16.673Z"}
{"level":"info","message":"⌛ Building environment","timeElapsed":334,"timestamp":"2026-08-14T13:28:17.037Z"}
{"level":"error","message":"✘ Completions for node Send ([69:30, 69:34] - pepita.wlk) failed: Error: [Send]{70901c} at pepita.wlk:69 exhausted all cases without a match [Send]{70901c} at pepita.wlk:69 exhausted all cases without a match","stack":"Error: [Send]{70901c} at pepita.wlk:69 exhausted all cases without a match\n    at c:\\Users\\lukas\\.vscode\\extensions\\uqbar.wollok-lsp-ide-0.5.4\\out\\server\\src\\server.js:38:6142\n    at L2 (c:\\Users\\lukas\\.vscode\\extensions\\uqbar.wollok-lsp-ide-0.5.4\\out\\server\\src\\server.js:2389:42)\n    at Jh (c:\\Users\\lukas\\.vscode\\extensions\\uqbar.wollok-lsp-ide-0.5.4\\out\\server\\src\\server.js:2389:1092)\n    at M5n (c:\\Users\\lukas\\.vscode\\extensions\\uqbar.wollok-lsp-ide-0.5.4\\out\\server\\src\\server.js:2389:1248)\n    at c:\\Users\\lukas\\.vscode\\extensions\\uqbar.wollok-lsp-ide-0.5.4\\out\\server\\src\\server.js:38:6131\n    at L2 (c:\\Users\\lukas\\.vscode\\extensions\\uqbar.wollok-lsp-ide-0.5.4\\out\\server\\src\\server.js:2389:42)\n    at c:\\Users\\lukas\\.vscode\\extensions\\uqbar.wollok-lsp-ide-0.5.4\\out\\server\\src\\server.js:2389:2988\n    at c:\\Users\\lukas\\.vscode\\extensions\\uqbar.wollok-lsp-ide-0.5.4\\out\\server\\src\\server.js:2398:8440\n    at c:\\Users\\lukas\\.vscode\\extensions\\uqbar.wollok-lsp-ide-0.5.4\\out\\server\\src\\server.js:37:74872\n    at Ke (c:\\Users\\lukas\\.vscode\\extensions\\uqbar.wollok-lsp-ide-0.5.4\\out\\server\\src\\server.js:7:8527)","timestamp":"2026-08-14T13:28:17.109Z"}
{"level":"error","message":"✘ Completions for node Send ([69:15, 69:34] - pepita.wlk) failed: Error: [Send]{508bd0} at pepita.wlk:69 exhausted all cases without a match [Send]{508bd0} at pepita.wlk:69 exhausted all cases without a match","stack":"Error: [Send]{508bd0} at pepita.wlk:69 exhausted all cases without a match\n    at c:\\Users\\lukas\\.vscode\\extensions\\uqbar.wollok-lsp-ide-0.5.4\\out\\server\\src\\server.js:38:6142\n    at L2 (c:\\Users\\lukas\\.vscode\\extensions\\uqbar.wollok-lsp-ide-0.5.4\\out\\server\\src\\server.js:2389:42)\n    at Jh (c:\\Users\\lukas\\.vscode\\extensions\\uqbar.wollok-lsp-ide-0.5.4\\out\\server\\src\\server.js:2389:1092)\n    at L2 (c:\\Users\\lukas\\.vscode\\extensions\\uqbar.wollok-lsp-ide-0.5.4\\out\\server\\src\\server.js:2389:544)\n    at Jh (c:\\Users\\lukas\\.vscode\\extensions\\uqbar.wollok-lsp-ide-0.5.4\\out\\server\\src\\server.js:2389:1092)\n    at M5n (c:\\Users\\lukas\\.vscode\\extensions\\uqbar.wollok-lsp-ide-0.5.4\\out\\server\\src\\server.js:2389:1248)\n    at c:\\Users\\lukas\\.vscode\\extensions\\uqbar.wollok-lsp-ide-0.5.4\\out\\server\\src\\server.js:38:6131\n    at L2 (c:\\Users\\lukas\\.vscode\\extensions\\uqbar.wollok-lsp-ide-0.5.4\\out\\server\\src\\server.js:2389:42)\n    at c:\\Users\\lukas\\.vscode\\extensions\\uqbar.wollok-lsp-ide-0.5.4\\out\\server\\src\\server.js:2389:2988\n    at c:\\Users\\lukas\\.vscode\\extensions\\uqbar.wollok-lsp-ide-0.5.4\\out\\server\\src\\server.js:2398:8440","timestamp":"2026-08-14T13:28:17.110Z"}
{"level":"error","message":"✘ Completions for node Assignment ([69:5, 69:34] - pepita.wlk) failed: Error: [Assignment]{ab1e70} at pepita.wlk:69 exhausted all cases without a match [Assignment]{ab1e70} at pepita.wlk:69 exhausted all cases without a match","stack":"Error: [Assignment]{ab1e70} at pepita.wlk:69 exhausted all cases without a match\n    at c:\\Users\\lukas\\.vscode\\extensions\\uqbar.wollok-lsp-ide-0.5.4\\out\\server\\src\\server.js:38:6142\n    at L2 (c:\\Users\\lukas\\.vscode\\extensions\\uqbar.wollok-lsp-ide-0.5.4\\out\\server\\src\\server.js:2389:42)\n    at Jh (c:\\Users\\lukas\\.vscode\\extensions\\uqbar.wollok-lsp-ide-0.5.4\\out\\server\\src\\server.js:2389:1092)\n    at L2 (c:\\Users\\lukas\\.vscode\\extensions\\uqbar.wollok-lsp-ide-0.5.4\\out\\server\\src\\server.js:2389:544)\n    at Jh (c:\\Users\\lukas\\.vscode\\extensions\\uqbar.wollok-lsp-ide-0.5.4\\out\\server\\src\\server.js:2389:1092)\n    at L2 (c:\\Users\\lukas\\.vscode\\extensions\\uqbar.wollok-lsp-ide-0.5.4\\out\\server\\src\\server.js:2389:544)\n    at Jh (c:\\Users\\lukas\\.vscode\\extensions\\uqbar.wollok-lsp-ide-0.5.4\\out\\server\\src\\server.js:2389:1092)\n    at M5n (c:\\Users\\lukas\\.vscode\\extensions\\uqbar.wollok-lsp-ide-0.5.4\\out\\server\\src\\server.js:2389:1248)\n    at c:\\Users\\lukas\\.vscode\\extensions\\uqbar.wollok-lsp-ide-0.5.4\\out\\server\\src\\server.js:38:6131\n    at L2 (c:\\Users\\lukas\\.vscode\\extensions\\uqbar.wollok-lsp-ide-0.5.4\\out\\server\\src\\server.js:2389:42)","timestamp":"2026-08-14T13:28:17.110Z"}
{"level":"info","message":"⌛ Building environment","timeElapsed":189,"timestamp":"2026-08-14T13:28:17.333Z"}
{"level":"info","message":"⌛ Building environment","timeElapsed":165,"timestamp":"2026-08-14T13:28:17.555Z"}
{"level":"info","message":"⌛ Validating pepita.wlk","timeElapsed":268,"timestamp":"2026-08-14T13:28:17.871Z"}
{"level":"info","message":"⌛ Validating pepita.wlk","timeElapsed":332,"timestamp":"2026-08-14T13:28:18.208Z"}
{"level":"info","message":"⌛ Validating pepita.wlk","timeElapsed":324,"timestamp":"2026-08-14T13:28:18.544Z"}
{"level":"info","message":"⌛ Validating pepita.wlk","timeElapsed":475,"timestamp":"2026-08-14T13:28:19.031Z"}
{"level":"info","message":"⌛ Building environment","timeElapsed":337,"timestamp":"2026-08-14T13:28:19.370Z"}
{"level":"info","message":"⌛ Validating pepita.wlk","timeElapsed":359,"timestamp":"2026-08-14T13:28:19.748Z"}
{"level":"info","message":"⌛ Validating pepita.wlk","timeElapsed":251,"timestamp":"2026-08-14T13:28:19.999Z"}
{"level":"info","message":"⌛ Validating pepita.wlk","timeElapsed":634,"timestamp":"2026-08-14T13:28:20.673Z"}
{"level":"info","message":"⌛ Validating pepita.wlk","timeElapsed":359,"timestamp":"2026-08-14T13:28:21.033Z"}
{"level":"info","message":"⌛ Validating pepita.wlk","timeElapsed":337,"timestamp":"2026-08-14T13:28:21.371Z"}
{"level":"info","message":"⌛ Validating pepita.wlk","timeElapsed":1530,"timestamp":"2026-08-14T13:28:22.902Z"}
{"level":"info","message":"⌛ Building environment","timeElapsed":381,"timestamp":"2026-08-14T13:28:23.306Z"}
{"level":"info","message":"⌛ Building environment","timeElapsed":499,"timestamp":"2026-08-14T13:28:23.810Z"}
{"level":"info","message":"⌛ Validating pepita.wlk","timeElapsed":340,"timestamp":"2026-08-14T13:28:24.167Z"}
{"level":"info","message":"⌛ Building environment","timeElapsed":259,"timestamp":"2026-08-14T13:28:24.433Z"}
{"level":"info","message":"⌛ Building environment","timeElapsed":211,"timestamp":"2026-08-14T13:28:24.686Z"}
{"level":"info","message":"⌛ Building environment","timeElapsed":204,"timestamp":"2026-08-14T13:28:24.957Z"}
{"level":"info","message":"⌛ Building environment","timeElapsed":378,"timestamp":"2026-08-14T13:28:25.367Z"}
{"level":"info","message":"⌛ Validating pepita.wlk","timeElapsed":384,"timestamp":"2026-08-14T13:28:25.817Z"}
{"level":"info","message":"⌛ Building environment","timeElapsed":275,"timestamp":"2026-08-14T13:28:26.093Z"}
{"level":"info","message":"⌛ Validating pepita.wlk","timeElapsed":272,"timestamp":"2026-08-14T13:28:26.386Z"}
{"level":"info","message":"⌛ Validating pepita.wlk","timeElapsed":306,"timestamp":"2026-08-14T13:28:26.694Z"}
{"level":"info","message":"⌛ Validating pepita.wlk","timeElapsed":302,"timestamp":"2026-08-14T13:28:27.004Z"}
{"level":"info","message":"⌛ Validating pepita.wlk","timeElapsed":273,"timestamp":"2026-08-14T13:28:27.283Z"}
{"level":"info","message":"⌛ Validating pepita.wlk","timeElapsed":266,"timestamp":"2026-08-14T13:28:27.553Z"}
{"level":"info","message":"⌛ Validating pepita.wlk","timeElapsed":262,"timestamp":"2026-08-14T13:28:27.841Z"}
{"level":"info","message":"⌛ Building environment","timeElapsed":439,"timestamp":"2026-08-14T13:28:45.527Z"}
{"level":"info","message":"⌛ Building environment","timeElapsed":379,"timestamp":"2026-08-14T13:28:45.922Z"}
{"level":"info","message":"⌛ Validating pepita.wlk","timeElapsed":327,"timestamp":"2026-08-14T13:28:46.287Z"}
{"level":"info","message":"⌛ Validating pepita.wlk","timeElapsed":360,"timestamp":"2026-08-14T13:28:46.653Z"}
{"level":"info","message":"⌛ Building environment","timeElapsed":1002,"timestamp":"2026-08-14T13:28:48.748Z"}
{"level":"info","message":"⌛ Validating pepita.wlk","timeElapsed":668,"timestamp":"2026-08-14T13:28:49.643Z"}
{"level":"info","message":"⌛ Building environment","timeElapsed":537,"timestamp":"2026-08-14T13:28:50.183Z"}
{"level":"info","message":"⌛ Building environment","timeElapsed":400,"timestamp":"2026-08-14T13:28:50.636Z"}
{"level":"info","message":"⌛ Validating pepita.wlk","timeElapsed":628,"timestamp":"2026-08-14T13:28:51.309Z"}
{"level":"info","message":"⌛ Validating pepita.wlk","timeElapsed":585,"timestamp":"2026-08-14T13:28:51.941Z"}
{"level":"info","message":"⌛ Building environment","timeElapsed":714,"timestamp":"2026-08-14T13:28:52.664Z"}
{"level":"info","message":"⌛ Building environment","timeElapsed":791,"timestamp":"2026-08-14T13:28:53.496Z"}
{"level":"info","message":"⌛ Validating pepita.wlk","timeElapsed":1362,"timestamp":"2026-08-14T13:28:54.934Z"}
{"level":"info","message":"⌛ Validating pepita.wlk","timeElapsed":428,"timestamp":"2026-08-14T13:28:55.366Z"}
{"level":"info","message":"⌛ Building environment","timeElapsed":431,"timestamp":"2026-08-14T13:28:55.805Z"}
{"level":"info","message":"⌛ Validating pepita.wlk","timeElapsed":599,"timestamp":"2026-08-14T13:28:56.446Z"}
{"level":"info","message":"⌛ Building environment","timeElapsed":620,"timestamp":"2026-08-14T13:29:02.755Z"}
{"level":"info","message":"⌛ Building environment","timeElapsed":602,"timestamp":"2026-08-14T13:29:04.051Z"}
{"level":"info","message":"⌛ Validating pepita.wlk","timeElapsed":602,"timestamp":"2026-08-14T13:29:04.655Z"}
{"level":"info","message":"⌛ Validating pepita.wlk","timeElapsed":478,"timestamp":"2026-08-14T13:29:05.184Z"}
{"level":"info","message":"⌛ Building environment","timeElapsed":525,"timestamp":"2026-08-14T13:29:05.855Z"}
{"level":"info","message":"⌛ Building environment","timeElapsed":451,"timestamp":"2026-08-14T13:29:06.307Z"}
{"level":"info","message":"⌛ Validating pepita.wlk","timeElapsed":774,"timestamp":"2026-08-14T13:29:07.116Z"}
{"level":"info","message":"⌛ Validating pepita.wlk","timeElapsed":1380,"timestamp":"2026-08-14T13:29:08.498Z"}
{"level":"info","message":"⌛ Building environment","timeElapsed":291,"timestamp":"2026-08-14T13:29:08.790Z"}
{"level":"info","message":"⌛ Building environment","timeElapsed":223,"timestamp":"2026-08-14T13:29:09.055Z"}
{"level":"info","message":"⌛ Validating pepita.wlk","timeElapsed":1016,"timestamp":"2026-08-14T13:29:10.104Z"}
{"level":"info","message":"⌛ Validating pepita.wlk","timeElapsed":712,"timestamp":"2026-08-14T13:29:10.824Z"}
{"level":"info","message":"⌛ Building environment","timeElapsed":328,"timestamp":"2026-08-14T13:29:12.914Z"}
{"level":"info","message":"⌛ Validating pepita.wlk","timeElapsed":749,"timestamp":"2026-08-14T13:29:13.686Z"}
{"level":"info","message":"⌛ Building environment","timeElapsed":1020,"timestamp":"2026-08-14T13:29:28.783Z"}
{"level":"error","message":"✘ Failed to rebuild document Failed to parse pepita.wlk: \n-- PARSING FAILED --------------------------------------------------\n\n  72 |     energia = energia + 20\n  73 |  }\n> 74 | }\n     | ^\n  75 | \n\nExpected one of the following: \n\n'@', 'class', 'const', 'describe', 'mixin', 'object', 'only', 'package', 'program', 'test', 'var', '{', EOF, comment, not \"}\r\n\", whitespace\n","stack":"Error: Failed to parse pepita.wlk: \n-- PARSING FAILED --------------------------------------------------\n\n  72 |     energia = energia + 20\n  73 |  }\n> 74 | }\n     | ^\n  75 | \n\nExpected one of the following: \n\n'@', 'class', 'const', 'describe', 'mixin', 'object', 'only', 'package', 'program', 'test', 'var', '{', EOF, comment, not \"}\r\n\", whitespace\n\n    at c:\\Users\\lukas\\.vscode\\extensions\\uqbar.wollok-lsp-ide-0.5.4\\out\\server\\src\\server.js:2353:13026\n    at Array.map (<anonymous>)\n    at U1n (c:\\Users\\lukas\\.vscode\\extensions\\uqbar.wollok-lsp-ide-0.5.4\\out\\server\\src\\server.js:2353:12950)\n    at H2.buildEnvironmentFrom (c:\\Users\\lukas\\.vscode\\extensions\\uqbar.wollok-lsp-ide-0.5.4\\out\\server\\src\\server.js:2398:5254)\n    at H2.updateEnvironmentWith (c:\\Users\\lukas\\.vscode\\extensions\\uqbar.wollok-lsp-ide-0.5.4\\out\\server\\src\\server.js:2398:4989)\n    at GF (c:\\Users\\lukas\\.vscode\\extensions\\uqbar.wollok-lsp-ide-0.5.4\\out\\server\\src\\server.js:2398:7383)\n    at V3.invoke (c:\\Users\\lukas\\.vscode\\extensions\\uqbar.wollok-lsp-ide-0.5.4\\out\\server\\src\\server.js:3:157328)\n    at o.fire (c:\\Users\\lukas\\.vscode\\extensions\\uqbar.wollok-lsp-ide-0.5.4\\out\\server\\src\\server.js:3:158098)\n    at c:\\Users\\lukas\\.vscode\\extensions\\uqbar.wollok-lsp-ide-0.5.4\\out\\server\\src\\server.js:37:57871\n    at nd (c:\\Users\\lukas\\.vscode\\extensions\\uqbar.wollok-lsp-ide-0.5.4\\out\\server\\src\\server.js:8:1561)","timestamp":"2026-08-14T13:29:29.172Z"}
{"level":"info","message":"⌛ Building environment","timeElapsed":658,"timestamp":"2026-08-14T13:29:29.874Z"}
{"level":"info","message":"⌛ Building environment","timeElapsed":562,"timestamp":"2026-08-14T13:29:30.466Z"}
{"level":"info","message":"⌛ Building environment","timeElapsed":295,"timestamp":"2026-08-14T13:29:30.807Z"}
{"level":"info","message":"⌛ Building environment","timeElapsed":390,"timestamp":"2026-08-14T13:29:31.272Z"}
{"level":"info","message":"⌛ Building environment","timeElapsed":382,"timestamp":"2026-08-14T13:29:31.685Z"}
{"level":"info","message":"⌛ Validating pepita.wlk","timeElapsed":829,"timestamp":"2026-08-14T13:29:32.519Z"}
{"level":"info","message":"⌛ Building environment","timeElapsed":445,"timestamp":"2026-08-14T13:29:33.022Z"}
{"level":"info","message":"⌛ Validating pepita.wlk","timeElapsed":436,"timestamp":"2026-08-14T13:29:33.486Z"}
{"level":"info","message":"⌛ Validating pepita.wlk","timeElapsed":354,"timestamp":"2026-08-14T13:29:33.923Z"}
{"level":"info","message":"⌛ Validating pepita.wlk","timeElapsed":442,"timestamp":"2026-08-14T13:29:34.366Z"}
{"level":"info","message":"⌛ Building environment","timeElapsed":280,"timestamp":"2026-08-14T13:29:34.650Z"}
{"level":"info","message":"⌛ Validating pepita.wlk","timeElapsed":286,"timestamp":"2026-08-14T13:29:34.962Z"}
{"level":"info","message":"⌛ Validating pepita.wlk","timeElapsed":298,"timestamp":"2026-08-14T13:29:35.265Z"}
{"level":"info","message":"⌛ Validating pepita.wlk","timeElapsed":274,"timestamp":"2026-08-14T13:29:35.570Z"}
{"level":"info","message":"⌛ Validating pepita.wlk","timeElapsed":292,"timestamp":"2026-08-14T13:29:35.862Z"}
{"level":"info","message":"⌛ Building environment","timeElapsed":481,"timestamp":"2026-08-14T13:29:44.247Z"}
{"level":"info","message":"⌛ Building environment","timeElapsed":658,"timestamp":"2026-08-14T13:29:44.945Z"}
{"level":"info","message":"⌛ Building environment","timeElapsed":427,"timestamp":"2026-08-14T13:29:45.373Z"}
{"level":"info","message":"⌛ Building environment","timeElapsed":373,"timestamp":"2026-08-14T13:29:45.753Z"}
{"level":"info","message":"⌛ Validating pepita.wlk","timeElapsed":347,"timestamp":"2026-08-14T13:29:46.101Z"}
{"level":"info","message":"⌛ Building environment","timeElapsed":197,"timestamp":"2026-08-14T13:29:46.299Z"}
{"level":"info","message":"⌛ Building environment","timeElapsed":212,"timestamp":"2026-08-14T13:29:46.516Z"}
{"level":"info","message":"⌛ Building environment","timeElapsed":342,"timestamp":"2026-08-14T13:29:46.864Z"}
{"level":"info","message":"⌛ Building environment","timeElapsed":1422,"timestamp":"2026-08-14T13:29:48.288Z"}
{"level":"info","message":"⌛ Validating pepita.wlk","timeElapsed":596,"timestamp":"2026-08-14T13:29:48.983Z"}
{"level":"info","message":"⌛ Building environment","timeElapsed":462,"timestamp":"2026-08-14T13:29:49.468Z"}
{"level":"info","message":"⌛ Validating pepita.wlk","timeElapsed":448,"timestamp":"2026-08-14T13:29:49.936Z"}
{"level":"info","message":"⌛ Validating pepita.wlk","timeElapsed":269,"timestamp":"2026-08-14T13:29:50.220Z"}
{"level":"info","message":"⌛ Validating pepita.wlk","timeElapsed":316,"timestamp":"2026-08-14T13:29:50.537Z"}
{"level":"info","message":"⌛ Building environment","timeElapsed":463,"timestamp":"2026-08-14T13:29:51.008Z"}
{"level":"info","message":"⌛ Validating pepita.wlk","timeElapsed":531,"timestamp":"2026-08-14T13:29:51.583Z"}
{"level":"info","message":"⌛ Building environment","timeElapsed":560,"timestamp":"2026-08-14T13:29:52.147Z"}
{"level":"info","message":"⌛ Building environment","timeElapsed":417,"timestamp":"2026-08-14T13:29:52.566Z"}
{"level":"info","message":"⌛ Building environment","timeElapsed":302,"timestamp":"2026-08-14T13:29:52.873Z"}
{"level":"info","message":"⌛ Building environment","timeElapsed":658,"timestamp":"2026-08-14T13:29:53.548Z"}
{"level":"info","message":"⌛ Validating pepita.wlk","timeElapsed":912,"timestamp":"2026-08-14T13:29:54.465Z"}
{"level":"info","message":"⌛ Building environment","timeElapsed":584,"timestamp":"2026-08-14T13:29:55.055Z"}
{"level":"info","message":"⌛ Validating pepita.wlk","timeElapsed":249,"timestamp":"2026-08-14T13:29:55.339Z"}
{"level":"info","message":"⌛ Validating pepita.wlk","timeElapsed":234,"timestamp":"2026-08-14T13:29:55.587Z"}
{"level":"info","message":"⌛ Building environment","timeElapsed":234,"timestamp":"2026-08-14T13:29:55.900Z"}
{"level":"info","message":"⌛ Building environment","timeElapsed":169,"timestamp":"2026-08-14T13:29:56.096Z"}
{"level":"info","message":"⌛ Building environment","timeElapsed":219,"timestamp":"2026-08-14T13:29:56.320Z"}
{"level":"info","message":"⌛ Validating pepita.wlk","timeElapsed":237,"timestamp":"2026-08-14T13:29:56.565Z"}
{"level":"info","message":"⌛ Building environment","timeElapsed":327,"timestamp":"2026-08-14T13:29:56.894Z"}
{"level":"info","message":"⌛ Building environment","timeElapsed":381,"timestamp":"2026-08-14T13:29:57.335Z"}
{"level":"info","message":"⌛ Validating pepita.wlk","timeElapsed":300,"timestamp":"2026-08-14T13:29:57.668Z"}
{"level":"info","message":"⌛ Building environment","timeElapsed":336,"timestamp":"2026-08-14T13:29:58.026Z"}
{"level":"info","message":"⌛ Validating pepita.wlk","timeElapsed":574,"timestamp":"2026-08-14T13:29:58.606Z"}
{"level":"info","message":"⌛ Validating pepita.wlk","timeElapsed":369,"timestamp":"2026-08-14T13:29:58.991Z"}
{"level":"info","message":"⌛ Validating pepita.wlk","timeElapsed":347,"timestamp":"2026-08-14T13:29:59.345Z"}
{"level":"info","message":"⌛ Validating pepita.wlk","timeElapsed":652,"timestamp":"2026-08-14T13:30:00.002Z"}
{"level":"info","message":"⌛ Validating pepita.wlk","timeElapsed":463,"timestamp":"2026-08-14T13:30:00.466Z"}
{"level":"info","message":"⌛ Validating pepita.wlk","timeElapsed":1114,"timestamp":"2026-08-14T13:30:01.596Z"}
{"level":"info","message":"⌛ Validating pepita.wlk","timeElapsed":419,"timestamp":"2026-08-14T13:30:02.019Z"}
{"level":"info","message":"⌛ Building environment","timeElapsed":554,"timestamp":"2026-08-14T13:30:02.589Z"}
{"level":"info","message":"⌛ Building environment","timeElapsed":357,"timestamp":"2026-08-14T13:30:03.298Z"}
{"level":"info","message":"⌛ Validating pepita.wlk","timeElapsed":421,"timestamp":"2026-08-14T13:30:03.721Z"}
{"level":"info","message":"⌛ Validating pepita.wlk","timeElapsed":456,"timestamp":"2026-08-14T13:30:04.214Z"}
{"level":"info","message":"⌛ Validating pepita.wlk","timeElapsed":463,"timestamp":"2026-08-14T13:30:04.679Z"}
{"level":"info","message":"⌛ Building environment","timeElapsed":481,"timestamp":"2026-08-14T13:30:05.184Z"}
{"level":"info","message":"⌛ Building environment","timeElapsed":474,"timestamp":"2026-08-14T13:30:05.879Z"}
{"level":"info","message":"⌛ Building environment","timeElapsed":236,"timestamp":"2026-08-14T13:30:06.117Z"}
{"level":"info","message":"⌛ Building environment","timeElapsed":248,"timestamp":"2026-08-14T13:30:06.367Z"}
{"level":"info","message":"⌛ Validating pepita.wlk","timeElapsed":266,"timestamp":"2026-08-14T13:30:06.698Z"}
{"level":"info","message":"⌛ Validating pepita.wlk","timeElapsed":647,"timestamp":"2026-08-14T13:30:07.392Z"}
{"level":"info","message":"⌛ Validating pepita.wlk","timeElapsed":315,"timestamp":"2026-08-14T13:30:07.743Z"}
{"level":"info","message":"⌛ Validating pepita.wlk","timeElapsed":289,"timestamp":"2026-08-14T13:30:08.033Z"}
{"level":"info","message":"⌛ Validating pepita.wlk","timeElapsed":264,"timestamp":"2026-08-14T13:30:08.299Z"}
{"level":"info","message":"⌛ Validating pepita.wlk","timeElapsed":277,"timestamp":"2026-08-14T13:30:08.577Z"}
{"level":"info","message":"⌛ Building environment","timeElapsed":788,"timestamp":"2026-08-14T13:33:09.993Z"}
{"level":"info","message":"⌛ Building environment","timeElapsed":739,"timestamp":"2026-08-14T13:33:10.733Z"}
{"level":"info","message":"⌛ Building environment","timeElapsed":1138,"timestamp":"2026-08-14T13:33:11.883Z"}
{"level":"info","message":"⌛ Building environment","timeElapsed":506,"timestamp":"2026-08-14T13:33:12.394Z"}
{"level":"info","message":"⌛ Building environment","timeElapsed":1504,"timestamp":"2026-08-14T13:33:13.921Z"}
{"level":"info","message":"⌛ Building environment","timeElapsed":399,"timestamp":"2026-08-14T13:33:14.357Z"}
{"level":"info","message":"⌛ Building environment","timeElapsed":836,"timestamp":"2026-08-14T13:33:15.196Z"}
{"level":"info","message":"⌛ Validating pepita.wlk","timeElapsed":5634,"timestamp":"2026-08-14T13:33:20.831Z"}
{"level":"info","message":"⌛ Building environment","timeElapsed":1580,"timestamp":"2026-08-14T13:33:22.423Z"}
{"level":"info","message":"⌛ Building environment","timeElapsed":1664,"timestamp":"2026-08-14T13:33:24.185Z"}
{"level":"info","message":"⌛ Validating pepita.wlk","timeElapsed":2413,"timestamp":"2026-08-14T13:33:26.627Z"}
{"level":"info","message":"⌛ Building environment","timeElapsed":2064,"timestamp":"2026-08-14T13:33:28.814Z"}
{"level":"info","message":"⌛ Validating pepita.wlk","timeElapsed":1277,"timestamp":"2026-08-14T13:33:30.176Z"}
{"level":"info","message":"⌛ Validating pepita.wlk","timeElapsed":846,"timestamp":"2026-08-14T13:33:31.024Z"}
{"level":"info","message":"⌛ Validating pepita.wlk","timeElapsed":867,"timestamp":"2026-08-14T13:33:32.055Z"}
{"level":"info","message":"⌛ Validating pepita.wlk","timeElapsed":551,"timestamp":"2026-08-14T13:33:32.609Z"}
{"level":"info","message":"⌛ Validating pepita.wlk","timeElapsed":525,"timestamp":"2026-08-14T13:33:33.135Z"}
{"level":"info","message":"⌛ Validating pepita.wlk","timeElapsed":524,"timestamp":"2026-08-14T13:33:33.668Z"}
{"level":"info","message":"⌛ Validating pepita.wlk","timeElapsed":645,"timestamp":"2026-08-14T13:33:34.315Z"}
{"level":"info","message":"⌛ Validating pepita.wlk","timeElapsed":978,"timestamp":"2026-08-14T13:33:35.770Z"}
{"level":"info","message":"⌛ Building environment","timeElapsed":503,"timestamp":"2026-08-14T13:34:37.581Z"}
{"level":"info","message":"⌛ Building environment","timeElapsed":392,"timestamp":"2026-08-14T13:34:37.995Z"}
{"level":"info","message":"⌛ Validating pepita.wlk","timeElapsed":467,"timestamp":"2026-08-14T13:34:38.482Z"}
{"level":"info","message":"⌛ Validating pepita.wlk","timeElapsed":425,"timestamp":"2026-08-14T13:34:38.921Z"}
{"level":"info","message":"⌛ Building environment","timeElapsed":1520,"timestamp":"2026-08-14T13:38:00.291Z"}
{"level":"info","message":"⌛ Building environment","timeElapsed":1041,"timestamp":"2026-08-14T13:38:01.333Z"}
{"level":"info","message":"⌛ Building environment","timeElapsed":871,"timestamp":"2026-08-14T13:38:02.224Z"}
{"level":"info","message":"⌛ Building environment","timeElapsed":624,"timestamp":"2026-08-14T13:38:02.894Z"}
{"level":"info","message":"⌛ Building environment","timeElapsed":473,"timestamp":"2026-08-14T13:38:03.402Z"}
{"level":"info","message":"⌛ Validating pepita.wlk","timeElapsed":1032,"timestamp":"2026-08-14T13:38:04.773Z"}
{"level":"info","message":"⌛ Building environment","timeElapsed":480,"timestamp":"2026-08-14T13:38:05.253Z"}
{"level":"info","message":"⌛ Building environment","timeElapsed":1843,"timestamp":"2026-08-14T13:38:07.116Z"}
{"level":"info","message":"⌛ Building environment","timeElapsed":1210,"timestamp":"2026-08-14T13:38:08.437Z"}
{"level":"info","message":"⌛ Building environment","timeElapsed":1095,"timestamp":"2026-08-14T13:38:09.622Z"}
{"level":"info","message":"⌛ Building environment","timeElapsed":892,"timestamp":"2026-08-14T13:38:10.516Z"}
{"level":"info","message":"⌛ Validating pepita.wlk","timeElapsed":1753,"timestamp":"2026-08-14T13:38:12.270Z"}
{"level":"info","message":"⌛ Building environment","timeElapsed":596,"timestamp":"2026-08-14T13:38:12.867Z"}
{"level":"info","message":"⌛ Building environment","timeElapsed":365,"timestamp":"2026-08-14T13:38:13.256Z"}
{"level":"info","message":"⌛ Building environment","timeElapsed":361,"timestamp":"2026-08-14T13:38:13.637Z"}
{"level":"info","message":"⌛ Building environment","timeElapsed":859,"timestamp":"2026-08-14T13:38:14.501Z"}
{"level":"info","message":"⌛ Building environment","timeElapsed":943,"timestamp":"2026-08-14T13:38:15.582Z"}
{"level":"info","message":"⌛ Validating pepita.wlk","timeElapsed":1225,"timestamp":"2026-08-14T13:38:16.841Z"}
{"level":"info","message":"⌛ Building environment","timeElapsed":1036,"timestamp":"2026-08-14T13:38:18.021Z"}
{"level":"info","message":"⌛ Building environment","timeElapsed":437,"timestamp":"2026-08-14T13:38:18.459Z"}
{"level":"info","message":"⌛ Building environment","timeElapsed":463,"timestamp":"2026-08-14T13:38:18.925Z"}
{"level":"info","message":"⌛ Autocomplete - Package","timeElapsed":427,"timestamp":"2026-08-14T13:38:19.413Z"}
{"level":"info","message":"⌛ Validating pepita.wlk","timeElapsed":739,"timestamp":"2026-08-14T13:38:20.154Z"}
{"level":"info","message":"⌛ Validating pepita.wlk","timeElapsed":766,"timestamp":"2026-08-14T13:38:20.921Z"}
{"level":"info","message":"⌛ Validating pepita.wlk","timeElapsed":855,"timestamp":"2026-08-14T13:38:21.776Z"}
{"level":"info","message":"⌛ Validating pepita.wlk","timeElapsed":1700,"timestamp":"2026-08-14T13:38:23.477Z"}
{"level":"info","message":"⌛ Validating pepita.wlk","timeElapsed":1187,"timestamp":"2026-08-14T13:38:24.673Z"}
{"level":"info","message":"⌛ Building environment","timeElapsed":1838,"timestamp":"2026-08-14T13:38:26.527Z"}
{"level":"info","message":"⌛ Building environment","timeElapsed":359,"timestamp":"2026-08-14T13:38:26.887Z"}
{"level":"info","message":"⌛ Building environment","timeElapsed":301,"timestamp":"2026-08-14T13:38:27.238Z"}
{"level":"info","message":"⌛ Validating pepita.wlk","timeElapsed":421,"timestamp":"2026-08-14T13:38:27.664Z"}
{"level":"info","message":"⌛ Building environment","timeElapsed":221,"timestamp":"2026-08-14T13:38:27.890Z"}
{"level":"info","message":"⌛ Building environment","timeElapsed":222,"timestamp":"2026-08-14T13:38:28.154Z"}
{"level":"info","message":"⌛ Validating pepita.wlk","timeElapsed":351,"timestamp":"2026-08-14T13:38:28.526Z"}
{"level":"info","message":"⌛ Validating pepita.wlk","timeElapsed":313,"timestamp":"2026-08-14T13:38:28.843Z"}
{"level":"info","message":"⌛ Validating pepita.wlk","timeElapsed":320,"timestamp":"2026-08-14T13:38:29.163Z"}
{"level":"info","message":"⌛ Validating pepita.wlk","timeElapsed":335,"timestamp":"2026-08-14T13:38:29.500Z"}
{"level":"info","message":"⌛ Building environment","timeElapsed":409,"timestamp":"2026-08-14T13:38:29.914Z"}
{"level":"info","message":"⌛ Building environment","timeElapsed":250,"timestamp":"2026-08-14T13:38:30.174Z"}
{"level":"info","message":"⌛ Building environment","timeElapsed":264,"timestamp":"2026-08-14T13:38:30.472Z"}
{"level":"info","message":"⌛ Building environment","timeElapsed":282,"timestamp":"2026-08-14T13:38:30.777Z"}
{"level":"info","message":"⌛ Building environment","timeElapsed":278,"timestamp":"2026-08-14T13:38:31.065Z"}
{"level":"info","message":"⌛ Building environment","timeElapsed":249,"timestamp":"2026-08-14T13:38:31.354Z"}
{"level":"info","message":"⌛ Building environment","timeElapsed":453,"timestamp":"2026-08-14T13:38:31.859Z"}
{"level":"info","message":"⌛ Validating pepita.wlk","timeElapsed":497,"timestamp":"2026-08-14T13:38:32.366Z"}
{"level":"info","message":"⌛ Building environment","timeElapsed":403,"timestamp":"2026-08-14T13:38:32.820Z"}
{"level":"info","message":"⌛ Building environment","timeElapsed":1227,"timestamp":"2026-08-14T13:38:34.053Z"}
{"level":"info","message":"⌛ Building environment","timeElapsed":479,"timestamp":"2026-08-14T13:38:34.556Z"}
{"level":"info","message":"⌛ Autocomplete - Singleton","timeElapsed":153,"timestamp":"2026-08-14T13:38:34.769Z"}
{"level":"info","message":"⌛ Building environment","timeElapsed":879,"timestamp":"2026-08-14T13:38:35.653Z"}
{"level":"info","message":"⌛ Autocomplete - Singleton","timeElapsed":265,"timestamp":"2026-08-14T13:38:35.976Z"}
{"level":"info","message":"⌛ Building environment","timeElapsed":912,"timestamp":"2026-08-14T13:38:37.100Z"}
{"level":"info","message":"⌛ Autocomplete - Singleton","timeElapsed":154,"timestamp":"2026-08-14T13:38:37.285Z"}
{"level":"info","message":"⌛ Building environment","timeElapsed":1543,"timestamp":"2026-08-14T13:38:38.836Z"}
{"level":"info","message":"⌛ Building environment","timeElapsed":2597,"timestamp":"2026-08-14T13:38:41.673Z"}
{"level":"info","message":"⌛ Building environment","timeElapsed":1031,"timestamp":"2026-08-14T13:38:42.740Z"}
{"level":"info","message":"⌛ Validating pepita.wlk","timeElapsed":968,"timestamp":"2026-08-14T13:38:43.767Z"}
{"level":"info","message":"⌛ Building environment","timeElapsed":554,"timestamp":"2026-08-14T13:38:44.353Z"}
{"level":"info","message":"⌛ Building environment","timeElapsed":501,"timestamp":"2026-08-14T13:38:44.889Z"}
{"level":"info","message":"⌛ Building environment","timeElapsed":878,"timestamp":"2026-08-14T13:38:45.775Z"}
{"level":"info","message":"⌛ Building environment","timeElapsed":597,"timestamp":"2026-08-14T13:38:46.414Z"}
{"level":"info","message":"⌛ Building environment","timeElapsed":2054,"timestamp":"2026-08-14T13:38:48.469Z"}
{"level":"info","message":"⌛ Building environment","timeElapsed":415,"timestamp":"2026-08-14T13:38:49.062Z"}
{"level":"info","message":"⌛ Building environment","timeElapsed":397,"timestamp":"2026-08-14T13:38:49.482Z"}
{"level":"info","message":"⌛ Building environment","timeElapsed":330,"timestamp":"2026-08-14T13:38:49.818Z"}
{"level":"info","message":"⌛ Building environment","timeElapsed":297,"timestamp":"2026-08-14T13:38:50.119Z"}
{"level":"info","message":"⌛ Building environment","timeElapsed":488,"timestamp":"2026-08-14T13:38:50.617Z"}
{"level":"info","message":"⌛ Building environment","timeElapsed":322,"timestamp":"2026-08-14T13:38:51.035Z"}
{"level":"info","message":"⌛ Building environment","timeElapsed":511,"timestamp":"2026-08-14T13:38:51.556Z"}
{"level":"info","message":"⌛ Building environment","timeElapsed":314,"timestamp":"2026-08-14T13:38:51.904Z"}
{"level":"info","message":"⌛ Building environment","timeElapsed":310,"timestamp":"2026-08-14T13:38:52.224Z"}
{"level":"info","message":"⌛ Building environment","timeElapsed":365,"timestamp":"2026-08-14T13:38:52.620Z"}
{"level":"info","message":"⌛ Building environment","timeElapsed":330,"timestamp":"2026-08-14T13:38:53.000Z"}
{"level":"info","message":"⌛ Building environment","timeElapsed":315,"timestamp":"2026-08-14T13:38:53.359Z"}
{"level":"info","message":"⌛ Validating pepita.wlk","timeElapsed":558,"timestamp":"2026-08-14T13:38:53.974Z"}
{"level":"info","message":"⌛ Validating pepita.wlk","timeElapsed":763,"timestamp":"2026-08-14T13:38:54.738Z"}
{"level":"info","message":"⌛ Validating pepita.wlk","timeElapsed":662,"timestamp":"2026-08-14T13:38:55.401Z"}
{"level":"info","message":"⌛ Validating pepita.wlk","timeElapsed":589,"timestamp":"2026-08-14T13:38:55.991Z"}
{"level":"info","message":"⌛ Validating pepita.wlk","timeElapsed":598,"timestamp":"2026-08-14T13:38:56.600Z"}
{"level":"info","message":"⌛ Validating pepita.wlk","timeElapsed":392,"timestamp":"2026-08-14T13:38:56.998Z"}
{"level":"info","message":"⌛ Validating pepita.wlk","timeElapsed":468,"timestamp":"2026-08-14T13:38:57.472Z"}
{"level":"info","message":"⌛ Validating pepita.wlk","timeElapsed":328,"timestamp":"2026-08-14T13:38:57.805Z"}
{"level":"info","message":"⌛ Validating pepita.wlk","timeElapsed":326,"timestamp":"2026-08-14T13:38:58.135Z"}
{"level":"info","message":"⌛ Validating pepita.wlk","timeElapsed":403,"timestamp":"2026-08-14T13:38:58.541Z"}
{"level":"info","message":"⌛ Validating pepita.wlk","timeElapsed":522,"timestamp":"2026-08-14T13:38:59.073Z"}
{"level":"info","message":"⌛ Validating pepita.wlk","timeElapsed":547,"timestamp":"2026-08-14T13:38:59.625Z"}
{"level":"info","message":"⌛ Validating pepita.wlk","timeElapsed":542,"timestamp":"2026-08-14T13:39:00.203Z"}
{"level":"info","message":"⌛ Validating pepita.wlk","timeElapsed":1132,"timestamp":"2026-08-14T13:39:01.341Z"}
{"level":"info","message":"⌛ Validating pepita.wlk","timeElapsed":586,"timestamp":"2026-08-14T13:39:01.942Z"}
{"level":"info","message":"⌛ Validating pepita.wlk","timeElapsed":592,"timestamp":"2026-08-14T13:39:02.569Z"}
{"level":"info","message":"⌛ Validating pepita.wlk","timeElapsed":599,"timestamp":"2026-08-14T13:39:03.173Z"}
{"level":"info","message":"⌛ Validating pepita.wlk","timeElapsed":580,"timestamp":"2026-08-14T13:39:03.905Z"}
{"level":"info","message":"⌛ Validating pepita.wlk","timeElapsed":531,"timestamp":"2026-08-14T13:39:04.449Z"}
{"level":"info","message":"⌛ Building environment","timeElapsed":400,"timestamp":"2026-08-14T13:39:04.853Z"}
{"level":"info","message":"⌛ Building environment","timeElapsed":409,"timestamp":"2026-08-14T13:39:05.270Z"}
{"level":"info","message":"⌛ Building environment","timeElapsed":352,"timestamp":"2026-08-14T13:39:05.634Z"}
{"level":"info","message":"⌛ Building environment","timeElapsed":804,"timestamp":"2026-08-14T13:39:06.441Z"}
{"level":"info","message":"⌛ Building environment","timeElapsed":248,"timestamp":"2026-08-14T13:39:06.729Z"}
{"level":"info","message":"⌛ Building environment","timeElapsed":253,"timestamp":"2026-08-14T13:39:06.988Z"}
{"level":"info","message":"⌛ Building environment","timeElapsed":262,"timestamp":"2026-08-14T13:39:07.255Z"}
{"level":"info","message":"⌛ Building environment","timeElapsed":1355,"timestamp":"2026-08-14T13:39:08.680Z"}
{"level":"info","message":"⌛ Validating pepita.wlk","timeElapsed":556,"timestamp":"2026-08-14T13:39:09.272Z"}
{"level":"info","message":"⌛ Validating pepita.wlk","timeElapsed":489,"timestamp":"2026-08-14T13:39:09.762Z"}
{"level":"info","message":"⌛ Validating pepita.wlk","timeElapsed":545,"timestamp":"2026-08-14T13:39:10.307Z"}
{"level":"info","message":"⌛ Validating pepita.wlk","timeElapsed":341,"timestamp":"2026-08-14T13:39:10.651Z"}
{"level":"info","message":"⌛ Validating pepita.wlk","timeElapsed":365,"timestamp":"2026-08-14T13:39:11.023Z"}
{"level":"info","message":"⌛ Validating pepita.wlk","timeElapsed":336,"timestamp":"2026-08-14T13:39:11.364Z"}
{"level":"info","message":"⌛ Validating pepita.wlk","timeElapsed":796,"timestamp":"2026-08-14T13:39:12.164Z"}
{"level":"info","message":"⌛ Validating pepita.wlk","timeElapsed":317,"timestamp":"2026-08-14T13:39:12.486Z"}
{"level":"info","message":"⌛ Validating pepita.wlk","timeElapsed":318,"timestamp":"2026-08-14T13:39:12.812Z"}
{"level":"info","message":"⌛ Validating pepita.wlk","timeElapsed":312,"timestamp":"2026-08-14T13:39:13.129Z"}
{"level":"info","message":"⌛ Validating pepita.wlk","timeElapsed":319,"timestamp":"2026-08-14T13:39:13.453Z"}
{"level":"info","message":"⌛ Validating pepita.wlk","timeElapsed":326,"timestamp":"2026-08-14T13:39:13.782Z"}
{"level":"info","message":"⌛ Validating pepita.wlk","timeElapsed":303,"timestamp":"2026-08-14T13:39:14.089Z"}
{"level":"info","message":"⌛ Building environment","timeElapsed":239,"timestamp":"2026-08-14T13:39:14.337Z"}
{"level":"info","message":"⌛ Validating pepita.wlk","timeElapsed":336,"timestamp":"2026-08-14T13:39:14.698Z"}
{"level":"info","message":"⌛ Validating pepita.wlk","timeElapsed":311,"timestamp":"2026-08-14T13:39:15.013Z"}
{"level":"info","message":"⌛ Validating pepita.wlk","timeElapsed":307,"timestamp":"2026-08-14T13:39:15.321Z"}
{"level":"info","message":"⌛ Validating pepita.wlk","timeElapsed":290,"timestamp":"2026-08-14T13:39:15.613Z"}
{"level":"info","message":"⌛ Validating pepita.wlk","timeElapsed":305,"timestamp":"2026-08-14T13:39:15.918Z"}
{"level":"info","message":"⌛ Validating pepita.wlk","timeElapsed":328,"timestamp":"2026-08-14T13:39:16.251Z"}
{"level":"info","message":"⌛ Validating pepita.wlk","timeElapsed":283,"timestamp":"2026-08-14T13:39:16.537Z"}
{"level":"info","message":"⌛ Validating pepita.wlk","timeElapsed":297,"timestamp":"2026-08-14T13:39:16.839Z"}
{"level":"info","message":"⌛ Validating pepita.wlk","timeElapsed":301,"timestamp":"2026-08-14T13:39:17.148Z"}
{"level":"info","message":"⌛ Validating pepita.wlk","timeElapsed":268,"timestamp":"2026-08-14T13:39:17.420Z"}
{"level":"info","message":"⌛ Validating pepita.wlk","timeElapsed":279,"timestamp":"2026-08-14T13:39:17.703Z"}
{"level":"info","message":"⌛ Validating pepita.wlk","timeElapsed":337,"timestamp":"2026-08-14T13:39:18.047Z"}
{"level":"info","message":"⌛ Validating pepita.wlk","timeElapsed":299,"timestamp":"2026-08-14T13:39:18.352Z"}
{"level":"info","message":"⌛ Validating pepita.wlk","timeElapsed":297,"timestamp":"2026-08-14T13:39:18.652Z"}
{"level":"info","message":"⌛ Validating pepita.wlk","timeElapsed":281,"timestamp":"2026-08-14T13:39:18.937Z"}
{"level":"info","message":"⌛ Validating pepita.wlk","timeElapsed":276,"timestamp":"2026-08-14T13:39:19.216Z"}
{"level":"info","message":"⌛ Validating pepita.wlk","timeElapsed":344,"timestamp":"2026-08-14T13:39:19.565Z"}
{"level":"info","message":"⌛ Building environment","timeElapsed":1191,"timestamp":"2026-08-14T13:39:56.877Z"}
{"level":"info","message":"⌛ Building environment","timeElapsed":597,"timestamp":"2026-08-14T13:39:57.736Z"}
{"level":"info","message":"⌛ Building environment","timeElapsed":435,"timestamp":"2026-08-14T13:39:58.172Z"}
{"level":"info","message":"⌛ Building environment","timeElapsed":373,"timestamp":"2026-08-14T13:39:58.551Z"}
{"level":"info","message":"⌛ Building environment","timeElapsed":282,"timestamp":"2026-08-14T13:39:58.834Z"}
{"level":"info","message":"⌛ Building environment","timeElapsed":453,"timestamp":"2026-08-14T13:39:59.421Z"}
{"level":"info","message":"⌛ Building environment","timeElapsed":544,"timestamp":"2026-08-14T13:39:59.966Z"}
{"level":"info","message":"⌛ Autocomplete - Reference","timeElapsed":273,"timestamp":"2026-08-14T13:40:00.301Z"}
{"level":"info","message":"⌛ Validating pepita.wlk","timeElapsed":1277,"timestamp":"2026-08-14T13:40:01.578Z"}
{"level":"info","message":"⌛ Validating pepita.wlk","timeElapsed":459,"timestamp":"2026-08-14T13:40:02.039Z"}
{"level":"info","message":"⌛ Validating pepita.wlk","timeElapsed":396,"timestamp":"2026-08-14T13:40:02.441Z"}
{"level":"info","message":"⌛ Validating pepita.wlk","timeElapsed":446,"timestamp":"2026-08-14T13:40:02.888Z"}
{"level":"info","message":"⌛ Validating pepita.wlk","timeElapsed":418,"timestamp":"2026-08-14T13:40:03.311Z"}
{"level":"info","message":"⌛ Building environment","timeElapsed":271,"timestamp":"2026-08-14T13:40:03.588Z"}
{"level":"info","message":"⌛ Building environment","timeElapsed":232,"timestamp":"2026-08-14T13:40:03.980Z"}
{"level":"info","message":"⌛ Building environment","timeElapsed":199,"timestamp":"2026-08-14T13:40:04.229Z"}
{"level":"info","message":"⌛ Building environment","timeElapsed":253,"timestamp":"2026-08-14T13:40:04.485Z"}
{"level":"info","message":"⌛ Validating pepita.wlk","timeElapsed":286,"timestamp":"2026-08-14T13:40:04.778Z"}
{"level":"info","message":"⌛ Building environment","timeElapsed":246,"timestamp":"2026-08-14T13:40:05.026Z"}
{"level":"info","message":"⌛ Building environment","timeElapsed":197,"timestamp":"2026-08-14T13:40:05.229Z"}
{"level":"info","message":"⌛ Building environment","timeElapsed":191,"timestamp":"2026-08-14T13:40:05.467Z"}
{"level":"info","message":"⌛ Validating pepita.wlk","timeElapsed":237,"timestamp":"2026-08-14T13:40:05.751Z"}
{"level":"info","message":"⌛ Building environment","timeElapsed":195,"timestamp":"2026-08-14T13:40:05.954Z"}
{"level":"info","message":"⌛ Building environment","timeElapsed":400,"timestamp":"2026-08-14T13:40:06.377Z"}
{"level":"info","message":"⌛ Building environment","timeElapsed":363,"timestamp":"2026-08-14T13:40:06.761Z"}
{"level":"info","message":"⌛ Validating pepita.wlk","timeElapsed":277,"timestamp":"2026-08-14T13:40:07.049Z"}
{"level":"info","message":"⌛ Validating pepita.wlk","timeElapsed":328,"timestamp":"2026-08-14T13:40:07.379Z"}
{"level":"info","message":"⌛ Validating pepita.wlk","timeElapsed":466,"timestamp":"2026-08-14T13:40:07.885Z"}
{"level":"info","message":"⌛ Validating pepita.wlk","timeElapsed":301,"timestamp":"2026-08-14T13:40:08.188Z"}
{"level":"info","message":"⌛ Validating pepita.wlk","timeElapsed":279,"timestamp":"2026-08-14T13:40:08.467Z"}
{"level":"info","message":"⌛ Validating pepita.wlk","timeElapsed":283,"timestamp":"2026-08-14T13:40:08.751Z"}
{"level":"info","message":"⌛ Validating pepita.wlk","timeElapsed":323,"timestamp":"2026-08-14T13:40:09.076Z"}
{"level":"info","message":"⌛ Validating pepita.wlk","timeElapsed":467,"timestamp":"2026-08-14T13:40:09.543Z"}
{"level":"info","message":"⌛ Building environment","timeElapsed":577,"timestamp":"2026-08-14T13:40:10.131Z"}
{"level":"info","message":"⌛ Validating pepita.wlk","timeElapsed":971,"timestamp":"2026-08-14T13:40:11.121Z"}
{"level":"info","message":"⌛ Validating pepita.wlk","timeElapsed":506,"timestamp":"2026-08-14T13:40:11.631Z"}
{"level":"info","message":"⌛ Validating pepita.wlk","timeElapsed":532,"timestamp":"2026-08-14T13:40:12.216Z"}
{"level":"info","message":"⌛ Building environment","timeElapsed":433,"timestamp":"2026-08-14T13:40:12.852Z"}
{"level":"info","message":"⌛ Building environment","timeElapsed":643,"timestamp":"2026-08-14T13:40:13.496Z"}
{"level":"info","message":"⌛ Building environment","timeElapsed":1203,"timestamp":"2026-08-14T13:40:14.700Z"}
{"level":"info","message":"⌛ Building environment","timeElapsed":481,"timestamp":"2026-08-14T13:40:15.217Z"}
{"level":"info","message":"⌛ Building environment","timeElapsed":418,"timestamp":"2026-08-14T13:40:15.637Z"}
{"level":"info","message":"⌛ Validating pepita.wlk","timeElapsed":481,"timestamp":"2026-08-14T13:40:16.161Z"}
{"level":"info","message":"⌛ Building environment","timeElapsed":321,"timestamp":"2026-08-14T13:40:16.483Z"}
{"level":"info","message":"⌛ Building environment","timeElapsed":265,"timestamp":"2026-08-14T13:40:16.752Z"}
{"level":"info","message":"⌛ Building environment","timeElapsed":472,"timestamp":"2026-08-14T13:40:17.285Z"}
{"level":"info","message":"⌛ Building environment","timeElapsed":240,"timestamp":"2026-08-14T13:40:17.578Z"}
{"level":"info","message":"⌛ Building environment","timeElapsed":202,"timestamp":"2026-08-14T13:40:17.834Z"}
{"level":"info","message":"⌛ Building environment","timeElapsed":208,"timestamp":"2026-08-14T13:40:18.093Z"}
{"level":"info","message":"⌛ Building environment","timeElapsed":216,"timestamp":"2026-08-14T13:40:18.315Z"}
{"level":"info","message":"⌛ Building environment","timeElapsed":214,"timestamp":"2026-08-14T13:40:18.534Z"}
{"level":"info","message":"⌛ Building environment","timeElapsed":213,"timestamp":"2026-08-14T13:40:18.755Z"}
{"level":"info","message":"⌛ Building environment","timeElapsed":181,"timestamp":"2026-08-14T13:40:18.943Z"}
{"level":"info","message":"⌛ Validating pepita.wlk","timeElapsed":282,"timestamp":"2026-08-14T13:40:19.266Z"}
{"level":"info","message":"⌛ Validating pepita.wlk","timeElapsed":381,"timestamp":"2026-08-14T13:40:20.019Z"}
{"level":"info","message":"⌛ Validating pepita.wlk","timeElapsed":290,"timestamp":"2026-08-14T13:40:20.316Z"}
{"level":"info","message":"⌛ Validating pepita.wlk","timeElapsed":304,"timestamp":"2026-08-14T13:40:20.625Z"}
{"level":"info","message":"⌛ Validating pepita.wlk","timeElapsed":297,"timestamp":"2026-08-14T13:40:20.930Z"}
{"level":"info","message":"⌛ Validating pepita.wlk","timeElapsed":309,"timestamp":"2026-08-14T13:40:21.245Z"}
{"level":"info","message":"⌛ Validating pepita.wlk","timeElapsed":284,"timestamp":"2026-08-14T13:40:21.536Z"}
{"level":"info","message":"⌛ Validating pepita.wlk","timeElapsed":292,"timestamp":"2026-08-14T13:40:21.836Z"}
{"level":"info","message":"⌛ Validating pepita.wlk","timeElapsed":506,"timestamp":"2026-08-14T13:40:22.354Z"}
{"level":"info","message":"⌛ Validating pepita.wlk","timeElapsed":403,"timestamp":"2026-08-14T13:40:22.765Z"}
{"level":"info","message":"⌛ Validating pepita.wlk","timeElapsed":413,"timestamp":"2026-08-14T13:40:23.183Z"}
{"level":"info","message":"⌛ Validating pepita.wlk","timeElapsed":345,"timestamp":"2026-08-14T13:40:23.545Z"}
{"level":"info","message":"⌛ Validating pepita.wlk","timeElapsed":308,"timestamp":"2026-08-14T13:40:23.857Z"}
{"level":"info","message":"⌛ Validating pepita.wlk","timeElapsed":384,"timestamp":"2026-08-14T13:40:24.245Z"}
{"level":"info","message":"⌛ Building environment","timeElapsed":1591,"timestamp":"2026-08-14T13:40:33.301Z"}
{"level":"info","message":"⌛ Building environment","timeElapsed":471,"timestamp":"2026-08-14T13:40:33.901Z"}
{"level":"info","message":"⌛ Autocomplete - Body","timeElapsed":249,"timestamp":"2026-08-14T13:40:34.309Z"}
{"level":"info","message":"⌛ Building environment","timeElapsed":385,"timestamp":"2026-08-14T13:40:34.708Z"}
{"level":"info","message":"⌛ Building environment","timeElapsed":212,"timestamp":"2026-08-14T13:40:35.061Z"}
{"level":"info","message":"⌛ Building environment","timeElapsed":236,"timestamp":"2026-08-14T13:40:35.398Z"}
{"level":"info","message":"⌛ Building environment","timeElapsed":219,"timestamp":"2026-08-14T13:40:35.728Z"}
{"level":"info","message":"⌛ Validating pepita.wlk","timeElapsed":264,"timestamp":"2026-08-14T13:40:36.114Z"}
{"level":"info","message":"⌛ Building environment","timeElapsed":234,"timestamp":"2026-08-14T13:40:36.349Z"}
{"level":"info","message":"⌛ Building environment","timeElapsed":218,"timestamp":"2026-08-14T13:40:36.578Z"}
{"level":"info","message":"⌛ Building environment","timeElapsed":226,"timestamp":"2026-08-14T13:40:36.809Z"}
{"level":"info","message":"⌛ Building environment","timeElapsed":215,"timestamp":"2026-08-14T13:40:37.029Z"}
{"level":"info","message":"⌛ Validating pepita.wlk","timeElapsed":238,"timestamp":"2026-08-14T13:40:37.272Z"}
{"level":"info","message":"⌛ Building environment","timeElapsed":188,"timestamp":"2026-08-14T13:40:37.465Z"}
{"level":"info","message":"⌛ Building environment","timeElapsed":237,"timestamp":"2026-08-14T13:40:37.709Z"}
{"level":"info","message":"⌛ Building environment","timeElapsed":236,"timestamp":"2026-08-14T13:40:37.950Z"}
{"level":"info","message":"⌛ Validating pepita.wlk","timeElapsed":264,"timestamp":"2026-08-14T13:40:38.245Z"}
{"level":"info","message":"⌛ Validating pepita.wlk","timeElapsed":228,"timestamp":"2026-08-14T13:40:38.474Z"}
{"level":"info","message":"⌛ Validating pepita.wlk","timeElapsed":240,"timestamp":"2026-08-14T13:40:38.718Z"}
{"level":"info","message":"⌛ Validating pepita.wlk","timeElapsed":231,"timestamp":"2026-08-14T13:40:38.953Z"}
{"level":"info","message":"⌛ Validating pepita.wlk","timeElapsed":231,"timestamp":"2026-08-14T13:40:39.193Z"}
{"level":"info","message":"⌛ Validating pepita.wlk","timeElapsed":279,"timestamp":"2026-08-14T13:40:39.482Z"}
{"level":"info","message":"⌛ Validating pepita.wlk","timeElapsed":236,"timestamp":"2026-08-14T13:40:39.722Z"}
{"level":"info","message":"⌛ Validating pepita.wlk","timeElapsed":235,"timestamp":"2026-08-14T13:40:39.961Z"}
{"level":"info","message":"⌛ Validating pepita.wlk","timeElapsed":245,"timestamp":"2026-08-14T13:40:40.209Z"}
{"level":"info","message":"⌛ Validating pepita.wlk","timeElapsed":360,"timestamp":"2026-08-14T13:40:40.623Z"}
{"level":"info","message":"⌛ Validating pepita.wlk","timeElapsed":254,"timestamp":"2026-08-14T13:40:40.879Z"}
{"level":"error","message":"✘ Failed to get type description: Error: Failed to print, found malformed node Failed to print, found malformed node","node":{"id":"f8a36496-bd10-47b8-a3eb-ff11208b835f","metadata":[],"problems":[{"code":"malformedSentence","sourceMap":{"end":{"column":66,"line":81,"offset":1111},"start":{"column":20,"line":81,"offset":1065}}}],"scope":{"containerScope":{"containerScope":{"containerScope":{"containerScope":{"contributions":{},"includedScopes":[]},"contributions":{},"includedScopes":[]},"contributions":{},"includedScopes":[{"containerScope":{"containerScope":{"containerScope":{"contributions":{},"includedScopes":[]},"contributions":{},"includedScopes":[]},"contributions":{},"includedScopes":[]},"contributions":{},"includedScopes":[]}]},"contributions":{},"includedScopes":[]},"contributions":{},"includedScopes":[]},"sentences":[{"id":"94448fc7-10be-4eed-a0d5-352ad43fc3b5","metadata":[],"name":"energia.pepita","scope":{"containerScope":{"containerScope":{"containerScope":{"containerScope":{"containerScope":{"contributions":{},"includedScopes":[]},"contributions":{},"includedScopes":[]},"contributions":{},"includedScopes":[{"containerScope":{"containerScope":{"containerScope":{"contributions":{},"includedScopes":[]},"contributions":{},"includedScopes":[]},"contributions":{},"includedScopes":[]},"contributions":{},"includedScopes":[]}]},"contributions":{},"includedScopes":[]},"contributions":{},"includedScopes":[]},"contributions":{},"includedScopes":[]},"sourceMap":{"end":{"column":19,"line":81,"offset":1064},"start":{"column":5,"line":81,"offset":1050}}}],"sourceMap":{"end":{"column":3,"line":83,"offset":1117},"start":{"column":28,"line":79,"offset":1041}}},"stack":"Error: Failed to print, found malformed node\n    at c:\\Users\\lukas\\.vscode\\extensions\\uqbar.wollok-lsp-ide-0.5.4\\out\\server\\src\\server.js:68:3585\n    at c:\\Users\\lukas\\.vscode\\extensions\\uqbar.wollok-lsp-ide-0.5.4\\out\\server\\src\\server.js:68:5370\n    at c:\\Users\\lukas\\.vscode\\extensions\\uqbar.wollok-lsp-ide-0.5.4\\out\\server\\src\\server.js:38:6131\n    at c:\\Users\\lukas\\.vscode\\extensions\\uqbar.wollok-lsp-ide-0.5.4\\out\\server\\src\\server.js:68:3664\n    at Kbn (c:\\Users\\lukas\\.vscode\\extensions\\uqbar.wollok-lsp-ide-0.5.4\\out\\server\\src\\server.js:68:3396)\n    at c:\\Users\\lukas\\.vscode\\extensions\\uqbar.wollok-lsp-ide-0.5.4\\out\\server\\src\\server.js:2398:847\n    at c:\\Users\\lukas\\.vscode\\extensions\\uqbar.wollok-lsp-ide-0.5.4\\out\\server\\src\\server.js:2398:8440\n    at c:\\Users\\lukas\\.vscode\\extensions\\uqbar.wollok-lsp-ide-0.5.4\\out\\server\\src\\server.js:37:74770\n    at Ke (c:\\Users\\lukas\\.vscode\\extensions\\uqbar.wollok-lsp-ide-0.5.4\\out\\server\\src\\server.js:7:8527)\n    at Lt (c:\\Users\\lukas\\.vscode\\extensions\\uqbar.wollok-lsp-ide-0.5.4\\out\\server\\src\\server.js:7:6189)","timestamp":"2026-08-14T13:51:05.769Z"}
{"level":"info","message":"⌛ Building environment","timeElapsed":1208,"timestamp":"2026-08-14T13:51:09.127Z"}
{"level":"info","message":"⌛ Building environment","timeElapsed":883,"timestamp":"2026-08-14T13:51:10.023Z"}
{"level":"info","message":"⌛ Building environment","timeElapsed":852,"timestamp":"2026-08-14T13:51:11.161Z"}
{"level":"info","message":"⌛ Validating pepita.wlk","timeElapsed":1887,"timestamp":"2026-08-14T13:51:13.049Z"}
{"level":"info","message":"⌛ Building environment","timeElapsed":966,"timestamp":"2026-08-14T13:51:14.075Z"}
{"level":"info","message":"⌛ Building environment","timeElapsed":802,"timestamp":"2026-08-14T13:51:14.878Z"}
{"level":"info","message":"⌛ Building environment","timeElapsed":803,"timestamp":"2026-08-14T13:51:15.796Z"}
{"level":"info","message":"⌛ Validating pepita.wlk","timeElapsed":2176,"timestamp":"2026-08-14T13:51:17.980Z"}
{"level":"info","message":"⌛ Building environment","timeElapsed":812,"timestamp":"2026-08-14T13:51:18.799Z"}
{"level":"info","message":"⌛ Building environment","timeElapsed":1799,"timestamp":"2026-08-14T13:51:20.701Z"}
{"level":"info","message":"⌛ Building environment","timeElapsed":654,"timestamp":"2026-08-14T13:51:21.363Z"}
{"level":"info","message":"⌛ Building environment","timeElapsed":357,"timestamp":"2026-08-14T13:51:21.791Z"}
{"level":"info","message":"⌛ Building environment","timeElapsed":950,"timestamp":"2026-08-14T13:51:22.774Z"}
{"level":"info","message":"⌛ Building environment","timeElapsed":827,"timestamp":"2026-08-14T13:51:23.709Z"}
{"level":"info","message":"⌛ Building environment","timeElapsed":437,"timestamp":"2026-08-14T13:51:24.147Z"}
{"level":"info","message":"⌛ Building environment","timeElapsed":683,"timestamp":"2026-08-14T13:51:24.895Z"}
{"level":"info","message":"⌛ Validating pepita.wlk","timeElapsed":1259,"timestamp":"2026-08-14T13:51:26.201Z"}
{"level":"info","message":"⌛ Validating pepita.wlk","timeElapsed":1102,"timestamp":"2026-08-14T13:51:27.312Z"}
{"level":"info","message":"⌛ Validating pepita.wlk","timeElapsed":1042,"timestamp":"2026-08-14T13:51:28.355Z"}
{"level":"info","message":"⌛ Validating pepita.wlk","timeElapsed":1092,"timestamp":"2026-08-14T13:51:29.447Z"}
{"level":"info","message":"⌛ Validating pepita.wlk","timeElapsed":1114,"timestamp":"2026-08-14T13:51:30.574Z"}
{"level":"info","message":"⌛ Validating pepita.wlk","timeElapsed":1777,"timestamp":"2026-08-14T13:51:32.355Z"}
{"level":"info","message":"⌛ Validating pepita.wlk","timeElapsed":1033,"timestamp":"2026-08-14T13:51:33.391Z"}
{"level":"info","message":"⌛ Validating pepita.wlk","timeElapsed":951,"timestamp":"2026-08-14T13:51:34.348Z"}
{"level":"info","message":"⌛ Building environment","timeElapsed":1080,"timestamp":"2026-08-14T13:51:35.431Z"}
{"level":"info","message":"⌛ Building environment","timeElapsed":862,"timestamp":"2026-08-14T13:51:36.312Z"}
{"level":"info","message":"⌛ Validating pepita.wlk","timeElapsed":1647,"timestamp":"2026-08-14T13:51:37.995Z"}
{"level":"info","message":"⌛ Building environment","timeElapsed":899,"timestamp":"2026-08-14T13:51:38.895Z"}
{"level":"info","message":"⌛ Building environment","timeElapsed":697,"timestamp":"2026-08-14T13:51:39.593Z"}
{"level":"info","message":"⌛ Building environment","timeElapsed":995,"timestamp":"2026-08-14T13:51:40.641Z"}
{"level":"info","message":"⌛ Building environment","timeElapsed":511,"timestamp":"2026-08-14T13:51:41.242Z"}
{"level":"info","message":"⌛ Validating pepita.wlk","timeElapsed":679,"timestamp":"2026-08-14T13:51:42.004Z"}
{"level":"error","message":"✘ Completions for node Literal ([79:15, 79:19] - pepita.wlk) failed: Error: null [Literal]{ac4ca8} at pepita.wlk:79 exhausted all cases without a match null [Literal]{ac4ca8} at pepita.wlk:79 exhausted all cases without a match","stack":"Error: null [Literal]{ac4ca8} at pepita.wlk:79 exhausted all cases without a match\n    at c:\\Users\\lukas\\.vscode\\extensions\\uqbar.wollok-lsp-ide-0.5.4\\out\\server\\src\\server.js:38:6142\n    at L2 (c:\\Users\\lukas\\.vscode\\extensions\\uqbar.wollok-lsp-ide-0.5.4\\out\\server\\src\\server.js:2389:42)\n    at c:\\Users\\lukas\\.vscode\\extensions\\uqbar.wollok-lsp-ide-0.5.4\\out\\server\\src\\server.js:2389:2988\n    at c:\\Users\\lukas\\.vscode\\extensions\\uqbar.wollok-lsp-ide-0.5.4\\out\\server\\src\\server.js:2398:8440\n    at c:\\Users\\lukas\\.vscode\\extensions\\uqbar.wollok-lsp-ide-0.5.4\\out\\server\\src\\server.js:37:74872\n    at Ke (c:\\Users\\lukas\\.vscode\\extensions\\uqbar.wollok-lsp-ide-0.5.4\\out\\server\\src\\server.js:7:8527)\n    at Lt (c:\\Users\\lukas\\.vscode\\extensions\\uqbar.wollok-lsp-ide-0.5.4\\out\\server\\src\\server.js:7:6189)\n    at ct (c:\\Users\\lukas\\.vscode\\extensions\\uqbar.wollok-lsp-ide-0.5.4\\out\\server\\src\\server.js:7:6378)\n    at Immediate._onImmediate (c:\\Users\\lukas\\.vscode\\extensions\\uqbar.wollok-lsp-ide-0.5.4\\out\\server\\src\\server.js:7:6142)\n    at process.processImmediate (node:internal/timers:504:21)","timestamp":"2026-08-14T13:51:42.603Z"}
{"level":"info","message":"⌛ Autocomplete - Literal","timeElapsed":246,"timestamp":"2026-08-14T13:51:42.604Z"}
{"level":"info","message":"⌛ Validating pepita.wlk","timeElapsed":694,"timestamp":"2026-08-14T13:51:43.299Z"}
{"level":"info","message":"⌛ Validating pepita.wlk","timeElapsed":1246,"timestamp":"2026-08-14T13:51:44.549Z"}
{"level":"info","message":"⌛ Building environment","timeElapsed":931,"timestamp":"2026-08-14T13:51:45.656Z"}
{"level":"info","message":"⌛ Building environment","timeElapsed":550,"timestamp":"2026-08-14T13:51:46.229Z"}
{"level":"info","message":"⌛ Building environment","timeElapsed":505,"timestamp":"2026-08-14T13:51:46.813Z"}
{"level":"info","message":"⌛ Building environment","timeElapsed":496,"timestamp":"2026-08-14T13:51:47.333Z"}
{"level":"info","message":"⌛ Building environment","timeElapsed":581,"timestamp":"2026-08-14T13:51:47.928Z"}
{"level":"info","message":"⌛ Autocomplete - Singleton","timeElapsed":105,"timestamp":"2026-08-14T13:51:48.055Z"}
{"level":"info","message":"⌛ Building environment","timeElapsed":650,"timestamp":"2026-08-14T13:51:48.706Z"}
{"level":"info","message":"⌛ Autocomplete - Singleton","timeElapsed":109,"timestamp":"2026-08-14T13:51:48.816Z"}
{"level":"info","message":"⌛ Building environment","timeElapsed":1073,"timestamp":"2026-08-14T13:51:49.897Z"}
{"level":"info","message":"⌛ Building environment","timeElapsed":504,"timestamp":"2026-08-14T13:51:50.431Z"}
{"level":"info","message":"⌛ Building environment","timeElapsed":826,"timestamp":"2026-08-14T13:51:51.306Z"}
{"level":"info","message":"⌛ Building environment","timeElapsed":375,"timestamp":"2026-08-14T13:51:51.695Z"}
{"level":"info","message":"⌛ Building environment","timeElapsed":264,"timestamp":"2026-08-14T13:51:51.996Z"}
{"level":"info","message":"⌛ Building environment","timeElapsed":367,"timestamp":"2026-08-14T13:51:52.374Z"}
{"level":"info","message":"⌛ Building environment","timeElapsed":292,"timestamp":"2026-08-14T13:51:52.672Z"}
{"level":"info","message":"⌛ Building environment","timeElapsed":449,"timestamp":"2026-08-14T13:51:53.264Z"}
{"level":"info","message":"⌛ Building environment","timeElapsed":461,"timestamp":"2026-08-14T13:51:53.881Z"}
{"level":"info","message":"⌛ Building environment","timeElapsed":256,"timestamp":"2026-08-14T13:51:54.221Z"}
{"level":"info","message":"⌛ Building environment","timeElapsed":448,"timestamp":"2026-08-14T13:51:54.674Z"}
{"level":"info","message":"⌛ Building environment","timeElapsed":315,"timestamp":"2026-08-14T13:51:54.995Z"}
{"level":"info","message":"⌛ Building environment","timeElapsed":441,"timestamp":"2026-08-14T13:51:55.441Z"}
{"level":"info","message":"⌛ Building environment","timeElapsed":339,"timestamp":"2026-08-14T13:51:55.828Z"}
{"level":"info","message":"⌛ Building environment","timeElapsed":290,"timestamp":"2026-08-14T13:51:56.123Z"}
{"level":"info","message":"⌛ Building environment","timeElapsed":276,"timestamp":"2026-08-14T13:51:56.403Z"}
{"level":"info","message":"⌛ Validating pepita.wlk","timeElapsed":382,"timestamp":"2026-08-14T13:51:56.791Z"}
{"level":"info","message":"⌛ Building environment","timeElapsed":617,"timestamp":"2026-08-14T13:51:57.949Z"}
{"level":"info","message":"⌛ Building environment","timeElapsed":393,"timestamp":"2026-08-14T13:51:58.365Z"}
{"level":"info","message":"⌛ Building environment","timeElapsed":1180,"timestamp":"2026-08-14T13:51:59.725Z"}
{"level":"info","message":"⌛ Building environment","timeElapsed":832,"timestamp":"2026-08-14T13:52:00.559Z"}
{"level":"info","message":"⌛ Autocomplete - Method","timeElapsed":224,"timestamp":"2026-08-14T13:52:00.887Z"}
{"level":"info","message":"⌛ Validating pepita.wlk","timeElapsed":1041,"timestamp":"2026-08-14T13:52:01.928Z"}
{"level":"info","message":"⌛ Validating pepita.wlk","timeElapsed":976,"timestamp":"2026-08-14T13:52:02.906Z"}
{"level":"info","message":"⌛ Validating pepita.wlk","timeElapsed":1853,"timestamp":"2026-08-14T13:52:04.759Z"}
{"level":"info","message":"⌛ Validating pepita.wlk","timeElapsed":592,"timestamp":"2026-08-14T13:52:05.357Z"}
{"level":"info","message":"⌛ Validating pepita.wlk","timeElapsed":387,"timestamp":"2026-08-14T13:52:05.756Z"}
{"level":"info","message":"⌛ Building environment","timeElapsed":245,"timestamp":"2026-08-14T13:52:06.010Z"}
{"level":"info","message":"⌛ Building environment","timeElapsed":273,"timestamp":"2026-08-14T13:52:06.298Z"}
{"level":"info","message":"⌛ Building environment","timeElapsed":278,"timestamp":"2026-08-14T13:52:06.609Z"}
{"level":"info","message":"⌛ Building environment","timeElapsed":262,"timestamp":"2026-08-14T13:52:06.872Z"}
{"level":"info","message":"⌛ Building environment","timeElapsed":221,"timestamp":"2026-08-14T13:52:07.106Z"}
{"level":"info","message":"⌛ Building environment","timeElapsed":212,"timestamp":"2026-08-14T13:52:07.358Z"}
{"level":"info","message":"⌛ Building environment","timeElapsed":205,"timestamp":"2026-08-14T13:52:07.610Z"}
{"level":"info","message":"⌛ Building environment","timeElapsed":210,"timestamp":"2026-08-14T13:52:07.877Z"}
{"level":"info","message":"⌛ Building environment","timeElapsed":212,"timestamp":"2026-08-14T13:52:08.142Z"}
{"level":"info","message":"⌛ Building environment","timeElapsed":212,"timestamp":"2026-08-14T13:52:08.390Z"}
{"level":"info","message":"⌛ Building environment","timeElapsed":255,"timestamp":"2026-08-14T13:52:08.652Z"}
{"level":"info","message":"⌛ Building environment","timeElapsed":247,"timestamp":"2026-08-14T13:52:08.906Z"}
{"level":"info","message":"⌛ Building environment","timeElapsed":265,"timestamp":"2026-08-14T13:52:09.177Z"}
{"level":"info","message":"⌛ Building environment","timeElapsed":218,"timestamp":"2026-08-14T13:52:09.397Z"}
{"level":"info","message":"⌛ Validating pepita.wlk","timeElapsed":307,"timestamp":"2026-08-14T13:52:09.746Z"}
{"level":"info","message":"⌛ Building environment","timeElapsed":229,"timestamp":"2026-08-14T13:52:09.981Z"}
{"level":"info","message":"⌛ Building environment","timeElapsed":205,"timestamp":"2026-08-14T13:52:10.295Z"}
{"level":"info","message":"⌛ Building environment","timeElapsed":207,"timestamp":"2026-08-14T13:52:10.611Z"}
{"level":"info","message":"⌛ Validating pepita.wlk","timeElapsed":309,"timestamp":"2026-08-14T13:52:10.972Z"}
{"level":"info","message":"⌛ Validating pepita.wlk","timeElapsed":299,"timestamp":"2026-08-14T13:52:11.276Z"}
{"level":"info","message":"⌛ Validating pepita.wlk","timeElapsed":282,"timestamp":"2026-08-14T13:52:11.561Z"}
{"level":"info","message":"⌛ Building environment","timeElapsed":249,"timestamp":"2026-08-14T13:52:11.815Z"}
{"level":"info","message":"⌛ Building environment","timeElapsed":229,"timestamp":"2026-08-14T13:52:12.052Z"}
{"level":"info","message":"⌛ Building environment","timeElapsed":251,"timestamp":"2026-08-14T13:52:12.308Z"}
{"level":"info","message":"⌛ Validating pepita.wlk","timeElapsed":291,"timestamp":"2026-08-14T13:52:12.604Z"}
{"level":"info","message":"⌛ Building environment","timeElapsed":222,"timestamp":"2026-08-14T13:52:12.828Z"}
{"level":"info","message":"⌛ Building environment","timeElapsed":765,"timestamp":"2026-08-14T13:52:13.622Z"}
{"level":"info","message":"⌛ Building environment","timeElapsed":1702,"timestamp":"2026-08-14T13:52:15.334Z"}
{"level":"info","message":"⌛ Building environment","timeElapsed":790,"timestamp":"2026-08-14T13:52:16.168Z"}
{"level":"info","message":"⌛ Validating pepita.wlk","timeElapsed":274,"timestamp":"2026-08-14T13:52:16.520Z"}
{"level":"info","message":"⌛ Validating pepita.wlk","timeElapsed":1486,"timestamp":"2026-08-14T13:52:18.008Z"}
{"level":"info","message":"⌛ Building environment","timeElapsed":478,"timestamp":"2026-08-14T13:52:18.504Z"}
{"level":"info","message":"⌛ Building environment","timeElapsed":194,"timestamp":"2026-08-14T13:52:18.738Z"}
{"level":"info","message":"⌛ Validating pepita.wlk","timeElapsed":315,"timestamp":"2026-08-14T13:52:19.120Z"}
{"level":"info","message":"⌛ Building environment","timeElapsed":439,"timestamp":"2026-08-14T13:52:19.602Z"}
{"level":"info","message":"⌛ Building environment","timeElapsed":201,"timestamp":"2026-08-14T13:52:19.808Z"}
{"level":"info","message":"⌛ Validating pepita.wlk","timeElapsed":262,"timestamp":"2026-08-14T13:52:20.112Z"}
{"level":"info","message":"⌛ Validating pepita.wlk","timeElapsed":530,"timestamp":"2026-08-14T13:52:20.644Z"}
{"level":"info","message":"⌛ Validating pepita.wlk","timeElapsed":837,"timestamp":"2026-08-14T13:52:21.523Z"}
{"level":"info","message":"⌛ Validating pepita.wlk","timeElapsed":369,"timestamp":"2026-08-14T13:52:21.894Z"}
{"level":"info","message":"⌛ Building environment","timeElapsed":277,"timestamp":"2026-08-14T13:52:22.196Z"}
{"level":"info","message":"⌛ Building environment","timeElapsed":213,"timestamp":"2026-08-14T13:52:22.410Z"}
{"level":"info","message":"⌛ Validating pepita.wlk","timeElapsed":339,"timestamp":"2026-08-14T13:52:22.757Z"}
{"level":"info","message":"⌛ Validating pepita.wlk","timeElapsed":269,"timestamp":"2026-08-14T13:52:23.117Z"}
{"level":"info","message":"⌛ Building environment","timeElapsed":544,"timestamp":"2026-08-14T13:52:23.667Z"}
{"level":"info","message":"⌛ Validating pepita.wlk","timeElapsed":278,"timestamp":"2026-08-14T13:52:23.968Z"}
{"level":"info","message":"⌛ Validating pepita.wlk","timeElapsed":310,"timestamp":"2026-08-14T13:52:24.280Z"}
{"level":"info","message":"⌛ Validating pepita.wlk","timeElapsed":280,"timestamp":"2026-08-14T13:52:24.566Z"}
{"level":"info","message":"⌛ Validating pepita.wlk","timeElapsed":296,"timestamp":"2026-08-14T13:52:24.863Z"}
{"level":"info","message":"⌛ Building environment","timeElapsed":231,"timestamp":"2026-08-14T13:52:25.095Z"}
{"level":"info","message":"⌛ Validating pepita.wlk","timeElapsed":279,"timestamp":"2026-08-14T13:52:25.410Z"}
{"level":"info","message":"⌛ Validating pepita.wlk","timeElapsed":731,"timestamp":"2026-08-14T13:52:26.158Z"}
{"level":"info","message":"⌛ Validating pepita.wlk","timeElapsed":308,"timestamp":"2026-08-14T13:52:26.522Z"}
{"level":"info","message":"⌛ Validating pepita.wlk","timeElapsed":284,"timestamp":"2026-08-14T13:52:26.810Z"}
{"level":"info","message":"⌛ Validating pepita.wlk","timeElapsed":312,"timestamp":"2026-08-14T13:52:27.129Z"}
{"level":"info","message":"⌛ Validating pepita.wlk","timeElapsed":350,"timestamp":"2026-08-14T13:52:27.488Z"}
{"level":"info","message":"⌛ Validating pepita.wlk","timeElapsed":284,"timestamp":"2026-08-14T13:52:27.779Z"}
{"level":"info","message":"⌛ Building environment","timeElapsed":211,"timestamp":"2026-08-14T13:52:28.000Z"}
{"level":"info","message":"⌛ Building environment","timeElapsed":499,"timestamp":"2026-08-14T13:52:28.529Z"}
{"level":"info","message":"⌛ Validating pepita.wlk","timeElapsed":305,"timestamp":"2026-08-14T13:52:28.858Z"}
{"level":"info","message":"⌛ Building environment","timeElapsed":665,"timestamp":"2026-08-14T13:52:29.524Z"}
{"level":"info","message":"⌛ Building environment","timeElapsed":235,"timestamp":"2026-08-14T13:52:29.788Z"}
{"level":"info","message":"⌛ Building environment","timeElapsed":298,"timestamp":"2026-08-14T13:52:30.092Z"}
{"level":"info","message":"⌛ Building environment","timeElapsed":337,"timestamp":"2026-08-14T13:52:30.468Z"}
{"level":"info","message":"⌛ Validating pepita.wlk","timeElapsed":305,"timestamp":"2026-08-14T13:52:30.905Z"}
{"level":"info","message":"⌛ Validating pepita.wlk","timeElapsed":304,"timestamp":"2026-08-14T13:52:31.212Z"}
{"level":"info","message":"⌛ Validating pepita.wlk","timeElapsed":446,"timestamp":"2026-08-14T13:52:31.669Z"}
{"level":"info","message":"⌛ Validating pepita.wlk","timeElapsed":306,"timestamp":"2026-08-14T13:52:31.979Z"}
{"level":"info","message":"⌛ Validating pepita.wlk","timeElapsed":254,"timestamp":"2026-08-14T13:52:32.243Z"}
{"level":"info","message":"⌛ Validating pepita.wlk","timeElapsed":258,"timestamp":"2026-08-14T13:52:32.504Z"}
{"level":"info","message":"⌛ Validating pepita.wlk","timeElapsed":263,"timestamp":"2026-08-14T13:52:32.771Z"}
{"level":"info","message":"⌛ Validating pepita.wlk","timeElapsed":377,"timestamp":"2026-08-14T13:52:33.179Z"}
{"level":"info","message":"⌛ Validating pepita.wlk","timeElapsed":299,"timestamp":"2026-08-14T13:52:33.488Z"}
{"level":"info","message":"⌛ Validating pepita.wlk","timeElapsed":516,"timestamp":"2026-08-14T13:52:34.009Z"}
{"level":"info","message":"⌛ Validating pepita.wlk","timeElapsed":263,"timestamp":"2026-08-14T13:52:34.275Z"}
{"level":"info","message":"⌛ Validating pepita.wlk","timeElapsed":461,"timestamp":"2026-08-14T13:52:34.740Z"}
{"level":"info","message":"⌛ Validating pepita.wlk","timeElapsed":277,"timestamp":"2026-08-14T13:52:35.020Z"}
{"level":"info","message":"⌛ Validating pepita.wlk","timeElapsed":268,"timestamp":"2026-08-14T13:52:35.291Z"}
{"level":"info","message":"⌛ Validating pepita.wlk","timeElapsed":272,"timestamp":"2026-08-14T13:52:35.567Z"}
{"level":"info","message":"⌛ Validating pepita.wlk","timeElapsed":273,"timestamp":"2026-08-14T13:52:35.843Z"}
{"level":"info","message":"⌛ Validating pepita.wlk","timeElapsed":357,"timestamp":"2026-08-14T13:52:36.209Z"}
{"level":"info","message":"⌛ Validating pepita.wlk","timeElapsed":276,"timestamp":"2026-08-14T13:52:36.499Z"}
{"level":"info","message":"⌛ Validating pepita.wlk","timeElapsed":247,"timestamp":"2026-08-14T13:52:36.751Z"}
{"level":"info","message":"⌛ Validating pepita.wlk","timeElapsed":262,"timestamp":"2026-08-14T13:52:37.018Z"}
{"level":"info","message":"⌛ Validating pepita.wlk","timeElapsed":244,"timestamp":"2026-08-14T13:52:37.267Z"}
{"level":"info","message":"⌛ Validating pepita.wlk","timeElapsed":283,"timestamp":"2026-08-14T13:52:37.554Z"}
{"level":"info","message":"⌛ Validating pepita.wlk","timeElapsed":322,"timestamp":"2026-08-14T13:52:37.892Z"}
{"level":"info","message":"⌛ Validating pepita.wlk","timeElapsed":275,"timestamp":"2026-08-14T13:52:38.171Z"}
{"level":"info","message":"⌛ Validating pepita.wlk","timeElapsed":264,"timestamp":"2026-08-14T13:52:38.439Z"}
{"level":"info","message":"⌛ Validating pepita.wlk","timeElapsed":249,"timestamp":"2026-08-14T13:52:38.691Z"}
{"level":"info","message":"⌛ Validating pepita.wlk","timeElapsed":234,"timestamp":"2026-08-14T13:52:38.927Z"}
{"level":"info","message":"⌛ Validating pepita.wlk","timeElapsed":261,"timestamp":"2026-08-14T13:52:39.193Z"}
{"level":"info","message":"⌛ Validating pepita.wlk","timeElapsed":236,"timestamp":"2026-08-14T13:52:39.435Z"}
{"level":"info","message":"⌛ Validating pepita.wlk","timeElapsed":258,"timestamp":"2026-08-14T13:52:39.698Z"}
{"level":"info","message":"⌛ Validating pepita.wlk","timeElapsed":243,"timestamp":"2026-08-14T13:52:39.945Z"}
{"level":"info","message":"⌛ Validating pepita.wlk","timeElapsed":252,"timestamp":"2026-08-14T13:52:40.203Z"}
{"level":"info","message":"⌛ Validating pepita.wlk","timeElapsed":228,"timestamp":"2026-08-14T13:52:40.435Z"}
{"level":"info","message":"⌛ Validating pepita.wlk","timeElapsed":254,"timestamp":"2026-08-14T13:52:40.693Z"}
{"level":"info","message":"⌛ Validating pepita.wlk","timeElapsed":229,"timestamp":"2026-08-14T13:52:40.927Z"}
{"level":"info","message":"⌛ Validating pepita.wlk","timeElapsed":261,"timestamp":"2026-08-14T13:52:41.194Z"}
{"level":"info","message":"⌛ Validating pepita.wlk","timeElapsed":229,"timestamp":"2026-08-14T13:52:41.430Z"}
{"level":"info","message":"⌛ Validating pepita.wlk","timeElapsed":248,"timestamp":"2026-08-14T13:52:41.686Z"}
{"level":"info","message":"⌛ Building environment","timeElapsed":459,"timestamp":"2026-08-14T13:52:56.075Z"}
{"level":"info","message":"⌛ Validating pepita.wlk","timeElapsed":649,"timestamp":"2026-08-14T13:52:56.775Z"}
{"level":"info","message":"⌛ Building environment","timeElapsed":546,"timestamp":"2026-08-14T13:52:57.328Z"}
{"level":"info","message":"⌛ Building environment","timeElapsed":326,"timestamp":"2026-08-14T13:52:57.662Z"}
{"level":"info","message":"⌛ Building environment","timeElapsed":232,"timestamp":"2026-08-14T13:52:57.902Z"}
{"level":"info","message":"⌛ Validating pepita.wlk","timeElapsed":1366,"timestamp":"2026-08-14T13:52:59.323Z"}
{"level":"error","message":"✘ Completions for node Assignment ([83:5, 83:15] - pepita.wlk) failed: Error: [Assignment]{bce151} at pepita.wlk:83 exhausted all cases without a match [Assignment]{bce151} at pepita.wlk:83 exhausted all cases without a match","stack":"Error: [Assignment]{bce151} at pepita.wlk:83 exhausted all cases without a match\n    at c:\\Users\\lukas\\.vscode\\extensions\\uqbar.wollok-lsp-ide-0.5.4\\out\\server\\src\\server.js:38:6142\n    at L2 (c:\\Users\\lukas\\.vscode\\extensions\\uqbar.wollok-lsp-ide-0.5.4\\out\\server\\src\\server.js:2389:42)\n    at Jh (c:\\Users\\lukas\\.vscode\\extensions\\uqbar.wollok-lsp-ide-0.5.4\\out\\server\\src\\server.js:2389:1092)\n    at M5n (c:\\Users\\lukas\\.vscode\\extensions\\uqbar.wollok-lsp-ide-0.5.4\\out\\server\\src\\server.js:2389:1248)\n    at c:\\Users\\lukas\\.vscode\\extensions\\uqbar.wollok-lsp-ide-0.5.4\\out\\server\\src\\server.js:38:6131\n    at L2 (c:\\Users\\lukas\\.vscode\\extensions\\uqbar.wollok-lsp-ide-0.5.4\\out\\server\\src\\server.js:2389:42)\n    at c:\\Users\\lukas\\.vscode\\extensions\\uqbar.wollok-lsp-ide-0.5.4\\out\\server\\src\\server.js:2389:2988\n    at c:\\Users\\lukas\\.vscode\\extensions\\uqbar.wollok-lsp-ide-0.5.4\\out\\server\\src\\server.js:2398:8440\n    at c:\\Users\\lukas\\.vscode\\extensions\\uqbar.wollok-lsp-ide-0.5.4\\out\\server\\src\\server.js:37:74872\n    at Ke (c:\\Users\\lukas\\.vscode\\extensions\\uqbar.wollok-lsp-ide-0.5.4\\out\\server\\src\\server.js:7:8527)","timestamp":"2026-08-14T13:52:59.417Z"}
{"level":"info","message":"⌛ Validating pepita.wlk","timeElapsed":301,"timestamp":"2026-08-14T13:52:59.725Z"}
{"level":"info","message":"⌛ Validating pepita.wlk","timeElapsed":422,"timestamp":"2026-08-14T13:53:00.154Z"}
{"level":"info","message":"⌛ Building environment","timeElapsed":232,"timestamp":"2026-08-14T13:53:00.391Z"}
{"level":"info","message":"⌛ Validating pepita.wlk","timeElapsed":272,"timestamp":"2026-08-14T13:53:00.833Z"}
{"level":"info","message":"⌛ Building environment","timeElapsed":514,"timestamp":"2026-08-14T13:53:01.434Z"}
{"level":"error","message":"✘ Completions for node Assignment ([83:5, 83:15] - pepita.wlk) failed: Error: [Assignment]{7eb07d} at pepita.wlk:83 exhausted all cases without a match [Assignment]{7eb07d} at pepita.wlk:83 exhausted all cases without a match","stack":"Error: [Assignment]{7eb07d} at pepita.wlk:83 exhausted all cases without a match\n    at c:\\Users\\lukas\\.vscode\\extensions\\uqbar.wollok-lsp-ide-0.5.4\\out\\server\\src\\server.js:38:6142\n    at L2 (c:\\Users\\lukas\\.vscode\\extensions\\uqbar.wollok-lsp-ide-0.5.4\\out\\server\\src\\server.js:2389:42)\n    at Jh (c:\\Users\\lukas\\.vscode\\extensions\\uqbar.wollok-lsp-ide-0.5.4\\out\\server\\src\\server.js:2389:1092)\n    at M5n (c:\\Users\\lukas\\.vscode\\extensions\\uqbar.wollok-lsp-ide-0.5.4\\out\\server\\src\\server.js:2389:1248)\n    at c:\\Users\\lukas\\.vscode\\extensions\\uqbar.wollok-lsp-ide-0.5.4\\out\\server\\src\\server.js:38:6131\n    at L2 (c:\\Users\\lukas\\.vscode\\extensions\\uqbar.wollok-lsp-ide-0.5.4\\out\\server\\src\\server.js:2389:42)\n    at c:\\Users\\lukas\\.vscode\\extensions\\uqbar.wollok-lsp-ide-0.5.4\\out\\server\\src\\server.js:2389:2988\n    at c:\\Users\\lukas\\.vscode\\extensions\\uqbar.wollok-lsp-ide-0.5.4\\out\\server\\src\\server.js:2398:8440\n    at c:\\Users\\lukas\\.vscode\\extensions\\uqbar.wollok-lsp-ide-0.5.4\\out\\server\\src\\server.js:37:74872\n    at Ke (c:\\Users\\lukas\\.vscode\\extensions\\uqbar.wollok-lsp-ide-0.5.4\\out\\server\\src\\server.js:7:8527)","timestamp":"2026-08-14T13:53:01.555Z"}
{"level":"info","message":"⌛ Autocomplete - Reference","timeElapsed":109,"timestamp":"2026-08-14T13:53:01.561Z"}
{"level":"info","message":"⌛ Validating pepita.wlk","timeElapsed":471,"timestamp":"2026-08-14T13:53:02.057Z"}
{"level":"info","message":"⌛ Building environment","timeElapsed":551,"timestamp":"2026-08-14T13:53:22.970Z"}
{"level":"info","message":"⌛ Building environment","timeElapsed":868,"timestamp":"2026-08-14T13:53:23.838Z"}
{"level":"info","message":"⌛ Building environment","timeElapsed":768,"timestamp":"2026-08-14T13:53:24.674Z"}
{"level":"info","message":"⌛ Building environment","timeElapsed":479,"timestamp":"2026-08-14T13:53:25.205Z"}
{"level":"info","message":"⌛ Validating pepita.wlk","timeElapsed":626,"timestamp":"2026-08-14T13:53:26.125Z"}
{"level":"error","message":"✘ Completions for node Parameter ([81:17, 81:21] - pepita.wlk) failed: Error: [Parameter]{727baf} at pepita.wlk:81 exhausted all cases without a match [Parameter]{727baf} at pepita.wlk:81 exhausted all cases without a match","stack":"Error: [Parameter]{727baf} at pepita.wlk:81 exhausted all cases without a match\n    at c:\\Users\\lukas\\.vscode\\extensions\\uqbar.wollok-lsp-ide-0.5.4\\out\\server\\src\\server.js:38:6142\n    at L2 (c:\\Users\\lukas\\.vscode\\extensions\\uqbar.wollok-lsp-ide-0.5.4\\out\\server\\src\\server.js:2389:42)\n    at c:\\Users\\lukas\\.vscode\\extensions\\uqbar.wollok-lsp-ide-0.5.4\\out\\server\\src\\server.js:2389:2988\n    at c:\\Users\\lukas\\.vscode\\extensions\\uqbar.wollok-lsp-ide-0.5.4\\out\\server\\src\\server.js:2398:8440\n    at c:\\Users\\lukas\\.vscode\\extensions\\uqbar.wollok-lsp-ide-0.5.4\\out\\server\\src\\server.js:37:74872\n    at Ke (c:\\Users\\lukas\\.vscode\\extensions\\uqbar.wollok-lsp-ide-0.5.4\\out\\server\\src\\server.js:7:8527)\n    at Lt (c:\\Users\\lukas\\.vscode\\extensions\\uqbar.wollok-lsp-ide-0.5.4\\out\\server\\src\\server.js:7:6189)\n    at ct (c:\\Users\\lukas\\.vscode\\extensions\\uqbar.wollok-lsp-ide-0.5.4\\out\\server\\src\\server.js:7:6378)\n    at Immediate._onImmediate (c:\\Users\\lukas\\.vscode\\extensions\\uqbar.wollok-lsp-ide-0.5.4\\out\\server\\src\\server.js:7:6142)\n    at process.processImmediate (node:internal/timers:504:21)","timestamp":"2026-08-14T13:53:26.525Z"}
{"level":"info","message":"⌛ Autocomplete - Parameter","timeElapsed":367,"timestamp":"2026-08-14T13:53:26.574Z"}
{"level":"info","message":"⌛ Validating pepita.wlk","timeElapsed":509,"timestamp":"2026-08-14T13:53:27.433Z"}
{"level":"info","message":"⌛ Validating pepita.wlk","timeElapsed":716,"timestamp":"2026-08-14T13:53:28.151Z"}
{"level":"info","message":"⌛ Validating pepita.wlk","timeElapsed":982,"timestamp":"2026-08-14T13:53:29.744Z"}
{"level":"error","message":"✘ Failed to get type description: Error: Failed to print, found malformed node Failed to print, found malformed node","node":{"id":"75206a86-6c02-409b-9f9a-1e940a34ca4b","metadata":[],"problems":[{"code":"malformedSentence","sourceMap":{"end":{"column":66,"line":89,"offset":1183},"start":{"column":20,"line":89,"offset":1137}}}],"scope":{"containerScope":{"containerScope":{"containerScope":{"containerScope":{"contributions":{},"includedScopes":[]},"contributions":{},"includedScopes":[]},"contributions":{},"includedScopes":[{"containerScope":{"containerScope":{"containerScope":{"contributions":{},"includedScopes":[]},"contributions":{},"includedScopes":[]},"contributions":{},"includedScopes":[]},"contributions":{},"includedScopes":[]}]},"contributions":{},"includedScopes":[]},"contributions":{},"includedScopes":[]},"sentences":[{"id":"bb99338c-f43b-43ce-989c-2141baaf23f8","metadata":[],"name":"energia.pepita","scope":{"containerScope":{"containerScope":{"containerScope":{"containerScope":{"containerScope":{"contributions":{},"includedScopes":[]},"contributions":{},"includedScopes":[]},"contributions":{},"includedScopes":[{"containerScope":{"containerScope":{"containerScope":{"contributions":{},"includedScopes":[]},"contributions":{},"includedScopes":[]},"contributions":{},"includedScopes":[]},"contributions":{},"includedScopes":[]}]},"contributions":{},"includedScopes":[]},"contributions":{},"includedScopes":[]},"contributions":{},"includedScopes":[]},"sourceMap":{"end":{"column":19,"line":89,"offset":1136},"start":{"column":5,"line":89,"offset":1122}}}],"sourceMap":{"end":{"column":3,"line":91,"offset":1189},"start":{"column":28,"line":87,"offset":1113}}},"stack":"Error: Failed to print, found malformed node\n    at c:\\Users\\lukas\\.vscode\\extensions\\uqbar.wollok-lsp-ide-0.5.4\\out\\server\\src\\server.js:68:3585\n    at c:\\Users\\lukas\\.vscode\\extensions\\uqbar.wollok-lsp-ide-0.5.4\\out\\server\\src\\server.js:68:5370\n    at c:\\Users\\lukas\\.vscode\\extensions\\uqbar.wollok-lsp-ide-0.5.4\\out\\server\\src\\server.js:38:6131\n    at c:\\Users\\lukas\\.vscode\\extensions\\uqbar.wollok-lsp-ide-0.5.4\\out\\server\\src\\server.js:68:3664\n    at Kbn (c:\\Users\\lukas\\.vscode\\extensions\\uqbar.wollok-lsp-ide-0.5.4\\out\\server\\src\\server.js:68:3396)\n    at c:\\Users\\lukas\\.vscode\\extensions\\uqbar.wollok-lsp-ide-0.5.4\\out\\server\\src\\server.js:2398:847\n    at c:\\Users\\lukas\\.vscode\\extensions\\uqbar.wollok-lsp-ide-0.5.4\\out\\server\\src\\server.js:2398:8440\n    at c:\\Users\\lukas\\.vscode\\extensions\\uqbar.wollok-lsp-ide-0.5.4\\out\\server\\src\\server.js:37:74770\n    at Ke (c:\\Users\\lukas\\.vscode\\extensions\\uqbar.wollok-lsp-ide-0.5.4\\out\\server\\src\\server.js:7:8527)\n    at Lt (c:\\Users\\lukas\\.vscode\\extensions\\uqbar.wollok-lsp-ide-0.5.4\\out\\server\\src\\server.js:7:6189)","timestamp":"2026-08-14T13:53:55.804Z"}
{"level":"info","message":"⌛ Building environment","timeElapsed":510,"timestamp":"2026-08-14T13:53:57.814Z"}
{"level":"info","message":"⌛ Validating pepita.wlk","timeElapsed":1182,"timestamp":"2026-08-14T13:53:59.022Z"}
{"level":"info","message":"⌛ Building environment","timeElapsed":327,"timestamp":"2026-08-14T13:53:59.349Z"}
{"level":"info","message":"⌛ Validating pepita.wlk","timeElapsed":467,"timestamp":"2026-08-14T13:53:59.949Z"}
{"level":"info","message":"⌛ Building environment","timeElapsed":608,"timestamp":"2026-08-14T13:54:00.663Z"}
{"level":"info","message":"⌛ Building environment","timeElapsed":349,"timestamp":"2026-08-14T13:54:01.032Z"}
{"level":"info","message":"⌛ Validating pepita.wlk","timeElapsed":317,"timestamp":"2026-08-14T13:54:01.421Z"}
{"level":"info","message":"⌛ Validating pepita.wlk","timeElapsed":886,"timestamp":"2026-08-14T13:54:02.319Z"}
{"level":"info","message":"⌛ Building environment","timeElapsed":419,"timestamp":"2026-08-14T13:54:02.742Z"}
{"level":"info","message":"⌛ Autocomplete - Body","timeElapsed":108,"timestamp":"2026-08-14T13:54:02.869Z"}
{"level":"info","message":"⌛ Building environment","timeElapsed":1103,"timestamp":"2026-08-14T13:54:04.102Z"}
{"level":"info","message":"⌛ Building environment","timeElapsed":366,"timestamp":"2026-08-14T13:54:04.470Z"}
{"level":"info","message":"⌛ Building environment","timeElapsed":693,"timestamp":"2026-08-14T13:54:05.163Z"}
{"level":"info","message":"⌛ Building environment","timeElapsed":721,"timestamp":"2026-08-14T13:54:05.886Z"}
{"level":"info","message":"⌛ Building environment","timeElapsed":383,"timestamp":"2026-08-14T13:54:06.273Z"}
{"level":"info","message":"⌛ Building environment","timeElapsed":423,"timestamp":"2026-08-14T13:54:06.755Z"}
{"level":"info","message":"⌛ Building environment","timeElapsed":216,"timestamp":"2026-08-14T13:54:07.034Z"}
{"level":"info","message":"⌛ Building environment","timeElapsed":613,"timestamp":"2026-08-14T13:54:07.649Z"}
{"level":"info","message":"⌛ Building environment","timeElapsed":517,"timestamp":"2026-08-14T13:54:08.167Z"}
{"level":"info","message":"⌛ Building environment","timeElapsed":1157,"timestamp":"2026-08-14T13:54:09.915Z"}
{"level":"info","message":"⌛ Validating pepita.wlk","timeElapsed":800,"timestamp":"2026-08-14T13:54:11.000Z"}
{"level":"info","message":"⌛ Building environment","timeElapsed":1674,"timestamp":"2026-08-14T13:54:12.675Z"}
{"level":"info","message":"⌛ Building environment","timeElapsed":500,"timestamp":"2026-08-14T13:54:13.187Z"}
{"level":"info","message":"⌛ Validating pepita.wlk","timeElapsed":502,"timestamp":"2026-08-14T13:54:13.751Z"}
{"level":"info","message":"⌛ Validating pepita.wlk","timeElapsed":495,"timestamp":"2026-08-14T13:54:14.248Z"}
{"level":"info","message":"⌛ Validating pepita.wlk","timeElapsed":360,"timestamp":"2026-08-14T13:54:14.612Z"}
{"level":"info","message":"⌛ Validating pepita.wlk","timeElapsed":562,"timestamp":"2026-08-14T13:54:15.180Z"}
{"level":"info","message":"⌛ Validating pepita.wlk","timeElapsed":510,"timestamp":"2026-08-14T13:54:15.699Z"}
{"level":"info","message":"⌛ Building environment","timeElapsed":313,"timestamp":"2026-08-14T13:54:16.017Z"}
{"level":"info","message":"⌛ Validating pepita.wlk","timeElapsed":1300,"timestamp":"2026-08-14T13:54:17.333Z"}
{"level":"info","message":"⌛ Building environment","timeElapsed":376,"timestamp":"2026-08-14T13:54:17.921Z"}
{"level":"info","message":"⌛ Building environment","timeElapsed":232,"timestamp":"2026-08-14T13:54:18.162Z"}
{"level":"info","message":"⌛ Building environment","timeElapsed":360,"timestamp":"2026-08-14T13:54:18.529Z"}
{"level":"info","message":"⌛ Validating pepita.wlk","timeElapsed":305,"timestamp":"2026-08-14T13:54:18.880Z"}
{"level":"error","message":"✘ Completions for node Self ([84:20, 84:24] - pepita.wlk) failed: Error: [Self]{229567} at pepita.wlk:84 exhausted all cases without a match [Self]{229567} at pepita.wlk:84 exhausted all cases without a match","stack":"Error: [Self]{229567} at pepita.wlk:84 exhausted all cases without a match\n    at c:\\Users\\lukas\\.vscode\\extensions\\uqbar.wollok-lsp-ide-0.5.4\\out\\server\\src\\server.js:38:6142\n    at L2 (c:\\Users\\lukas\\.vscode\\extensions\\uqbar.wollok-lsp-ide-0.5.4\\out\\server\\src\\server.js:2389:42)\n    at c:\\Users\\lukas\\.vscode\\extensions\\uqbar.wollok-lsp-ide-0.5.4\\out\\server\\src\\server.js:2389:2988\n    at c:\\Users\\lukas\\.vscode\\extensions\\uqbar.wollok-lsp-ide-0.5.4\\out\\server\\src\\server.js:2398:8440\n    at c:\\Users\\lukas\\.vscode\\extensions\\uqbar.wollok-lsp-ide-0.5.4\\out\\server\\src\\server.js:37:74872\n    at Ke (c:\\Users\\lukas\\.vscode\\extensions\\uqbar.wollok-lsp-ide-0.5.4\\out\\server\\src\\server.js:7:8527)\n    at Lt (c:\\Users\\lukas\\.vscode\\extensions\\uqbar.wollok-lsp-ide-0.5.4\\out\\server\\src\\server.js:7:6189)\n    at ct (c:\\Users\\lukas\\.vscode\\extensions\\uqbar.wollok-lsp-ide-0.5.4\\out\\server\\src\\server.js:7:6378)\n    at Immediate._onImmediate (c:\\Users\\lukas\\.vscode\\extensions\\uqbar.wollok-lsp-ide-0.5.4\\out\\server\\src\\server.js:7:6142)\n    at process.processImmediate (node:internal/timers:504:21)","timestamp":"2026-08-14T13:54:18.970Z"}
{"level":"error","message":"✘ Completions for node Send ([84:4, 84:25] - pepita.wlk) failed: Error: [Send]{df3c0e} at pepita.wlk:84 exhausted all cases without a match [Send]{df3c0e} at pepita.wlk:84 exhausted all cases without a match","stack":"Error: [Send]{df3c0e} at pepita.wlk:84 exhausted all cases without a match\n    at c:\\Users\\lukas\\.vscode\\extensions\\uqbar.wollok-lsp-ide-0.5.4\\out\\server\\src\\server.js:38:6142\n    at L2 (c:\\Users\\lukas\\.vscode\\extensions\\uqbar.wollok-lsp-ide-0.5.4\\out\\server\\src\\server.js:2389:42)\n    at Jh (c:\\Users\\lukas\\.vscode\\extensions\\uqbar.wollok-lsp-ide-0.5.4\\out\\server\\src\\server.js:2389:1092)\n    at L2 (c:\\Users\\lukas\\.vscode\\extensions\\uqbar.wollok-lsp-ide-0.5.4\\out\\server\\src\\server.js:2389:544)\n    at c:\\Users\\lukas\\.vscode\\extensions\\uqbar.wollok-lsp-ide-0.5.4\\out\\server\\src\\server.js:2389:2988\n    at c:\\Users\\lukas\\.vscode\\extensions\\uqbar.wollok-lsp-ide-0.5.4\\out\\server\\src\\server.js:2398:8440\n    at c:\\Users\\lukas\\.vscode\\extensions\\uqbar.wollok-lsp-ide-0.5.4\\out\\server\\src\\server.js:37:74872\n    at Ke (c:\\Users\\lukas\\.vscode\\extensions\\uqbar.wollok-lsp-ide-0.5.4\\out\\server\\src\\server.js:7:8527)\n    at Lt (c:\\Users\\lukas\\.vscode\\extensions\\uqbar.wollok-lsp-ide-0.5.4\\out\\server\\src\\server.js:7:6189)\n    at ct (c:\\Users\\lukas\\.vscode\\extensions\\uqbar.wollok-lsp-ide-0.5.4\\out\\server\\src\\server.js:7:6378)","timestamp":"2026-08-14T13:54:18.971Z"}
{"level":"info","message":"⌛ Validating pepita.wlk","timeElapsed":352,"timestamp":"2026-08-14T13:54:19.334Z"}
{"level":"info","message":"⌛ Validating pepita.wlk","timeElapsed":1263,"timestamp":"2026-08-14T13:54:20.603Z"}
{"level":"info","message":"⌛ Validating pepita.wlk","timeElapsed":487,"timestamp":"2026-08-14T13:54:21.099Z"}
{"level":"info","message":"⌛ Validating pepita.wlk","timeElapsed":271,"timestamp":"2026-08-14T13:54:21.522Z"}
{"level":"info","message":"⌛ Validating pepita.wlk","timeElapsed":369,"timestamp":"2026-08-14T13:54:21.895Z"}
{"level":"info","message":"⌛ Building environment","timeElapsed":316,"timestamp":"2026-08-14T13:54:22.221Z"}
{"level":"error","message":"✘ Completions for node Send ([84:4, 84:26] - pepita.wlk) failed: Error: [Send]{0d4fe1} at pepita.wlk:84 exhausted all cases without a match [Send]{0d4fe1} at pepita.wlk:84 exhausted all cases without a match","stack":"Error: [Send]{0d4fe1} at pepita.wlk:84 exhausted all cases without a match\n    at c:\\Users\\lukas\\.vscode\\extensions\\uqbar.wollok-lsp-ide-0.5.4\\out\\server\\src\\server.js:38:6142\n    at L2 (c:\\Users\\lukas\\.vscode\\extensions\\uqbar.wollok-lsp-ide-0.5.4\\out\\server\\src\\server.js:2389:42)\n    at Jh (c:\\Users\\lukas\\.vscode\\extensions\\uqbar.wollok-lsp-ide-0.5.4\\out\\server\\src\\server.js:2389:1092)\n    at M5n (c:\\Users\\lukas\\.vscode\\extensions\\uqbar.wollok-lsp-ide-0.5.4\\out\\server\\src\\server.js:2389:1248)\n    at c:\\Users\\lukas\\.vscode\\extensions\\uqbar.wollok-lsp-ide-0.5.4\\out\\server\\src\\server.js:38:6131\n    at L2 (c:\\Users\\lukas\\.vscode\\extensions\\uqbar.wollok-lsp-ide-0.5.4\\out\\server\\src\\server.js:2389:42)\n    at c:\\Users\\lukas\\.vscode\\extensions\\uqbar.wollok-lsp-ide-0.5.4\\out\\server\\src\\server.js:2389:2988\n    at c:\\Users\\lukas\\.vscode\\extensions\\uqbar.wollok-lsp-ide-0.5.4\\out\\server\\src\\server.js:2398:8440\n    at c:\\Users\\lukas\\.vscode\\extensions\\uqbar.wollok-lsp-ide-0.5.4\\out\\server\\src\\server.js:37:74872\n    at Ke (c:\\Users\\lukas\\.vscode\\extensions\\uqbar.wollok-lsp-ide-0.5.4\\out\\server\\src\\server.js:7:8527)","timestamp":"2026-08-14T13:54:22.357Z"}
{"level":"info","message":"⌛ Validating pepita.wlk","timeElapsed":390,"timestamp":"2026-08-14T13:54:22.798Z"}
{"level":"info","message":"⌛ Validating pepita.wlk","timeElapsed":361,"timestamp":"2026-08-14T13:54:23.174Z"}
{"level":"info","message":"⌛ Validating pepita.wlk","timeElapsed":402,"timestamp":"2026-08-14T13:54:23.582Z"}
{"level":"info","message":"⌛ Validating pepita.wlk","timeElapsed":408,"timestamp":"2026-08-14T13:54:23.997Z"}
{"level":"info","message":"⌛ Validating pepita.wlk","timeElapsed":394,"timestamp":"2026-08-14T13:54:24.463Z"}
{"level":"info","message":"⌛ Building environment","timeElapsed":291,"timestamp":"2026-08-14T13:54:29.784Z"}
{"level":"info","message":"⌛ Validating pepita.wlk","timeElapsed":377,"timestamp":"2026-08-14T13:54:30.182Z"}
{"level":"info","message":"⌛ Building environment","timeElapsed":404,"timestamp":"2026-08-14T13:55:01.597Z"}
{"level":"info","message":"⌛ Building environment","timeElapsed":301,"timestamp":"2026-08-14T13:55:02.760Z"}
{"level":"info","message":"⌛ Validating pepita.wlk","timeElapsed":502,"timestamp":"2026-08-14T13:55:03.302Z"}
{"level":"info","message":"⌛ Building environment","timeElapsed":308,"timestamp":"2026-08-14T13:55:03.628Z"}
{"level":"info","message":"⌛ Validating pepita.wlk","timeElapsed":542,"timestamp":"2026-08-14T13:55:04.205Z"}
{"level":"info","message":"⌛ Validating pepita.wlk","timeElapsed":498,"timestamp":"2026-08-14T13:55:04.810Z"}
{"level":"info","message":"⌛ Building environment","timeElapsed":872,"timestamp":"2026-08-14T13:55:05.686Z"}
{"level":"info","message":"⌛ Building environment","timeElapsed":633,"timestamp":"2026-08-14T13:55:06.438Z"}
{"level":"info","message":"⌛ Building environment","timeElapsed":470,"timestamp":"2026-08-14T13:55:06.925Z"}
{"level":"info","message":"⌛ Building environment","timeElapsed":894,"timestamp":"2026-08-14T13:55:07.913Z"}
{"level":"info","message":"⌛ Building environment","timeElapsed":524,"timestamp":"2026-08-14T13:55:08.486Z"}
{"level":"info","message":"⌛ Building environment","timeElapsed":473,"timestamp":"2026-08-14T13:55:08.971Z"}
{"level":"info","message":"⌛ Validating pepita.wlk","timeElapsed":779,"timestamp":"2026-08-14T13:55:09.761Z"}
{"level":"info","message":"⌛ Building environment","timeElapsed":407,"timestamp":"2026-08-14T13:55:10.170Z"}
{"level":"info","message":"⌛ Building environment","timeElapsed":314,"timestamp":"2026-08-14T13:55:10.496Z"}
{"level":"info","message":"⌛ Building environment","timeElapsed":243,"timestamp":"2026-08-14T13:55:10.786Z"}
{"level":"info","message":"⌛ Building environment","timeElapsed":390,"timestamp":"2026-08-14T13:55:11.203Z"}
{"level":"info","message":"⌛ Building environment","timeElapsed":269,"timestamp":"2026-08-14T13:55:11.528Z"}
{"level":"info","message":"⌛ Building environment","timeElapsed":488,"timestamp":"2026-08-14T13:55:12.018Z"}
{"level":"info","message":"⌛ Building environment","timeElapsed":717,"timestamp":"2026-08-14T13:55:12.775Z"}
{"level":"info","message":"⌛ Validating pepita.wlk","timeElapsed":643,"timestamp":"2026-08-14T13:55:13.513Z"}
{"level":"info","message":"⌛ Validating pepita.wlk","timeElapsed":691,"timestamp":"2026-08-14T13:55:14.205Z"}
{"level":"info","message":"⌛ Validating pepita.wlk","timeElapsed":526,"timestamp":"2026-08-14T13:55:14.738Z"}
{"level":"info","message":"⌛ Validating pepita.wlk","timeElapsed":419,"timestamp":"2026-08-14T13:55:15.166Z"}
{"level":"info","message":"⌛ Validating pepita.wlk","timeElapsed":408,"timestamp":"2026-08-14T13:55:15.578Z"}
{"level":"info","message":"⌛ Building environment","timeElapsed":263,"timestamp":"2026-08-14T13:55:15.846Z"}
{"level":"info","message":"⌛ Validating pepita.wlk","timeElapsed":396,"timestamp":"2026-08-14T13:55:16.309Z"}
{"level":"info","message":"⌛ Validating pepita.wlk","timeElapsed":412,"timestamp":"2026-08-14T13:55:16.727Z"}
{"level":"info","message":"⌛ Validating pepita.wlk","timeElapsed":469,"timestamp":"2026-08-14T13:55:17.203Z"}
{"level":"info","message":"⌛ Validating pepita.wlk","timeElapsed":509,"timestamp":"2026-08-14T13:55:17.717Z"}
{"level":"info","message":"⌛ Validating pepita.wlk","timeElapsed":760,"timestamp":"2026-08-14T13:55:18.480Z"}
{"level":"info","message":"⌛ Building environment","timeElapsed":982,"timestamp":"2026-08-14T13:55:19.517Z"}
{"level":"info","message":"⌛ Validating pepita.wlk","timeElapsed":445,"timestamp":"2026-08-14T13:55:19.971Z"}
{"level":"info","message":"⌛ Validating pepita.wlk","timeElapsed":530,"timestamp":"2026-08-14T13:55:20.526Z"}
{"level":"info","message":"⌛ Validating pepita.wlk","timeElapsed":375,"timestamp":"2026-08-14T13:55:20.901Z"}
{"level":"info","message":"⌛ Validating pepita.wlk","timeElapsed":508,"timestamp":"2026-08-14T13:55:21.568Z"}
{"level":"info","message":"⌛ Building environment","timeElapsed":1241,"timestamp":"2026-08-14T13:55:22.829Z"}
{"level":"info","message":"⌛ Building environment","timeElapsed":616,"timestamp":"2026-08-14T13:55:23.497Z"}
{"level":"info","message":"⌛ Building environment","timeElapsed":872,"timestamp":"2026-08-14T13:55:24.416Z"}
{"level":"info","message":"⌛ Building environment","timeElapsed":361,"timestamp":"2026-08-14T13:55:24.835Z"}
{"level":"info","message":"⌛ Building environment","timeElapsed":517,"timestamp":"2026-08-14T13:55:25.397Z"}
{"level":"info","message":"⌛ Building environment","timeElapsed":573,"timestamp":"2026-08-14T13:55:26.007Z"}
{"level":"info","message":"⌛ Building environment","timeElapsed":521,"timestamp":"2026-08-14T13:55:26.530Z"}
{"level":"info","message":"⌛ Validating pepita.wlk","timeElapsed":765,"timestamp":"2026-08-14T13:55:27.296Z"}
{"level":"info","message":"⌛ Building environment","timeElapsed":754,"timestamp":"2026-08-14T13:55:28.082Z"}
{"level":"info","message":"⌛ Building environment","timeElapsed":1015,"timestamp":"2026-08-14T13:55:29.098Z"}
{"level":"info","message":"⌛ Building environment","timeElapsed":1321,"timestamp":"2026-08-14T13:55:30.421Z"}
{"level":"info","message":"⌛ Building environment","timeElapsed":370,"timestamp":"2026-08-14T13:55:30.849Z"}
{"level":"info","message":"⌛ Building environment","timeElapsed":415,"timestamp":"2026-08-14T13:55:31.270Z"}
{"level":"info","message":"⌛ Building environment","timeElapsed":277,"timestamp":"2026-08-14T13:55:31.557Z"}
{"level":"info","message":"⌛ Building environment","timeElapsed":243,"timestamp":"2026-08-14T13:55:31.813Z"}
{"level":"info","message":"⌛ Building environment","timeElapsed":298,"timestamp":"2026-08-14T13:55:32.114Z"}
{"level":"info","message":"⌛ Building environment","timeElapsed":494,"timestamp":"2026-08-14T13:55:32.804Z"}
{"level":"info","message":"⌛ Building environment","timeElapsed":266,"timestamp":"2026-08-14T13:55:33.081Z"}
{"level":"info","message":"⌛ Building environment","timeElapsed":232,"timestamp":"2026-08-14T13:55:33.336Z"}
{"level":"info","message":"⌛ Building environment","timeElapsed":306,"timestamp":"2026-08-14T13:55:33.650Z"}
{"level":"info","message":"⌛ Building environment","timeElapsed":203,"timestamp":"2026-08-14T13:55:33.861Z"}
{"level":"info","message":"⌛ Building environment","timeElapsed":315,"timestamp":"2026-08-14T13:55:34.231Z"}
{"level":"info","message":"⌛ Building environment","timeElapsed":203,"timestamp":"2026-08-14T13:55:34.474Z"}
{"level":"error","message":"✘ Completions for node Literal ([4:22, 4:26] - pepita.wlk) failed: Error: null [Literal]{61896d} at pepita.wlk:4 exhausted all cases without a match null [Literal]{61896d} at pepita.wlk:4 exhausted all cases without a match","stack":"Error: null [Literal]{61896d} at pepita.wlk:4 exhausted all cases without a match\n    at c:\\Users\\lukas\\.vscode\\extensions\\uqbar.wollok-lsp-ide-0.5.4\\out\\server\\src\\server.js:38:6142\n    at L2 (c:\\Users\\lukas\\.vscode\\extensions\\uqbar.wollok-lsp-ide-0.5.4\\out\\server\\src\\server.js:2389:42)\n    at c:\\Users\\lukas\\.vscode\\extensions\\uqbar.wollok-lsp-ide-0.5.4\\out\\server\\src\\server.js:2389:2988\n    at c:\\Users\\lukas\\.vscode\\extensions\\uqbar.wollok-lsp-ide-0.5.4\\out\\server\\src\\server.js:2398:8440\n    at c:\\Users\\lukas\\.vscode\\extensions\\uqbar.wollok-lsp-ide-0.5.4\\out\\server\\src\\server.js:37:74872\n    at Ke (c:\\Users\\lukas\\.vscode\\extensions\\uqbar.wollok-lsp-ide-0.5.4\\out\\server\\src\\server.js:7:8527)\n    at Lt (c:\\Users\\lukas\\.vscode\\extensions\\uqbar.wollok-lsp-ide-0.5.4\\out\\server\\src\\server.js:7:6189)\n    at ct (c:\\Users\\lukas\\.vscode\\extensions\\uqbar.wollok-lsp-ide-0.5.4\\out\\server\\src\\server.js:7:6378)\n    at Immediate._onImmediate (c:\\Users\\lukas\\.vscode\\extensions\\uqbar.wollok-lsp-ide-0.5.4\\out\\server\\src\\server.js:7:6142)\n    at process.processImmediate (node:internal/timers:504:21)","timestamp":"2026-08-14T13:55:34.645Z"}
{"level":"info","message":"⌛ Validating pepita.wlk","timeElapsed":283,"timestamp":"2026-08-14T13:55:34.933Z"}
{"level":"info","message":"⌛ Validating pepita.wlk","timeElapsed":300,"timestamp":"2026-08-14T13:55:35.234Z"}
{"level":"info","message":"⌛ Validating pepita.wlk","timeElapsed":241,"timestamp":"2026-08-14T13:55:35.481Z"}
{"level":"info","message":"⌛ Validating pepita.wlk","timeElapsed":938,"timestamp":"2026-08-14T13:55:36.422Z"}
{"level":"info","message":"⌛ Validating pepita.wlk","timeElapsed":261,"timestamp":"2026-08-14T13:55:36.686Z"}
{"level":"info","message":"⌛ Validating pepita.wlk","timeElapsed":316,"timestamp":"2026-08-14T13:55:37.012Z"}
{"level":"info","message":"⌛ Validating pepita.wlk","timeElapsed":262,"timestamp":"2026-08-14T13:55:37.279Z"}
{"level":"info","message":"⌛ Validating pepita.wlk","timeElapsed":238,"timestamp":"2026-08-14T13:55:37.530Z"}
{"level":"info","message":"⌛ Validating pepita.wlk","timeElapsed":250,"timestamp":"2026-08-14T13:55:37.784Z"}
{"level":"info","message":"⌛ Validating pepita.wlk","timeElapsed":279,"timestamp":"2026-08-14T13:55:38.074Z"}
{"level":"info","message":"⌛ Validating pepita.wlk","timeElapsed":232,"timestamp":"2026-08-14T13:55:38.311Z"}
{"level":"info","message":"⌛ Validating pepita.wlk","timeElapsed":275,"timestamp":"2026-08-14T13:55:38.593Z"}
{"level":"info","message":"⌛ Validating pepita.wlk","timeElapsed":235,"timestamp":"2026-08-14T13:55:38.836Z"}
{"level":"info","message":"⌛ Validating pepita.wlk","timeElapsed":292,"timestamp":"2026-08-14T13:55:39.135Z"}
{"level":"info","message":"⌛ Validating pepita.wlk","timeElapsed":319,"timestamp":"2026-08-14T13:55:39.464Z"}
{"level":"info","message":"⌛ Validating pepita.wlk","timeElapsed":244,"timestamp":"2026-08-14T13:55:39.712Z"}
{"level":"info","message":"⌛ Validating pepita.wlk","timeElapsed":294,"timestamp":"2026-08-14T13:55:40.009Z"}
{"level":"info","message":"⌛ Validating pepita.wlk","timeElapsed":255,"timestamp":"2026-08-14T13:55:40.268Z"}
{"level":"info","message":"⌛ Validating pepita.wlk","timeElapsed":277,"timestamp":"2026-08-14T13:55:40.551Z"}
{"level":"info","message":"⌛ Validating pepita.wlk","timeElapsed":236,"timestamp":"2026-08-14T13:55:40.792Z"}
{"level":"info","message":"⌛ Validating pepita.wlk","timeElapsed":276,"timestamp":"2026-08-14T13:55:41.100Z"}
{"level":"info","message":"⌛ Building environment","timeElapsed":1089,"timestamp":"2026-08-14T13:57:07.561Z"}
{"level":"info","message":"⌛ Building environment","timeElapsed":344,"timestamp":"2026-08-14T13:57:07.941Z"}
{"level":"info","message":"⌛ Validating pepita.wlk","timeElapsed":557,"timestamp":"2026-08-14T13:57:08.570Z"}
{"level":"info","message":"⌛ Validating pepita.wlk","timeElapsed":391,"timestamp":"2026-08-14T13:57:08.972Z"}
{"level":"info","message":"⌛ Building environment","timeElapsed":325,"timestamp":"2026-08-14T13:57:09.301Z"}
{"level":"info","message":"⌛ Validating pepita.wlk","timeElapsed":354,"timestamp":"2026-08-14T13:57:09.710Z"}
{"level":"info","message":"⌛ Building environment","timeElapsed":335,"timestamp":"2026-08-14T13:57:11.193Z"}
{"level":"info","message":"⌛ Validating pepita.wlk","timeElapsed":366,"timestamp":"2026-08-14T13:57:11.563Z"}
{"level":"info","message":"⌛ Building environment","timeElapsed":452,"timestamp":"2026-08-14T13:57:16.293Z"}
{"level":"info","message":"⌛ Validating pepita.wlk","timeElapsed":430,"timestamp":"2026-08-14T13:57:16.978Z"}
{"level":"info","message":"⌛ Building environment","timeElapsed":411,"timestamp":"2026-08-14T13:57:18.776Z"}
{"level":"info","message":"⌛ Validating pepita.wlk","timeElapsed":1229,"timestamp":"2026-08-14T13:57:20.057Z"}
{"level":"info","message":"⌛ Building environment","timeElapsed":427,"timestamp":"2026-08-14T13:57:26.414Z"}
{"level":"info","message":"⌛ Validating pepita.wlk","timeElapsed":1330,"timestamp":"2026-08-14T13:57:27.790Z"}
{"level":"info","message":"⌛ Building environment","timeElapsed":381,"timestamp":"2026-08-14T13:57:28.172Z"}
{"level":"info","message":"⌛ Building environment","timeElapsed":285,"timestamp":"2026-08-14T13:57:28.495Z"}
{"level":"info","message":"⌛ Validating pepita.wlk","timeElapsed":399,"timestamp":"2026-08-14T13:57:28.937Z"}
{"level":"info","message":"⌛ Validating pepita.wlk","timeElapsed":431,"timestamp":"2026-08-14T13:57:29.442Z"}
{"level":"info","message":"⌛ Building environment","timeElapsed":807,"timestamp":"2026-08-14T13:57:34.274Z"}
{"level":"info","message":"⌛ Building environment","timeElapsed":476,"timestamp":"2026-08-14T13:57:34.778Z"}
{"level":"info","message":"⌛ Building environment","timeElapsed":356,"timestamp":"2026-08-14T13:57:35.172Z"}
{"level":"info","message":"⌛ Building environment","timeElapsed":261,"timestamp":"2026-08-14T13:57:35.474Z"}
{"level":"info","message":"⌛ Building environment","timeElapsed":226,"timestamp":"2026-08-14T13:57:35.739Z"}
{"level":"info","message":"⌛ Building environment","timeElapsed":212,"timestamp":"2026-08-14T13:57:35.987Z"}
{"level":"info","message":"⌛ Validating pepita.wlk","timeElapsed":477,"timestamp":"2026-08-14T13:57:36.504Z"}
{"level":"info","message":"⌛ Validating pepita.wlk","timeElapsed":429,"timestamp":"2026-08-14T13:57:36.972Z"}
{"level":"info","message":"⌛ Validating pepita.wlk","timeElapsed":333,"timestamp":"2026-08-14T13:57:37.308Z"}
{"level":"info","message":"⌛ Validating pepita.wlk","timeElapsed":356,"timestamp":"2026-08-14T13:57:37.668Z"}
{"level":"info","message":"⌛ Validating pepita.wlk","timeElapsed":266,"timestamp":"2026-08-14T13:57:37.940Z"}
{"level":"info","message":"⌛ Validating pepita.wlk","timeElapsed":325,"timestamp":"2026-08-14T13:57:38.269Z"}
{"level":"info","message":"⌛ Building environment","timeElapsed":443,"timestamp":"2026-08-14T13:57:50.062Z"}
{"level":"info","message":"⌛ Validating pepita.wlk","timeElapsed":341,"timestamp":"2026-08-14T13:57:50.417Z"}
{"level":"info","message":"⌛ Building environment","timeElapsed":630,"timestamp":"2026-08-14T13:57:51.604Z"}
{"level":"info","message":"⌛ Validating pepita.wlk","timeElapsed":583,"timestamp":"2026-08-14T13:57:52.502Z"}
{"level":"info","message":"⌛ Building environment","timeElapsed":821,"timestamp":"2026-08-14T13:58:12.674Z"}
{"level":"info","message":"⌛ Validating pepita.wlk","timeElapsed":1399,"timestamp":"2026-08-14T13:58:14.353Z"}
{"level":"error","message":"✘ Failed to get type description: Error: Failed to print, found malformed node Failed to print, found malformed node","node":{"id":"a7d4d46a-9ba8-41e4-a0eb-d778ed133ded","metadata":[],"problems":[{"code":"malformedSentence","sourceMap":{"end":{"column":60,"line":101,"offset":1419},"start":{"column":17,"line":101,"offset":1376}}}],"scope":{"containerScope":{"containerScope":{"containerScope":{"containerScope":{"contributions":{},"includedScopes":[]},"contributions":{},"includedScopes":[]},"contributions":{},"includedScopes":[{"containerScope":{"containerScope":{"containerScope":{"contributions":{},"includedScopes":[]},"contributions":{},"includedScopes":[]},"contributions":{},"includedScopes":[]},"contributions":{},"includedScopes":[]}]},"contributions":{},"includedScopes":[]},"contributions":{},"includedScopes":[]},"sentences":[{"id":"ac7ba8f4-69ae-4d42-a524-b035b4ef24a6","metadata":[],"name":"ave.energia","scope":{"containerScope":{"containerScope":{"containerScope":{"containerScope":{"containerScope":{"contributions":{},"includedScopes":[]},"contributions":{},"includedScopes":[]},"contributions":{},"includedScopes":[{"containerScope":{"containerScope":{"containerScope":{"contributions":{},"includedScopes":[]},"contributions":{},"includedScopes":[]},"contributions":{},"includedScopes":[]},"contributions":{},"includedScopes":[]}]},"contributions":{},"includedScopes":[]},"contributions":{},"includedScopes":[]},"contributions":{},"includedScopes":[]},"sourceMap":{"end":{"column":16,"line":101,"offset":1375},"start":{"column":5,"line":101,"offset":1364}}}],"sourceMap":{"end":{"column":3,"line":103,"offset":1425},"start":{"column":28,"line":99,"offset":1355}}},"stack":"Error: Failed to print, found malformed node\n    at c:\\Users\\lukas\\.vscode\\extensions\\uqbar.wollok-lsp-ide-0.5.4\\out\\server\\src\\server.js:68:3585\n    at c:\\Users\\lukas\\.vscode\\extensions\\uqbar.wollok-lsp-ide-0.5.4\\out\\server\\src\\server.js:68:5370\n    at c:\\Users\\lukas\\.vscode\\extensions\\uqbar.wollok-lsp-ide-0.5.4\\out\\server\\src\\server.js:38:6131\n    at c:\\Users\\lukas\\.vscode\\extensions\\uqbar.wollok-lsp-ide-0.5.4\\out\\server\\src\\server.js:68:3664\n    at Kbn (c:\\Users\\lukas\\.vscode\\extensions\\uqbar.wollok-lsp-ide-0.5.4\\out\\server\\src\\server.js:68:3396)\n    at c:\\Users\\lukas\\.vscode\\extensions\\uqbar.wollok-lsp-ide-0.5.4\\out\\server\\src\\server.js:2398:847\n    at c:\\Users\\lukas\\.vscode\\extensions\\uqbar.wollok-lsp-ide-0.5.4\\out\\server\\src\\server.js:2398:8440\n    at c:\\Users\\lukas\\.vscode\\extensions\\uqbar.wollok-lsp-ide-0.5.4\\out\\server\\src\\server.js:37:74770\n    at Ke (c:\\Users\\lukas\\.vscode\\extensions\\uqbar.wollok-lsp-ide-0.5.4\\out\\server\\src\\server.js:7:8527)\n    at Lt (c:\\Users\\lukas\\.vscode\\extensions\\uqbar.wollok-lsp-ide-0.5.4\\out\\server\\src\\server.js:7:6189)","timestamp":"2026-08-14T13:59:20.284Z"}
{"level":"error","message":"✘ Failed to get type description: Error: Failed to print, found malformed node Failed to print, found malformed node","node":{"id":"a7d4d46a-9ba8-41e4-a0eb-d778ed133ded","metadata":[],"problems":[{"code":"malformedSentence","sourceMap":{"end":{"column":60,"line":101,"offset":1419},"start":{"column":17,"line":101,"offset":1376}}}],"scope":{"containerScope":{"containerScope":{"containerScope":{"containerScope":{"contributions":{},"includedScopes":[]},"contributions":{},"includedScopes":[]},"contributions":{},"includedScopes":[{"containerScope":{"containerScope":{"containerScope":{"contributions":{},"includedScopes":[]},"contributions":{},"includedScopes":[]},"contributions":{},"includedScopes":[]},"contributions":{},"includedScopes":[]}]},"contributions":{},"includedScopes":[]},"contributions":{},"includedScopes":[]},"sentences":[{"id":"ac7ba8f4-69ae-4d42-a524-b035b4ef24a6","metadata":[],"name":"ave.energia","scope":{"containerScope":{"containerScope":{"containerScope":{"containerScope":{"containerScope":{"contributions":{},"includedScopes":[]},"contributions":{},"includedScopes":[]},"contributions":{},"includedScopes":[{"containerScope":{"containerScope":{"containerScope":{"contributions":{},"includedScopes":[]},"contributions":{},"includedScopes":[]},"contributions":{},"includedScopes":[]},"contributions":{},"includedScopes":[]}]},"contributions":{},"includedScopes":[]},"contributions":{},"includedScopes":[]},"contributions":{},"includedScopes":[]},"sourceMap":{"end":{"column":16,"line":101,"offset":1375},"start":{"column":5,"line":101,"offset":1364}}}],"sourceMap":{"end":{"column":3,"line":103,"offset":1425},"start":{"column":28,"line":99,"offset":1355}}},"stack":"Error: Failed to print, found malformed node\n    at c:\\Users\\lukas\\.vscode\\extensions\\uqbar.wollok-lsp-ide-0.5.4\\out\\server\\src\\server.js:68:3585\n    at c:\\Users\\lukas\\.vscode\\extensions\\uqbar.wollok-lsp-ide-0.5.4\\out\\server\\src\\server.js:68:5370\n    at c:\\Users\\lukas\\.vscode\\extensions\\uqbar.wollok-lsp-ide-0.5.4\\out\\server\\src\\server.js:38:6131\n    at c:\\Users\\lukas\\.vscode\\extensions\\uqbar.wollok-lsp-ide-0.5.4\\out\\server\\src\\server.js:68:3664\n    at Kbn (c:\\Users\\lukas\\.vscode\\extensions\\uqbar.wollok-lsp-ide-0.5.4\\out\\server\\src\\server.js:68:3396)\n    at c:\\Users\\lukas\\.vscode\\extensions\\uqbar.wollok-lsp-ide-0.5.4\\out\\server\\src\\server.js:2398:847\n    at c:\\Users\\lukas\\.vscode\\extensions\\uqbar.wollok-lsp-ide-0.5.4\\out\\server\\src\\server.js:2398:8440\n    at c:\\Users\\lukas\\.vscode\\extensions\\uqbar.wollok-lsp-ide-0.5.4\\out\\server\\src\\server.js:37:74770\n    at Ke (c:\\Users\\lukas\\.vscode\\extensions\\uqbar.wollok-lsp-ide-0.5.4\\out\\server\\src\\server.js:7:8527)\n    at Lt (c:\\Users\\lukas\\.vscode\\extensions\\uqbar.wollok-lsp-ide-0.5.4\\out\\server\\src\\server.js:7:6189)","timestamp":"2026-08-14T13:59:20.600Z"}
{"level":"info","message":"⌛ Building environment","timeElapsed":511,"timestamp":"2026-08-14T13:59:22.435Z"}
{"level":"info","message":"⌛ Validating pepita.wlk","timeElapsed":658,"timestamp":"2026-08-14T13:59:23.216Z"}
{"level":"info","message":"⌛ Autocomplete - Reference","timeElapsed":134,"timestamp":"2026-08-14T13:59:23.408Z"}
{"level":"error","message":"✘ Failed to get type description: Error: Failed to print, found malformed node Failed to print, found malformed node","node":{"id":"b8c89f47-d68e-4474-a20f-6631eb4555fc","metadata":[],"problems":[{"code":"malformedSentence","sourceMap":{"end":{"column":61,"line":101,"offset":1420},"start":{"column":18,"line":101,"offset":1377}}}],"scope":{"containerScope":{"containerScope":{"containerScope":{"containerScope":{"contributions":{},"includedScopes":[]},"contributions":{},"includedScopes":[]},"contributions":{},"includedScopes":[{"containerScope":{"containerScope":{"containerScope":{"contributions":{},"includedScopes":[]},"contributions":{},"includedScopes":[]},"contributions":{},"includedScopes":[]},"contributions":{},"includedScopes":[]}]},"contributions":{},"includedScopes":[]},"contributions":{},"includedScopes":[]},"sentences":[{"id":"97c47d90-e3c1-4726-965c-21e2f3471ca5","metadata":[],"name":"_ave.energia","scope":{"containerScope":{"containerScope":{"containerScope":{"containerScope":{"containerScope":{"contributions":{},"includedScopes":[]},"contributions":{},"includedScopes":[]},"contributions":{},"includedScopes":[{"containerScope":{"containerScope":{"containerScope":{"contributions":{},"includedScopes":[]},"contributions":{},"includedScopes":[]},"contributions":{},"includedScopes":[]},"contributions":{},"includedScopes":[]}]},"contributions":{},"includedScopes":[]},"contributions":{},"includedScopes":[]},"contributions":{},"includedScopes":[]},"sourceMap":{"end":{"column":17,"line":101,"offset":1376},"start":{"column":5,"line":101,"offset":1364}}}],"sourceMap":{"end":{"column":3,"line":103,"offset":1426},"start":{"column":28,"line":99,"offset":1355}}},"stack":"Error: Failed to print, found malformed node\n    at c:\\Users\\lukas\\.vscode\\extensions\\uqbar.wollok-lsp-ide-0.5.4\\out\\server\\src\\server.js:68:3585\n    at c:\\Users\\lukas\\.vscode\\extensions\\uqbar.wollok-lsp-ide-0.5.4\\out\\server\\src\\server.js:68:5370\n    at c:\\Users\\lukas\\.vscode\\extensions\\uqbar.wollok-lsp-ide-0.5.4\\out\\server\\src\\server.js:38:6131\n    at c:\\Users\\lukas\\.vscode\\extensions\\uqbar.wollok-lsp-ide-0.5.4\\out\\server\\src\\server.js:68:3664\n    at Kbn (c:\\Users\\lukas\\.vscode\\extensions\\uqbar.wollok-lsp-ide-0.5.4\\out\\server\\src\\server.js:68:3396)\n    at c:\\Users\\lukas\\.vscode\\extensions\\uqbar.wollok-lsp-ide-0.5.4\\out\\server\\src\\server.js:2398:847\n    at c:\\Users\\lukas\\.vscode\\extensions\\uqbar.wollok-lsp-ide-0.5.4\\out\\server\\src\\server.js:2398:8440\n    at c:\\Users\\lukas\\.vscode\\extensions\\uqbar.wollok-lsp-ide-0.5.4\\out\\server\\src\\server.js:37:74770\n    at Ke (c:\\Users\\lukas\\.vscode\\extensions\\uqbar.wollok-lsp-ide-0.5.4\\out\\server\\src\\server.js:7:8527)\n    at Lt (c:\\Users\\lukas\\.vscode\\extensions\\uqbar.wollok-lsp-ide-0.5.4\\out\\server\\src\\server.js:7:6189)","timestamp":"2026-08-14T13:59:24.073Z"}
{"level":"error","message":"✘ Failed to get type description: Error: Failed to print, found malformed node Failed to print, found malformed node","node":{"id":"b8c89f47-d68e-4474-a20f-6631eb4555fc","metadata":[],"problems":[{"code":"malformedSentence","sourceMap":{"end":{"column":61,"line":101,"offset":1420},"start":{"column":18,"line":101,"offset":1377}}}],"scope":{"containerScope":{"containerScope":{"containerScope":{"containerScope":{"contributions":{},"includedScopes":[]},"contributions":{},"includedScopes":[]},"contributions":{},"includedScopes":[{"containerScope":{"containerScope":{"containerScope":{"contributions":{},"includedScopes":[]},"contributions":{},"includedScopes":[]},"contributions":{},"includedScopes":[]},"contributions":{},"includedScopes":[]}]},"contributions":{},"includedScopes":[]},"contributions":{},"includedScopes":[]},"sentences":[{"id":"97c47d90-e3c1-4726-965c-21e2f3471ca5","metadata":[],"name":"_ave.energia","scope":{"containerScope":{"containerScope":{"containerScope":{"containerScope":{"containerScope":{"contributions":{},"includedScopes":[]},"contributions":{},"includedScopes":[]},"contributions":{},"includedScopes":[{"containerScope":{"containerScope":{"containerScope":{"contributions":{},"includedScopes":[]},"contributions":{},"includedScopes":[]},"contributions":{},"includedScopes":[]},"contributions":{},"includedScopes":[]}]},"contributions":{},"includedScopes":[]},"contributions":{},"includedScopes":[]},"contributions":{},"includedScopes":[]},"sourceMap":{"end":{"column":17,"line":101,"offset":1376},"start":{"column":5,"line":101,"offset":1364}}}],"sourceMap":{"end":{"column":3,"line":103,"offset":1426},"start":{"column":28,"line":99,"offset":1355}}},"stack":"Error: Failed to print, found malformed node\n    at c:\\Users\\lukas\\.vscode\\extensions\\uqbar.wollok-lsp-ide-0.5.4\\out\\server\\src\\server.js:68:3585\n    at c:\\Users\\lukas\\.vscode\\extensions\\uqbar.wollok-lsp-ide-0.5.4\\out\\server\\src\\server.js:68:5370\n    at c:\\Users\\lukas\\.vscode\\extensions\\uqbar.wollok-lsp-ide-0.5.4\\out\\server\\src\\server.js:38:6131\n    at c:\\Users\\lukas\\.vscode\\extensions\\uqbar.wollok-lsp-ide-0.5.4\\out\\server\\src\\server.js:68:3664\n    at Kbn (c:\\Users\\lukas\\.vscode\\extensions\\uqbar.wollok-lsp-ide-0.5.4\\out\\server\\src\\server.js:68:3396)\n    at c:\\Users\\lukas\\.vscode\\extensions\\uqbar.wollok-lsp-ide-0.5.4\\out\\server\\src\\server.js:2398:847\n    at c:\\Users\\lukas\\.vscode\\extensions\\uqbar.wollok-lsp-ide-0.5.4\\out\\server\\src\\server.js:2398:8440\n    at c:\\Users\\lukas\\.vscode\\extensions\\uqbar.wollok-lsp-ide-0.5.4\\out\\server\\src\\server.js:37:74770\n    at Ke (c:\\Users\\lukas\\.vscode\\extensions\\uqbar.wollok-lsp-ide-0.5.4\\out\\server\\src\\server.js:7:8527)\n    at Lt (c:\\Users\\lukas\\.vscode\\extensions\\uqbar.wollok-lsp-ide-0.5.4\\out\\server\\src\\server.js:7:6189)","timestamp":"2026-08-14T13:59:24.322Z"}
{"level":"error","message":"✘ Failed to get type description: Error: Failed to print, found malformed node Failed to print, found malformed node","node":{"id":"b8c89f47-d68e-4474-a20f-6631eb4555fc","metadata":[],"problems":[{"code":"malformedSentence","sourceMap":{"end":{"column":61,"line":101,"offset":1420},"start":{"column":18,"line":101,"offset":1377}}}],"scope":{"containerScope":{"containerScope":{"containerScope":{"containerScope":{"contributions":{},"includedScopes":[]},"contributions":{},"includedScopes":[]},"contributions":{},"includedScopes":[{"containerScope":{"containerScope":{"containerScope":{"contributions":{},"includedScopes":[]},"contributions":{},"includedScopes":[]},"contributions":{},"includedScopes":[]},"contributions":{},"includedScopes":[]}]},"contributions":{},"includedScopes":[]},"contributions":{},"includedScopes":[]},"sentences":[{"id":"97c47d90-e3c1-4726-965c-21e2f3471ca5","metadata":[],"name":"_ave.energia","scope":{"containerScope":{"containerScope":{"containerScope":{"containerScope":{"containerScope":{"contributions":{},"includedScopes":[]},"contributions":{},"includedScopes":[]},"contributions":{},"includedScopes":[{"containerScope":{"containerScope":{"containerScope":{"contributions":{},"includedScopes":[]},"contributions":{},"includedScopes":[]},"contributions":{},"includedScopes":[]},"contributions":{},"includedScopes":[]}]},"contributions":{},"includedScopes":[]},"contributions":{},"includedScopes":[]},"contributions":{},"includedScopes":[]},"sourceMap":{"end":{"column":17,"line":101,"offset":1376},"start":{"column":5,"line":101,"offset":1364}}}],"sourceMap":{"end":{"column":3,"line":103,"offset":1426},"start":{"column":28,"line":99,"offset":1355}}},"stack":"Error: Failed to print, found malformed node\n    at c:\\Users\\lukas\\.vscode\\extensions\\uqbar.wollok-lsp-ide-0.5.4\\out\\server\\src\\server.js:68:3585\n    at c:\\Users\\lukas\\.vscode\\extensions\\uqbar.wollok-lsp-ide-0.5.4\\out\\server\\src\\server.js:68:5370\n    at c:\\Users\\lukas\\.vscode\\extensions\\uqbar.wollok-lsp-ide-0.5.4\\out\\server\\src\\server.js:38:6131\n    at c:\\Users\\lukas\\.vscode\\extensions\\uqbar.wollok-lsp-ide-0.5.4\\out\\server\\src\\server.js:68:3664\n    at Kbn (c:\\Users\\lukas\\.vscode\\extensions\\uqbar.wollok-lsp-ide-0.5.4\\out\\server\\src\\server.js:68:3396)\n    at c:\\Users\\lukas\\.vscode\\extensions\\uqbar.wollok-lsp-ide-0.5.4\\out\\server\\src\\server.js:2398:847\n    at c:\\Users\\lukas\\.vscode\\extensions\\uqbar.wollok-lsp-ide-0.5.4\\out\\server\\src\\server.js:2398:8440\n    at c:\\Users\\lukas\\.vscode\\extensions\\uqbar.wollok-lsp-ide-0.5.4\\out\\server\\src\\server.js:37:74770\n    at Ke (c:\\Users\\lukas\\.vscode\\extensions\\uqbar.wollok-lsp-ide-0.5.4\\out\\server\\src\\server.js:7:8527)\n    at Lt (c:\\Users\\lukas\\.vscode\\extensions\\uqbar.wollok-lsp-ide-0.5.4\\out\\server\\src\\server.js:7:6189)","timestamp":"2026-08-14T13:59:37.844Z"}
{"level":"info","message":"⌛ Building environment","timeElapsed":741,"timestamp":"2026-08-14T13:59:39.174Z"}
{"level":"info","message":"⌛ Validating pepita.wlk","timeElapsed":461,"timestamp":"2026-08-14T13:59:39.684Z"}
{"level":"error","message":"✘ Failed to get type description: Error: Failed to print, found malformed node Failed to print, found malformed node","node":{"id":"1ba3d3bc-d2df-4ba5-b129-f72b5bb496bf","metadata":[],"problems":[{"code":"malformedSentence","sourceMap":{"end":{"column":62,"line":101,"offset":1421},"start":{"column":18,"line":101,"offset":1377}}}],"scope":{"containerScope":{"containerScope":{"containerScope":{"containerScope":{"contributions":{},"includedScopes":[]},"contributions":{},"includedScopes":[]},"contributions":{},"includedScopes":[{"containerScope":{"containerScope":{"containerScope":{"contributions":{},"includedScopes":[]},"contributions":{},"includedScopes":[]},"contributions":{},"includedScopes":[]},"contributions":{},"includedScopes":[]}]},"contributions":{},"includedScopes":[]},"contributions":{},"includedScopes":[]},"sentences":[{"id":"0324f45e-2a65-4700-9872-fdc9b564d52b","metadata":[],"name":"_ave.energia","scope":{"containerScope":{"containerScope":{"containerScope":{"containerScope":{"containerScope":{"contributions":{},"includedScopes":[]},"contributions":{},"includedScopes":[]},"contributions":{},"includedScopes":[{"containerScope":{"containerScope":{"containerScope":{"contributions":{},"includedScopes":[]},"contributions":{},"includedScopes":[]},"contributions":{},"includedScopes":[]},"contributions":{},"includedScopes":[]}]},"contributions":{},"includedScopes":[]},"contributions":{},"includedScopes":[]},"contributions":{},"includedScopes":[]},"sourceMap":{"end":{"column":17,"line":101,"offset":1376},"start":{"column":5,"line":101,"offset":1364}}}],"sourceMap":{"end":{"column":3,"line":103,"offset":1427},"start":{"column":28,"line":99,"offset":1355}}},"stack":"Error: Failed to print, found malformed node\n    at c:\\Users\\lukas\\.vscode\\extensions\\uqbar.wollok-lsp-ide-0.5.4\\out\\server\\src\\server.js:68:3585\n    at c:\\Users\\lukas\\.vscode\\extensions\\uqbar.wollok-lsp-ide-0.5.4\\out\\server\\src\\server.js:68:5370\n    at c:\\Users\\lukas\\.vscode\\extensions\\uqbar.wollok-lsp-ide-0.5.4\\out\\server\\src\\server.js:38:6131\n    at c:\\Users\\lukas\\.vscode\\extensions\\uqbar.wollok-lsp-ide-0.5.4\\out\\server\\src\\server.js:68:3664\n    at Kbn (c:\\Users\\lukas\\.vscode\\extensions\\uqbar.wollok-lsp-ide-0.5.4\\out\\server\\src\\server.js:68:3396)\n    at c:\\Users\\lukas\\.vscode\\extensions\\uqbar.wollok-lsp-ide-0.5.4\\out\\server\\src\\server.js:2398:847\n    at c:\\Users\\lukas\\.vscode\\extensions\\uqbar.wollok-lsp-ide-0.5.4\\out\\server\\src\\server.js:2398:8440\n    at c:\\Users\\lukas\\.vscode\\extensions\\uqbar.wollok-lsp-ide-0.5.4\\out\\server\\src\\server.js:37:74770\n    at Ke (c:\\Users\\lukas\\.vscode\\extensions\\uqbar.wollok-lsp-ide-0.5.4\\out\\server\\src\\server.js:7:8527)\n    at Lt (c:\\Users\\lukas\\.vscode\\extensions\\uqbar.wollok-lsp-ide-0.5.4\\out\\server\\src\\server.js:7:6189)","timestamp":"2026-08-14T13:59:50.999Z"}
{"level":"info","message":"⌛ Building environment","timeElapsed":690,"timestamp":"2026-08-14T13:59:51.929Z"}
{"level":"info","message":"⌛ Validating pepita.wlk","timeElapsed":466,"timestamp":"2026-08-14T13:59:52.585Z"}
{"level":"info","message":"⌛ Building environment","timeElapsed":1009,"timestamp":"2026-08-14T14:03:59.053Z"}
{"level":"info","message":"⌛ Building environment","timeElapsed":673,"timestamp":"2026-08-14T14:04:00.009Z"}
{"level":"info","message":"⌛ Building environment","timeElapsed":685,"timestamp":"2026-08-14T14:04:00.732Z"}
{"level":"info","message":"⌛ Building environment","timeElapsed":662,"timestamp":"2026-08-14T14:04:01.402Z"}
{"level":"info","message":"⌛ Building environment","timeElapsed":1803,"timestamp":"2026-08-14T14:04:03.235Z"}
{"level":"info","message":"⌛ Building environment","timeElapsed":980,"timestamp":"2026-08-14T14:04:04.216Z"}
{"level":"info","message":"⌛ Building environment","timeElapsed":502,"timestamp":"2026-08-14T14:04:04.719Z"}
{"level":"info","message":"⌛ Validating pepita.wlk","timeElapsed":493,"timestamp":"2026-08-14T14:04:05.509Z"}
{"level":"info","message":"⌛ Building environment","timeElapsed":491,"timestamp":"2026-08-14T14:04:06.015Z"}
{"level":"info","message":"⌛ Validating pepita.wlk","timeElapsed":544,"timestamp":"2026-08-14T14:04:06.619Z"}
{"level":"info","message":"⌛ Validating pepita.wlk","timeElapsed":391,"timestamp":"2026-08-14T14:04:07.015Z"}
{"level":"info","message":"⌛ Building environment","timeElapsed":253,"timestamp":"2026-08-14T14:04:07.272Z"}
{"level":"info","message":"⌛ Validating pepita.wlk","timeElapsed":367,"timestamp":"2026-08-14T14:04:07.685Z"}
{"level":"info","message":"⌛ Building environment","timeElapsed":220,"timestamp":"2026-08-14T14:04:07.912Z"}
{"level":"info","message":"⌛ Building environment","timeElapsed":298,"timestamp":"2026-08-14T14:04:08.262Z"}
{"level":"info","message":"⌛ Building environment","timeElapsed":259,"timestamp":"2026-08-14T14:04:08.567Z"}
{"level":"error","message":"✘ Completions for node Parameter ([99:19, 99:23] - pepita.wlk) failed: Error: [Parameter]{e212e8} at pepita.wlk:99 exhausted all cases without a match [Parameter]{e212e8} at pepita.wlk:99 exhausted all cases without a match","stack":"Error: [Parameter]{e212e8} at pepita.wlk:99 exhausted all cases without a match\n    at c:\\Users\\lukas\\.vscode\\extensions\\uqbar.wollok-lsp-ide-0.5.4\\out\\server\\src\\server.js:38:6142\n    at L2 (c:\\Users\\lukas\\.vscode\\extensions\\uqbar.wollok-lsp-ide-0.5.4\\out\\server\\src\\server.js:2389:42)\n    at c:\\Users\\lukas\\.vscode\\extensions\\uqbar.wollok-lsp-ide-0.5.4\\out\\server\\src\\server.js:2389:2988\n    at c:\\Users\\lukas\\.vscode\\extensions\\uqbar.wollok-lsp-ide-0.5.4\\out\\server\\src\\server.js:2398:8440\n    at c:\\Users\\lukas\\.vscode\\extensions\\uqbar.wollok-lsp-ide-0.5.4\\out\\server\\src\\server.js:37:74872\n    at Ke (c:\\Users\\lukas\\.vscode\\extensions\\uqbar.wollok-lsp-ide-0.5.4\\out\\server\\src\\server.js:7:8527)\n    at Lt (c:\\Users\\lukas\\.vscode\\extensions\\uqbar.wollok-lsp-ide-0.5.4\\out\\server\\src\\server.js:7:6189)\n    at ct (c:\\Users\\lukas\\.vscode\\extensions\\uqbar.wollok-lsp-ide-0.5.4\\out\\server\\src\\server.js:7:6378)\n    at Immediate._onImmediate (c:\\Users\\lukas\\.vscode\\extensions\\uqbar.wollok-lsp-ide-0.5.4\\out\\server\\src\\server.js:7:6142)\n    at process.processImmediate (node:internal/timers:504:21)","timestamp":"2026-08-14T14:04:08.925Z"}
{"level":"info","message":"⌛ Validating pepita.wlk","timeElapsed":377,"timestamp":"2026-08-14T14:04:09.308Z"}
{"level":"info","message":"⌛ Validating pepita.wlk","timeElapsed":346,"timestamp":"2026-08-14T14:04:09.656Z"}
{"level":"info","message":"⌛ Validating pepita.wlk","timeElapsed":599,"timestamp":"2026-08-14T14:04:10.265Z"}
{"level":"info","message":"⌛ Validating pepita.wlk","timeElapsed":1398,"timestamp":"2026-08-14T14:04:11.666Z"}
{"level":"info","message":"⌛ Validating pepita.wlk","timeElapsed":798,"timestamp":"2026-08-14T14:04:12.468Z"}
{"level":"info","message":"⌛ Validating pepita.wlk","timeElapsed":631,"timestamp":"2026-08-14T14:04:13.102Z"}
{"level":"info","message":"⌛ Validating pepita.wlk","timeElapsed":653,"timestamp":"2026-08-14T14:04:13.760Z"}
{"level":"info","message":"⌛ Validating pepita.wlk","timeElapsed":619,"timestamp":"2026-08-14T14:04:14.382Z"}
{"level":"info","message":"⌛ Building environment","timeElapsed":532,"timestamp":"2026-08-14T14:04:14.923Z"}
{"level":"info","message":"⌛ Building environment","timeElapsed":653,"timestamp":"2026-08-14T14:04:15.586Z"}
{"level":"info","message":"⌛ Building environment","timeElapsed":689,"timestamp":"2026-08-14T14:04:16.441Z"}
{"level":"info","message":"⌛ Building environment","timeElapsed":470,"timestamp":"2026-08-14T14:04:16.919Z"}
{"level":"info","message":"⌛ Building environment","timeElapsed":290,"timestamp":"2026-08-14T14:04:17.240Z"}
{"level":"info","message":"⌛ Building environment","timeElapsed":480,"timestamp":"2026-08-14T14:04:17.866Z"}
{"level":"info","message":"⌛ Building environment","timeElapsed":308,"timestamp":"2026-08-14T14:04:18.182Z"}
{"level":"info","message":"⌛ Building environment","timeElapsed":322,"timestamp":"2026-08-14T14:04:18.514Z"}
{"level":"info","message":"⌛ Building environment","timeElapsed":412,"timestamp":"2026-08-14T14:04:18.982Z"}
{"level":"info","message":"⌛ Building environment","timeElapsed":277,"timestamp":"2026-08-14T14:04:19.298Z"}
{"level":"info","message":"⌛ Building environment","timeElapsed":254,"timestamp":"2026-08-14T14:04:19.591Z"}
{"level":"info","message":"⌛ Building environment","timeElapsed":243,"timestamp":"2026-08-14T14:04:19.887Z"}
{"level":"info","message":"⌛ Validating pepita.wlk","timeElapsed":465,"timestamp":"2026-08-14T14:04:20.441Z"}
{"level":"info","message":"⌛ Validating pepita.wlk","timeElapsed":434,"timestamp":"2026-08-14T14:04:20.882Z"}
{"level":"info","message":"⌛ Validating pepita.wlk","timeElapsed":411,"timestamp":"2026-08-14T14:04:21.298Z"}
{"level":"info","message":"⌛ Validating pepita.wlk","timeElapsed":323,"timestamp":"2026-08-14T14:04:21.630Z"}
{"level":"info","message":"⌛ Validating pepita.wlk","timeElapsed":417,"timestamp":"2026-08-14T14:04:22.054Z"}
{"level":"info","message":"⌛ Validating pepita.wlk","timeElapsed":371,"timestamp":"2026-08-14T14:04:22.435Z"}
{"level":"info","message":"⌛ Validating pepita.wlk","timeElapsed":346,"timestamp":"2026-08-14T14:04:22.786Z"}
{"level":"info","message":"⌛ Validating pepita.wlk","timeElapsed":495,"timestamp":"2026-08-14T14:04:23.286Z"}
{"level":"info","message":"⌛ Validating pepita.wlk","timeElapsed":384,"timestamp":"2026-08-14T14:04:23.674Z"}
{"level":"info","message":"⌛ Validating pepita.wlk","timeElapsed":499,"timestamp":"2026-08-14T14:04:24.254Z"}
{"level":"info","message":"⌛ Validating pepita.wlk","timeElapsed":345,"timestamp":"2026-08-14T14:04:24.601Z"}
{"level":"info","message":"⌛ Validating pepita.wlk","timeElapsed":372,"timestamp":"2026-08-14T14:04:24.974Z"}
{"level":"info","message":"⌛ Building environment","timeElapsed":911,"timestamp":"2026-08-14T14:04:26.145Z"}
{"level":"info","message":"⌛ Building environment","timeElapsed":625,"timestamp":"2026-08-14T14:04:26.805Z"}
{"level":"info","message":"⌛ Building environment","timeElapsed":598,"timestamp":"2026-08-14T14:04:27.438Z"}
{"level":"info","message":"⌛ Validating pepita.wlk","timeElapsed":623,"timestamp":"2026-08-14T14:04:28.086Z"}
{"level":"info","message":"⌛ Validating pepita.wlk","timeElapsed":427,"timestamp":"2026-08-14T14:04:28.515Z"}
{"level":"info","message":"⌛ Validating pepita.wlk","timeElapsed":345,"timestamp":"2026-08-14T14:04:28.862Z"}
{"level":"info","message":"⌛ Building environment","timeElapsed":471,"timestamp":"2026-08-14T14:04:41.733Z"}
{"level":"info","message":"⌛ Building environment","timeElapsed":1596,"timestamp":"2026-08-14T14:04:43.461Z"}
{"level":"info","message":"⌛ Building environment","timeElapsed":381,"timestamp":"2026-08-14T14:04:43.881Z"}
{"level":"info","message":"⌛ Building environment","timeElapsed":434,"timestamp":"2026-08-14T14:04:44.338Z"}
{"level":"info","message":"⌛ Building environment","timeElapsed":684,"timestamp":"2026-08-14T14:04:45.071Z"}
{"level":"info","message":"⌛ Building environment","timeElapsed":572,"timestamp":"2026-08-14T14:04:45.782Z"}
{"level":"info","message":"⌛ Building environment","timeElapsed":911,"timestamp":"2026-08-14T14:04:46.730Z"}
{"level":"info","message":"⌛ Validating pepita.wlk","timeElapsed":768,"timestamp":"2026-08-14T14:04:47.520Z"}
{"level":"info","message":"⌛ Building environment","timeElapsed":1020,"timestamp":"2026-08-14T14:04:48.557Z"}
{"level":"info","message":"⌛ Building environment","timeElapsed":788,"timestamp":"2026-08-14T14:04:49.416Z"}
{"level":"info","message":"⌛ Building environment","timeElapsed":518,"timestamp":"2026-08-14T14:04:49.971Z"}
{"level":"info","message":"⌛ Building environment","timeElapsed":425,"timestamp":"2026-08-14T14:04:50.450Z"}
{"level":"info","message":"⌛ Building environment","timeElapsed":531,"timestamp":"2026-08-14T14:04:51.017Z"}
{"level":"info","message":"⌛ Building environment","timeElapsed":1191,"timestamp":"2026-08-14T14:04:52.265Z"}
{"level":"info","message":"⌛ Building environment","timeElapsed":556,"timestamp":"2026-08-14T14:04:52.823Z"}
{"level":"info","message":"⌛ Building environment","timeElapsed":534,"timestamp":"2026-08-14T14:04:53.380Z"}
{"level":"info","message":"⌛ Validating pepita.wlk","timeElapsed":638,"timestamp":"2026-08-14T14:04:54.045Z"}
{"level":"info","message":"⌛ Validating pepita.wlk","timeElapsed":653,"timestamp":"2026-08-14T14:04:54.700Z"}
{"level":"info","message":"⌛ Validating pepita.wlk","timeElapsed":718,"timestamp":"2026-08-14T14:04:55.420Z"}
{"level":"info","message":"⌛ Building environment","timeElapsed":426,"timestamp":"2026-08-14T14:04:55.851Z"}
{"level":"info","message":"⌛ Building environment","timeElapsed":501,"timestamp":"2026-08-14T14:04:56.414Z"}
{"level":"info","message":"⌛ Building environment","timeElapsed":461,"timestamp":"2026-08-14T14:04:56.918Z"}
{"level":"info","message":"⌛ Building environment","timeElapsed":418,"timestamp":"2026-08-14T14:04:57.368Z"}
{"level":"info","message":"⌛ Validating pepita.wlk","timeElapsed":529,"timestamp":"2026-08-14T14:04:57.935Z"}
{"level":"info","message":"⌛ Building environment","timeElapsed":380,"timestamp":"2026-08-14T14:04:58.318Z"}
{"level":"info","message":"⌛ Building environment","timeElapsed":456,"timestamp":"2026-08-14T14:04:58.796Z"}
{"level":"info","message":"⌛ Building environment","timeElapsed":288,"timestamp":"2026-08-14T14:04:59.089Z"}
{"level":"info","message":"⌛ Validating pepita.wlk","timeElapsed":362,"timestamp":"2026-08-14T14:04:59.558Z"}
{"level":"info","message":"⌛ Building environment","timeElapsed":321,"timestamp":"2026-08-14T14:04:59.881Z"}
{"level":"info","message":"⌛ Building environment","timeElapsed":526,"timestamp":"2026-08-14T14:05:00.412Z"}
{"level":"info","message":"⌛ Validating pepita.wlk","timeElapsed":364,"timestamp":"2026-08-14T14:05:00.811Z"}
{"level":"info","message":"⌛ Building environment","timeElapsed":294,"timestamp":"2026-08-14T14:05:01.119Z"}
{"level":"info","message":"⌛ Building environment","timeElapsed":223,"timestamp":"2026-08-14T14:05:01.372Z"}
{"level":"info","message":"⌛ Building environment","timeElapsed":252,"timestamp":"2026-08-14T14:05:01.682Z"}
{"level":"info","message":"⌛ Building environment","timeElapsed":263,"timestamp":"2026-08-14T14:05:01.982Z"}
{"level":"info","message":"⌛ Validating pepita.wlk","timeElapsed":314,"timestamp":"2026-08-14T14:05:02.369Z"}
{"level":"info","message":"⌛ Validating pepita.wlk","timeElapsed":335,"timestamp":"2026-08-14T14:05:02.718Z"}
{"level":"info","message":"⌛ Validating pepita.wlk","timeElapsed":331,"timestamp":"2026-08-14T14:05:03.054Z"}
{"level":"info","message":"⌛ Validating pepita.wlk","timeElapsed":338,"timestamp":"2026-08-14T14:05:03.399Z"}
{"level":"info","message":"⌛ Validating pepita.wlk","timeElapsed":348,"timestamp":"2026-08-14T14:05:03.763Z"}
{"level":"info","message":"⌛ Validating pepita.wlk","timeElapsed":350,"timestamp":"2026-08-14T14:05:04.118Z"}
{"level":"info","message":"⌛ Validating pepita.wlk","timeElapsed":333,"timestamp":"2026-08-14T14:05:04.456Z"}
{"level":"info","message":"⌛ Validating pepita.wlk","timeElapsed":352,"timestamp":"2026-08-14T14:05:04.814Z"}
{"level":"info","message":"⌛ Validating pepita.wlk","timeElapsed":335,"timestamp":"2026-08-14T14:05:05.194Z"}
{"level":"info","message":"⌛ Validating pepita.wlk","timeElapsed":337,"timestamp":"2026-08-14T14:05:05.535Z"}
{"level":"info","message":"⌛ Validating pepita.wlk","timeElapsed":330,"timestamp":"2026-08-14T14:05:05.872Z"}
{"level":"info","message":"⌛ Validating pepita.wlk","timeElapsed":520,"timestamp":"2026-08-14T14:05:06.459Z"}
{"level":"info","message":"⌛ Validating pepita.wlk","timeElapsed":360,"timestamp":"2026-08-14T14:05:06.838Z"}
{"level":"info","message":"⌛ Validating pepita.wlk","timeElapsed":369,"timestamp":"2026-08-14T14:05:07.208Z"}
{"level":"info","message":"⌛ Validating pepita.wlk","timeElapsed":370,"timestamp":"2026-08-14T14:05:07.579Z"}
{"level":"info","message":"⌛ Validating pepita.wlk","timeElapsed":339,"timestamp":"2026-08-14T14:05:07.937Z"}
{"level":"info","message":"⌛ Validating pepita.wlk","timeElapsed":343,"timestamp":"2026-08-14T14:05:08.280Z"}
{"level":"info","message":"⌛ Validating pepita.wlk","timeElapsed":331,"timestamp":"2026-08-14T14:05:08.630Z"}
{"level":"info","message":"⌛ Validating pepita.wlk","timeElapsed":375,"timestamp":"2026-08-14T14:05:09.010Z"}
{"level":"info","message":"⌛ Validating pepita.wlk","timeElapsed":352,"timestamp":"2026-08-14T14:05:09.366Z"}
{"level":"info","message":"⌛ Validating pepita.wlk","timeElapsed":347,"timestamp":"2026-08-14T14:05:09.717Z"}
{"level":"info","message":"⌛ Building environment","timeElapsed":913,"timestamp":"2026-08-14T14:05:11.366Z"}
{"level":"info","message":"⌛ Building environment","timeElapsed":394,"timestamp":"2026-08-14T14:05:11.787Z"}
{"level":"info","message":"⌛ Building environment","timeElapsed":304,"timestamp":"2026-08-14T14:05:12.150Z"}
{"level":"info","message":"⌛ Validating pepita.wlk","timeElapsed":357,"timestamp":"2026-08-14T14:05:12.555Z"}
{"level":"info","message":"⌛ Validating pepita.wlk","timeElapsed":312,"timestamp":"2026-08-14T14:05:12.878Z"}
{"level":"info","message":"⌛ Validating pepita.wlk","timeElapsed":335,"timestamp":"2026-08-14T14:05:13.217Z"}
{"level":"info","message":"⌛ Building environment","timeElapsed":380,"timestamp":"2026-08-14T14:05:15.822Z"}
{"level":"info","message":"⌛ Validating pepita.wlk","timeElapsed":379,"timestamp":"2026-08-14T14:05:16.311Z"}
{"level":"info","message":"⌛ Building environment","timeElapsed":609,"timestamp":"2026-08-14T14:05:17.241Z"}
{"level":"info","message":"⌛ Building environment","timeElapsed":468,"timestamp":"2026-08-14T14:05:17.784Z"}
{"level":"info","message":"⌛ Validating pepita.wlk","timeElapsed":436,"timestamp":"2026-08-14T14:05:18.266Z"}
{"level":"info","message":"⌛ Validating pepita.wlk","timeElapsed":323,"timestamp":"2026-08-14T14:05:18.594Z"}
{"level":"info","message":"⌛ Building environment","timeElapsed":1249,"timestamp":"2026-08-14T14:05:24.510Z"}
{"level":"info","message":"⌛ Building environment","timeElapsed":867,"timestamp":"2026-08-14T14:05:25.378Z"}
{"level":"info","message":"⌛ Building environment","timeElapsed":434,"timestamp":"2026-08-14T14:05:25.815Z"}
{"level":"info","message":"⌛ Building environment","timeElapsed":499,"timestamp":"2026-08-14T14:05:26.315Z"}
{"level":"info","message":"⌛ Building environment","timeElapsed":1841,"timestamp":"2026-08-14T14:05:28.158Z"}
{"level":"info","message":"⌛ Building environment","timeElapsed":787,"timestamp":"2026-08-14T14:05:28.971Z"}
{"level":"info","message":"⌛ Building environment","timeElapsed":777,"timestamp":"2026-08-14T14:05:29.794Z"}
{"level":"info","message":"⌛ Validating pepita.wlk","timeElapsed":794,"timestamp":"2026-08-14T14:05:30.648Z"}
{"level":"info","message":"⌛ Validating pepita.wlk","timeElapsed":613,"timestamp":"2026-08-14T14:05:31.271Z"}
{"level":"info","message":"⌛ Validating pepita.wlk","timeElapsed":597,"timestamp":"2026-08-14T14:05:31.874Z"}
{"level":"info","message":"⌛ Validating pepita.wlk","timeElapsed":929,"timestamp":"2026-08-14T14:05:32.830Z"}
{"level":"info","message":"⌛ Building environment","timeElapsed":353,"timestamp":"2026-08-14T14:05:33.185Z"}
{"level":"info","message":"⌛ Building environment","timeElapsed":383,"timestamp":"2026-08-14T14:05:33.577Z"}
{"level":"info","message":"⌛ Building environment","timeElapsed":298,"timestamp":"2026-08-14T14:05:33.880Z"}
{"level":"info","message":"⌛ Building environment","timeElapsed":281,"timestamp":"2026-08-14T14:05:34.166Z"}
{"level":"info","message":"⌛ Building environment","timeElapsed":305,"timestamp":"2026-08-14T14:05:34.479Z"}
{"level":"info","message":"⌛ Building environment","timeElapsed":654,"timestamp":"2026-08-14T14:05:35.911Z"}
{"level":"info","message":"⌛ Building environment","timeElapsed":854,"timestamp":"2026-08-14T14:05:36.817Z"}
{"level":"info","message":"⌛ Building environment","timeElapsed":559,"timestamp":"2026-08-14T14:05:37.449Z"}
{"level":"info","message":"⌛ Validating pepita.wlk","timeElapsed":538,"timestamp":"2026-08-14T14:05:38.103Z"}
{"level":"info","message":"⌛ Autocomplete - Body","timeElapsed":128,"timestamp":"2026-08-14T14:05:39.070Z"}
{"level":"info","message":"⌛ Validating pepita.wlk","timeElapsed":706,"timestamp":"2026-08-14T14:05:39.781Z"}
{"level":"info","message":"⌛ Validating pepita.wlk","timeElapsed":380,"timestamp":"2026-08-14T14:05:40.164Z"}
{"level":"error","message":"✘ Failed to get type description: Error: Failed to print, found malformed node Failed to print, found malformed node","node":{"id":"144a75a7-5e39-4801-a9ae-04332ad50154","metadata":[],"problems":[{"code":"malformedSentence","sourceMap":{"end":{"column":52,"line":101,"offset":1407},"start":{"column":19,"line":101,"offset":1374}}}],"scope":{"containerScope":{"containerScope":{"containerScope":{"containerScope":{"contributions":{},"includedScopes":[]},"contributions":{},"includedScopes":[]},"contributions":{},"includedScopes":[{"containerScope":{"containerScope":{"containerScope":{"contributions":{},"includedScopes":[]},"contributions":{},"includedScopes":[]},"contributions":{},"includedScopes":[]},"contributions":{},"includedScopes":[]}]},"contributions":{},"includedScopes":[]},"contributions":{},"includedScopes":[]},"sentences":[{"args":[{"id":"a4d30b71-f0e4-48cb-8279-d78adfdc345e","metadata":[],"name":"_ave","scope":{"containerScope":{"containerScope":{"containerScope":{"containerScope":{"containerScope":{"containerScope":{"contributions":{},"includedScopes":[]},"contributions":{},"includedScopes":[]},"contributions":{},"includedScopes":[{"containerScope":{"containerScope":{"containerScope":{"contributions":{},"includedScopes":[]},"contributions":{},"includedScopes":[]},"contributions":{},"includedScopes":[]},"contributions":{},"includedScopes":[]}]},"contributions":{},"includedScopes":[]},"contributions":{},"includedScopes":[]},"contributions":{},"includedScopes":[]},"contributions":{},"includedScopes":[]},"sourceMap":{"end":{"column":17,"line":101,"offset":1372},"start":{"column":13,"line":101,"offset":1368}}}],"id":"943ee2f5-953a-4f9e-b3b5-e21dbf39b601","message":"energia","metadata":[],"problems":[{"code":"malformedMessageSend","sourceMap":{"end":{"column":12,"line":101,"offset":1367},"start":{"column":5,"line":101,"offset":1360}}}],"receiver":{"id":"ed804241-7c88-4623-9608-0ae6d193b90b","metadata":[],"scope":{"containerScope":{"containerScope":{"containerScope":{"containerScope":{"containerScope":{"containerScope":{"contributions":{},"includedScopes":[]},"contributions":{},"includedScopes":[]},"contributions":{},"includedScopes":[{"containerScope":{"containerScope":{"containerScope":{"contributions":{},"includedScopes":[]},"contributions":{},"includedScopes":[]},"contributions":{},"includedScopes":[]},"contributions":{},"includedScopes":[]}]},"contributions":{},"includedScopes":[]},"contributions":{},"includedScopes":[]},"contributions":{},"includedScopes":[]},"contributions":{},"includedScopes":[]},"value":null},"scope":{"containerScope":{"containerScope":{"containerScope":{"containerScope":{"containerScope":{"contributions":{},"includedScopes":[]},"contributions":{},"includedScopes":[]},"contributions":{},"includedScopes":[{"containerScope":{"containerScope":{"containerScope":{"contributions":{},"includedScopes":[]},"contributions":{},"includedScopes":[]},"contributions":{},"includedScopes":[]},"contributions":{},"includedScopes":[]}]},"contributions":{},"includedScopes":[]},"contributions":{},"includedScopes":[]},"contributions":{},"includedScopes":[]},"sourceMap":{"end":{"column":18,"line":101,"offset":1373},"start":{"column":5,"line":101,"offset":1360}}}],"sourceMap":{"end":{"column":3,"line":103,"offset":1413},"start":{"column":24,"line":99,"offset":1351}}},"stack":"Error: Failed to print, found malformed node\n    at c:\\Users\\lukas\\.vscode\\extensions\\uqbar.wollok-lsp-ide-0.5.4\\out\\server\\src\\server.js:68:3585\n    at c:\\Users\\lukas\\.vscode\\extensions\\uqbar.wollok-lsp-ide-0.5.4\\out\\server\\src\\server.js:68:5370\n    at c:\\Users\\lukas\\.vscode\\extensions\\uqbar.wollok-lsp-ide-0.5.4\\out\\server\\src\\server.js:38:6131\n    at c:\\Users\\lukas\\.vscode\\extensions\\uqbar.wollok-lsp-ide-0.5.4\\out\\server\\src\\server.js:68:3664\n    at Kbn (c:\\Users\\lukas\\.vscode\\extensions\\uqbar.wollok-lsp-ide-0.5.4\\out\\server\\src\\server.js:68:3396)\n    at c:\\Users\\lukas\\.vscode\\extensions\\uqbar.wollok-lsp-ide-0.5.4\\out\\server\\src\\server.js:2398:847\n    at c:\\Users\\lukas\\.vscode\\extensions\\uqbar.wollok-lsp-ide-0.5.4\\out\\server\\src\\server.js:2398:8440\n    at c:\\Users\\lukas\\.vscode\\extensions\\uqbar.wollok-lsp-ide-0.5.4\\out\\server\\src\\server.js:37:74770\n    at Ke (c:\\Users\\lukas\\.vscode\\extensions\\uqbar.wollok-lsp-ide-0.5.4\\out\\server\\src\\server.js:7:8527)\n    at Lt (c:\\Users\\lukas\\.vscode\\extensions\\uqbar.wollok-lsp-ide-0.5.4\\out\\server\\src\\server.js:7:6189)","timestamp":"2026-08-14T14:05:40.237Z"}
{"level":"error","message":"✘ Failed to get type description: Error: Failed to print, found malformed node Failed to print, found malformed node","node":{"id":"144a75a7-5e39-4801-a9ae-04332ad50154","metadata":[],"problems":[{"code":"malformedSentence","sourceMap":{"end":{"column":52,"line":101,"offset":1407},"start":{"column":19,"line":101,"offset":1374}}}],"scope":{"containerScope":{"containerScope":{"containerScope":{"containerScope":{"contributions":{},"includedScopes":[]},"contributions":{},"includedScopes":[]},"contributions":{},"includedScopes":[{"containerScope":{"containerScope":{"containerScope":{"contributions":{},"includedScopes":[]},"contributions":{},"includedScopes":[]},"contributions":{},"includedScopes":[]},"contributions":{},"includedScopes":[]}]},"contributions":{},"includedScopes":[]},"contributions":{},"includedScopes":[]},"sentences":[{"args":[{"id":"a4d30b71-f0e4-48cb-8279-d78adfdc345e","metadata":[],"name":"_ave","scope":{"containerScope":{"containerScope":{"containerScope":{"containerScope":{"containerScope":{"containerScope":{"contributions":{},"includedScopes":[]},"contributions":{},"includedScopes":[]},"contributions":{},"includedScopes":[{"containerScope":{"containerScope":{"containerScope":{"contributions":{},"includedScopes":[]},"contributions":{},"includedScopes":[]},"contributions":{},"includedScopes":[]},"contributions":{},"includedScopes":[]}]},"contributions":{},"includedScopes":[]},"contributions":{},"includedScopes":[]},"contributions":{},"includedScopes":[]},"contributions":{},"includedScopes":[]},"sourceMap":{"end":{"column":17,"line":101,"offset":1372},"start":{"column":13,"line":101,"offset":1368}}}],"id":"943ee2f5-953a-4f9e-b3b5-e21dbf39b601","message":"energia","metadata":[],"problems":[{"code":"malformedMessageSend","sourceMap":{"end":{"column":12,"line":101,"offset":1367},"start":{"column":5,"line":101,"offset":1360}}}],"receiver":{"id":"ed804241-7c88-4623-9608-0ae6d193b90b","metadata":[],"scope":{"containerScope":{"containerScope":{"containerScope":{"containerScope":{"containerScope":{"containerScope":{"contributions":{},"includedScopes":[]},"contributions":{},"includedScopes":[]},"contributions":{},"includedScopes":[{"containerScope":{"containerScope":{"containerScope":{"contributions":{},"includedScopes":[]},"contributions":{},"includedScopes":[]},"contributions":{},"includedScopes":[]},"contributions":{},"includedScopes":[]}]},"contributions":{},"includedScopes":[]},"contributions":{},"includedScopes":[]},"contributions":{},"includedScopes":[]},"contributions":{},"includedScopes":[]},"value":null},"scope":{"containerScope":{"containerScope":{"containerScope":{"containerScope":{"containerScope":{"contributions":{},"includedScopes":[]},"contributions":{},"includedScopes":[]},"contributions":{},"includedScopes":[{"containerScope":{"containerScope":{"containerScope":{"contributions":{},"includedScopes":[]},"contributions":{},"includedScopes":[]},"contributions":{},"includedScopes":[]},"contributions":{},"includedScopes":[]}]},"contributions":{},"includedScopes":[]},"contributions":{},"includedScopes":[]},"contributions":{},"includedScopes":[]},"sourceMap":{"end":{"column":18,"line":101,"offset":1373},"start":{"column":5,"line":101,"offset":1360}}}],"sourceMap":{"end":{"column":3,"line":103,"offset":1413},"start":{"column":24,"line":99,"offset":1351}}},"stack":"Error: Failed to print, found malformed node\n    at c:\\Users\\lukas\\.vscode\\extensions\\uqbar.wollok-lsp-ide-0.5.4\\out\\server\\src\\server.js:68:3585\n    at c:\\Users\\lukas\\.vscode\\extensions\\uqbar.wollok-lsp-ide-0.5.4\\out\\server\\src\\server.js:68:5370\n    at c:\\Users\\lukas\\.vscode\\extensions\\uqbar.wollok-lsp-ide-0.5.4\\out\\server\\src\\server.js:38:6131\n    at c:\\Users\\lukas\\.vscode\\extensions\\uqbar.wollok-lsp-ide-0.5.4\\out\\server\\src\\server.js:68:3664\n    at Kbn (c:\\Users\\lukas\\.vscode\\extensions\\uqbar.wollok-lsp-ide-0.5.4\\out\\server\\src\\server.js:68:3396)\n    at c:\\Users\\lukas\\.vscode\\extensions\\uqbar.wollok-lsp-ide-0.5.4\\out\\server\\src\\server.js:2398:847\n    at c:\\Users\\lukas\\.vscode\\extensions\\uqbar.wollok-lsp-ide-0.5.4\\out\\server\\src\\server.js:2398:8440\n    at c:\\Users\\lukas\\.vscode\\extensions\\uqbar.wollok-lsp-ide-0.5.4\\out\\server\\src\\server.js:37:74770\n    at Ke (c:\\Users\\lukas\\.vscode\\extensions\\uqbar.wollok-lsp-ide-0.5.4\\out\\server\\src\\server.js:7:8527)\n    at Lt (c:\\Users\\lukas\\.vscode\\extensions\\uqbar.wollok-lsp-ide-0.5.4\\out\\server\\src\\server.js:7:6189)","timestamp":"2026-08-14T14:05:41.709Z"}
{"level":"error","message":"✘ Failed to get type description: Error: Failed to print, found malformed node Failed to print, found malformed node","node":{"id":"144a75a7-5e39-4801-a9ae-04332ad50154","metadata":[],"problems":[{"code":"malformedSentence","sourceMap":{"end":{"column":52,"line":101,"offset":1407},"start":{"column":19,"line":101,"offset":1374}}}],"scope":{"containerScope":{"containerScope":{"containerScope":{"containerScope":{"contributions":{},"includedScopes":[]},"contributions":{},"includedScopes":[]},"contributions":{},"includedScopes":[{"containerScope":{"containerScope":{"containerScope":{"contributions":{},"includedScopes":[]},"contributions":{},"includedScopes":[]},"contributions":{},"includedScopes":[]},"contributions":{},"includedScopes":[]}]},"contributions":{},"includedScopes":[]},"contributions":{},"includedScopes":[]},"sentences":[{"args":[{"id":"a4d30b71-f0e4-48cb-8279-d78adfdc345e","metadata":[],"name":"_ave","scope":{"containerScope":{"containerScope":{"containerScope":{"containerScope":{"containerScope":{"containerScope":{"contributions":{},"includedScopes":[]},"contributions":{},"includedScopes":[]},"contributions":{},"includedScopes":[{"containerScope":{"containerScope":{"containerScope":{"contributions":{},"includedScopes":[]},"contributions":{},"includedScopes":[]},"contributions":{},"includedScopes":[]},"contributions":{},"includedScopes":[]}]},"contributions":{},"includedScopes":[]},"contributions":{},"includedScopes":[]},"contributions":{},"includedScopes":[]},"contributions":{},"includedScopes":[]},"sourceMap":{"end":{"column":17,"line":101,"offset":1372},"start":{"column":13,"line":101,"offset":1368}}}],"id":"943ee2f5-953a-4f9e-b3b5-e21dbf39b601","message":"energia","metadata":[],"problems":[{"code":"malformedMessageSend","sourceMap":{"end":{"column":12,"line":101,"offset":1367},"start":{"column":5,"line":101,"offset":1360}}}],"receiver":{"id":"ed804241-7c88-4623-9608-0ae6d193b90b","metadata":[],"scope":{"containerScope":{"containerScope":{"containerScope":{"containerScope":{"containerScope":{"containerScope":{"contributions":{},"includedScopes":[]},"contributions":{},"includedScopes":[]},"contributions":{},"includedScopes":[{"containerScope":{"containerScope":{"containerScope":{"contributions":{},"includedScopes":[]},"contributions":{},"includedScopes":[]},"contributions":{},"includedScopes":[]},"contributions":{},"includedScopes":[]}]},"contributions":{},"includedScopes":[]},"contributions":{},"includedScopes":[]},"contributions":{},"includedScopes":[]},"contributions":{},"includedScopes":[]},"value":null},"scope":{"containerScope":{"containerScope":{"containerScope":{"containerScope":{"containerScope":{"contributions":{},"includedScopes":[]},"contributions":{},"includedScopes":[]},"contributions":{},"includedScopes":[{"containerScope":{"containerScope":{"containerScope":{"contributions":{},"includedScopes":[]},"contributions":{},"includedScopes":[]},"contributions":{},"includedScopes":[]},"contributions":{},"includedScopes":[]}]},"contributions":{},"includedScopes":[]},"contributions":{},"includedScopes":[]},"contributions":{},"includedScopes":[]},"sourceMap":{"end":{"column":18,"line":101,"offset":1373},"start":{"column":5,"line":101,"offset":1360}}}],"sourceMap":{"end":{"column":3,"line":103,"offset":1413},"start":{"column":24,"line":99,"offset":1351}}},"stack":"Error: Failed to print, found malformed node\n    at c:\\Users\\lukas\\.vscode\\extensions\\uqbar.wollok-lsp-ide-0.5.4\\out\\server\\src\\server.js:68:3585\n    at c:\\Users\\lukas\\.vscode\\extensions\\uqbar.wollok-lsp-ide-0.5.4\\out\\server\\src\\server.js:68:5370\n    at c:\\Users\\lukas\\.vscode\\extensions\\uqbar.wollok-lsp-ide-0.5.4\\out\\server\\src\\server.js:38:6131\n    at c:\\Users\\lukas\\.vscode\\extensions\\uqbar.wollok-lsp-ide-0.5.4\\out\\server\\src\\server.js:68:3664\n    at Kbn (c:\\Users\\lukas\\.vscode\\extensions\\uqbar.wollok-lsp-ide-0.5.4\\out\\server\\src\\server.js:68:3396)\n    at c:\\Users\\lukas\\.vscode\\extensions\\uqbar.wollok-lsp-ide-0.5.4\\out\\server\\src\\server.js:2398:847\n    at c:\\Users\\lukas\\.vscode\\extensions\\uqbar.wollok-lsp-ide-0.5.4\\out\\server\\src\\server.js:2398:8440\n    at c:\\Users\\lukas\\.vscode\\extensions\\uqbar.wollok-lsp-ide-0.5.4\\out\\server\\src\\server.js:37:74770\n    at Ke (c:\\Users\\lukas\\.vscode\\extensions\\uqbar.wollok-lsp-ide-0.5.4\\out\\server\\src\\server.js:7:8527)\n    at Lt (c:\\Users\\lukas\\.vscode\\extensions\\uqbar.wollok-lsp-ide-0.5.4\\out\\server\\src\\server.js:7:6189)","timestamp":"2026-08-14T14:05:41.782Z"}
{"level":"info","message":"⌛ Validating pepita.wlk","timeElapsed":765,"timestamp":"2026-08-14T14:05:42.565Z"}
{"level":"info","message":"⌛ Validating pepita.wlk","timeElapsed":782,"timestamp":"2026-08-14T14:05:43.362Z"}
{"level":"info","message":"⌛ Validating pepita.wlk","timeElapsed":580,"timestamp":"2026-08-14T14:05:43.943Z"}
{"level":"info","message":"⌛ Validating pepita.wlk","timeElapsed":814,"timestamp":"2026-08-14T14:05:44.764Z"}
{"level":"info","message":"⌛ Validating pepita.wlk","timeElapsed":423,"timestamp":"2026-08-14T14:05:45.192Z"}
{"level":"info","message":"⌛ Validating pepita.wlk","timeElapsed":558,"timestamp":"2026-08-14T14:05:45.754Z"}
{"level":"info","message":"⌛ Validating pepita.wlk","timeElapsed":341,"timestamp":"2026-08-14T14:05:46.100Z"}
{"level":"info","message":"⌛ Validating pepita.wlk","timeElapsed":481,"timestamp":"2026-08-14T14:05:46.585Z"}
{"level":"error","message":"✘ Failed to get type description: Error: Failed to print, found malformed node Failed to print, found malformed node","node":{"id":"144a75a7-5e39-4801-a9ae-04332ad50154","metadata":[],"problems":[{"code":"malformedSentence","sourceMap":{"end":{"column":52,"line":101,"offset":1407},"start":{"column":19,"line":101,"offset":1374}}}],"scope":{"containerScope":{"containerScope":{"containerScope":{"containerScope":{"contributions":{},"includedScopes":[]},"contributions":{},"includedScopes":[]},"contributions":{},"includedScopes":[{"containerScope":{"containerScope":{"containerScope":{"contributions":{},"includedScopes":[]},"contributions":{},"includedScopes":[]},"contributions":{},"includedScopes":[]},"contributions":{},"includedScopes":[]}]},"contributions":{},"includedScopes":[]},"contributions":{},"includedScopes":[]},"sentences":[{"args":[{"id":"a4d30b71-f0e4-48cb-8279-d78adfdc345e","metadata":[],"name":"_ave","scope":{"containerScope":{"containerScope":{"containerScope":{"containerScope":{"containerScope":{"containerScope":{"contributions":{},"includedScopes":[]},"contributions":{},"includedScopes":[]},"contributions":{},"includedScopes":[{"containerScope":{"containerScope":{"containerScope":{"contributions":{},"includedScopes":[]},"contributions":{},"includedScopes":[]},"contributions":{},"includedScopes":[]},"contributions":{},"includedScopes":[]}]},"contributions":{},"includedScopes":[]},"contributions":{},"includedScopes":[]},"contributions":{},"includedScopes":[]},"contributions":{},"includedScopes":[]},"sourceMap":{"end":{"column":17,"line":101,"offset":1372},"start":{"column":13,"line":101,"offset":1368}}}],"id":"943ee2f5-953a-4f9e-b3b5-e21dbf39b601","message":"energia","metadata":[],"problems":[{"code":"malformedMessageSend","sourceMap":{"end":{"column":12,"line":101,"offset":1367},"start":{"column":5,"line":101,"offset":1360}}}],"receiver":{"id":"ed804241-7c88-4623-9608-0ae6d193b90b","metadata":[],"scope":{"containerScope":{"containerScope":{"containerScope":{"containerScope":{"containerScope":{"containerScope":{"contributions":{},"includedScopes":[]},"contributions":{},"includedScopes":[]},"contributions":{},"includedScopes":[{"containerScope":{"containerScope":{"containerScope":{"contributions":{},"includedScopes":[]},"contributions":{},"includedScopes":[]},"contributions":{},"includedScopes":[]},"contributions":{},"includedScopes":[]}]},"contributions":{},"includedScopes":[]},"contributions":{},"includedScopes":[]},"contributions":{},"includedScopes":[]},"contributions":{},"includedScopes":[]},"value":null},"scope":{"containerScope":{"containerScope":{"containerScope":{"containerScope":{"containerScope":{"contributions":{},"includedScopes":[]},"contributions":{},"includedScopes":[]},"contributions":{},"includedScopes":[{"containerScope":{"containerScope":{"containerScope":{"contributions":{},"includedScopes":[]},"contributions":{},"includedScopes":[]},"contributions":{},"includedScopes":[]},"contributions":{},"includedScopes":[]}]},"contributions":{},"includedScopes":[]},"contributions":{},"includedScopes":[]},"contributions":{},"includedScopes":[]},"sourceMap":{"end":{"column":18,"line":101,"offset":1373},"start":{"column":5,"line":101,"offset":1360}}}],"sourceMap":{"end":{"column":3,"line":103,"offset":1413},"start":{"column":24,"line":99,"offset":1351}}},"stack":"Error: Failed to print, found malformed node\n    at c:\\Users\\lukas\\.vscode\\extensions\\uqbar.wollok-lsp-ide-0.5.4\\out\\server\\src\\server.js:68:3585\n    at c:\\Users\\lukas\\.vscode\\extensions\\uqbar.wollok-lsp-ide-0.5.4\\out\\server\\src\\server.js:68:5370\n    at c:\\Users\\lukas\\.vscode\\extensions\\uqbar.wollok-lsp-ide-0.5.4\\out\\server\\src\\server.js:38:6131\n    at c:\\Users\\lukas\\.vscode\\extensions\\uqbar.wollok-lsp-ide-0.5.4\\out\\server\\src\\server.js:68:3664\n    at Kbn (c:\\Users\\lukas\\.vscode\\extensions\\uqbar.wollok-lsp-ide-0.5.4\\out\\server\\src\\server.js:68:3396)\n    at c:\\Users\\lukas\\.vscode\\extensions\\uqbar.wollok-lsp-ide-0.5.4\\out\\server\\src\\server.js:2398:847\n    at c:\\Users\\lukas\\.vscode\\extensions\\uqbar.wollok-lsp-ide-0.5.4\\out\\server\\src\\server.js:2398:8440\n    at c:\\Users\\lukas\\.vscode\\extensions\\uqbar.wollok-lsp-ide-0.5.4\\out\\server\\src\\server.js:37:74770\n    at Ke (c:\\Users\\lukas\\.vscode\\extensions\\uqbar.wollok-lsp-ide-0.5.4\\out\\server\\src\\server.js:7:8527)\n    at Lt (c:\\Users\\lukas\\.vscode\\extensions\\uqbar.wollok-lsp-ide-0.5.4\\out\\server\\src\\server.js:7:6189)","timestamp":"2026-08-14T14:05:46.973Z"}
{"level":"info","message":"⌛ Building environment","timeElapsed":340,"timestamp":"2026-08-14T14:05:47.400Z"}
{"level":"info","message":"⌛ Validating pepita.wlk","timeElapsed":764,"timestamp":"2026-08-14T14:05:48.361Z"}
{"level":"info","message":"⌛ Building environment","timeElapsed":394,"timestamp":"2026-08-14T14:05:49.092Z"}
{"level":"info","message":"⌛ Validating pepita.wlk","timeElapsed":648,"timestamp":"2026-08-14T14:05:49.782Z"}
{"level":"info","message":"⌛ Building environment","timeElapsed":1085,"timestamp":"2026-08-14T14:05:50.867Z"}
{"level":"info","message":"⌛ Autocomplete - Body","timeElapsed":549,"timestamp":"2026-08-14T14:05:51.511Z"}
{"level":"info","message":"⌛ Building environment","timeElapsed":844,"timestamp":"2026-08-14T14:05:52.387Z"}
{"level":"info","message":"⌛ Building environment","timeElapsed":1322,"timestamp":"2026-08-14T14:05:53.758Z"}
{"level":"info","message":"⌛ Building environment","timeElapsed":330,"timestamp":"2026-08-14T14:05:54.115Z"}
{"level":"info","message":"⌛ Building environment","timeElapsed":350,"timestamp":"2026-08-14T14:05:54.495Z"}
{"level":"info","message":"⌛ Building environment","timeElapsed":293,"timestamp":"2026-08-14T14:05:54.830Z"}
{"level":"info","message":"⌛ Building environment","timeElapsed":498,"timestamp":"2026-08-14T14:05:55.436Z"}
{"level":"info","message":"⌛ Building environment","timeElapsed":230,"timestamp":"2026-08-14T14:05:55.702Z"}
{"level":"info","message":"⌛ Validating pepita.wlk","timeElapsed":377,"timestamp":"2026-08-14T14:05:56.162Z"}
{"level":"info","message":"⌛ Building environment","timeElapsed":455,"timestamp":"2026-08-14T14:05:56.662Z"}
{"level":"info","message":"⌛ Building environment","timeElapsed":618,"timestamp":"2026-08-14T14:05:57.401Z"}
{"level":"info","message":"⌛ Validating pepita.wlk","timeElapsed":966,"timestamp":"2026-08-14T14:05:58.531Z"}
{"level":"info","message":"⌛ Validating pepita.wlk","timeElapsed":625,"timestamp":"2026-08-14T14:05:59.166Z"}
{"level":"info","message":"⌛ Validating pepita.wlk","timeElapsed":521,"timestamp":"2026-08-14T14:05:59.697Z"}
{"level":"info","message":"⌛ Validating pepita.wlk","timeElapsed":1919,"timestamp":"2026-08-14T14:06:01.629Z"}
{"level":"info","message":"⌛ Validating pepita.wlk","timeElapsed":547,"timestamp":"2026-08-14T14:06:02.178Z"}
{"level":"info","message":"⌛ Validating pepita.wlk","timeElapsed":636,"timestamp":"2026-08-14T14:06:02.819Z"}
{"level":"error","message":"✘ Failed to get type description: Error: Failed to print, found malformed node Failed to print, found malformed node","node":{"id":"2ce666f9-ec08-4c53-8760-b7251e273fa2","metadata":[],"problems":[{"code":"malformedSentence","sourceMap":{"end":{"column":53,"line":101,"offset":1408},"start":{"column":20,"line":101,"offset":1375}}}],"scope":{"containerScope":{"containerScope":{"containerScope":{"containerScope":{"contributions":{},"includedScopes":[]},"contributions":{},"includedScopes":[]},"contributions":{},"includedScopes":[{"containerScope":{"containerScope":{"containerScope":{"contributions":{},"includedScopes":[]},"contributions":{},"includedScopes":[]},"contributions":{},"includedScopes":[]},"contributions":{},"includedScopes":[]}]},"contributions":{},"includedScopes":[]},"contributions":{},"includedScopes":[]},"sentences":[{"args":[],"id":"0885487a-8be4-4a80-b45c-7cd716b8d908","message":"energia","metadata":[],"receiver":{"id":"a5674afe-2cfe-4253-928b-6e4d529ccda9","metadata":[],"name":"_ave","scope":{"containerScope":{"containerScope":{"containerScope":{"containerScope":{"containerScope":{"containerScope":{"contributions":{},"includedScopes":[]},"contributions":{},"includedScopes":[]},"contributions":{},"includedScopes":[{"containerScope":{"containerScope":{"containerScope":{"contributions":{},"includedScopes":[]},"contributions":{},"includedScopes":[]},"contributions":{},"includedScopes":[]},"contributions":{},"includedScopes":[]}]},"contributions":{},"includedScopes":[]},"contributions":{},"includedScopes":[]},"contributions":{},"includedScopes":[]},"contributions":{},"includedScopes":[]},"sourceMap":{"end":{"column":9,"line":101,"offset":1364},"start":{"column":5,"line":101,"offset":1360}}},"scope":{"containerScope":{"containerScope":{"containerScope":{"containerScope":{"containerScope":{"contributions":{},"includedScopes":[]},"contributions":{},"includedScopes":[]},"contributions":{},"includedScopes":[{"containerScope":{"containerScope":{"containerScope":{"contributions":{},"includedScopes":[]},"contributions":{},"includedScopes":[]},"contributions":{},"includedScopes":[]},"contributions":{},"includedScopes":[]}]},"contributions":{},"includedScopes":[]},"contributions":{},"includedScopes":[]},"contributions":{},"includedScopes":[]},"sourceMap":{"end":{"column":19,"line":101,"offset":1374},"start":{"column":5,"line":101,"offset":1360}}}],"sourceMap":{"end":{"column":3,"line":103,"offset":1414},"start":{"column":24,"line":99,"offset":1351}}},"stack":"Error: Failed to print, found malformed node\n    at c:\\Users\\lukas\\.vscode\\extensions\\uqbar.wollok-lsp-ide-0.5.4\\out\\server\\src\\server.js:68:3585\n    at c:\\Users\\lukas\\.vscode\\extensions\\uqbar.wollok-lsp-ide-0.5.4\\out\\server\\src\\server.js:68:5370\n    at c:\\Users\\lukas\\.vscode\\extensions\\uqbar.wollok-lsp-ide-0.5.4\\out\\server\\src\\server.js:38:6131\n    at c:\\Users\\lukas\\.vscode\\extensions\\uqbar.wollok-lsp-ide-0.5.4\\out\\server\\src\\server.js:68:3664\n    at Kbn (c:\\Users\\lukas\\.vscode\\extensions\\uqbar.wollok-lsp-ide-0.5.4\\out\\server\\src\\server.js:68:3396)\n    at c:\\Users\\lukas\\.vscode\\extensions\\uqbar.wollok-lsp-ide-0.5.4\\out\\server\\src\\server.js:2398:847\n    at c:\\Users\\lukas\\.vscode\\extensions\\uqbar.wollok-lsp-ide-0.5.4\\out\\server\\src\\server.js:2398:8440\n    at c:\\Users\\lukas\\.vscode\\extensions\\uqbar.wollok-lsp-ide-0.5.4\\out\\server\\src\\server.js:37:74770\n    at Ke (c:\\Users\\lukas\\.vscode\\extensions\\uqbar.wollok-lsp-ide-0.5.4\\out\\server\\src\\server.js:7:8527)\n    at Lt (c:\\Users\\lukas\\.vscode\\extensions\\uqbar.wollok-lsp-ide-0.5.4\\out\\server\\src\\server.js:7:6189)","timestamp":"2026-08-14T14:06:02.909Z"}
{"level":"info","message":"⌛ Validating pepita.wlk","timeElapsed":531,"timestamp":"2026-08-14T14:06:03.484Z"}
{"level":"info","message":"⌛ Building environment","timeElapsed":313,"timestamp":"2026-08-14T14:06:03.834Z"}
{"level":"info","message":"⌛ Building environment","timeElapsed":344,"timestamp":"2026-08-14T14:06:04.212Z"}
{"level":"info","message":"⌛ Validating pepita.wlk","timeElapsed":371,"timestamp":"2026-08-14T14:06:04.649Z"}
{"level":"info","message":"⌛ Building environment","timeElapsed":562,"timestamp":"2026-08-14T14:06:05.226Z"}
{"level":"info","message":"⌛ Building environment","timeElapsed":293,"timestamp":"2026-08-14T14:06:05.529Z"}
{"level":"info","message":"⌛ Building environment","timeElapsed":283,"timestamp":"2026-08-14T14:06:05.817Z"}
{"level":"info","message":"⌛ Building environment","timeElapsed":272,"timestamp":"2026-08-14T14:06:06.100Z"}
{"level":"info","message":"⌛ Building environment","timeElapsed":336,"timestamp":"2026-08-14T14:06:06.445Z"}
{"level":"info","message":"⌛ Building environment","timeElapsed":239,"timestamp":"2026-08-14T14:06:06.726Z"}
{"level":"info","message":"⌛ Validating pepita.wlk","timeElapsed":337,"timestamp":"2026-08-14T14:06:07.129Z"}
{"level":"info","message":"⌛ Building environment","timeElapsed":287,"timestamp":"2026-08-14T14:06:07.432Z"}
{"level":"info","message":"⌛ Building environment","timeElapsed":219,"timestamp":"2026-08-14T14:06:07.700Z"}
{"level":"info","message":"⌛ Building environment","timeElapsed":241,"timestamp":"2026-08-14T14:06:08.083Z"}
{"level":"info","message":"⌛ Building environment","timeElapsed":246,"timestamp":"2026-08-14T14:06:08.338Z"}
{"level":"info","message":"⌛ Building environment","timeElapsed":215,"timestamp":"2026-08-14T14:06:08.597Z"}
{"level":"info","message":"⌛ Building environment","timeElapsed":313,"timestamp":"2026-08-14T14:06:08.948Z"}
{"level":"info","message":"⌛ Building environment","timeElapsed":246,"timestamp":"2026-08-14T14:06:09.229Z"}
{"level":"info","message":"⌛ Building environment","timeElapsed":247,"timestamp":"2026-08-14T14:06:09.528Z"}
{"level":"info","message":"⌛ Building environment","timeElapsed":218,"timestamp":"2026-08-14T14:06:09.781Z"}
{"level":"info","message":"⌛ Building environment","timeElapsed":231,"timestamp":"2026-08-14T14:06:10.048Z"}
{"level":"info","message":"⌛ Building environment","timeElapsed":230,"timestamp":"2026-08-14T14:06:10.326Z"}
{"level":"info","message":"⌛ Validating pepita.wlk","timeElapsed":316,"timestamp":"2026-08-14T14:06:10.735Z"}
{"level":"info","message":"⌛ Validating pepita.wlk","timeElapsed":591,"timestamp":"2026-08-14T14:06:11.338Z"}
{"level":"info","message":"⌛ Validating pepita.wlk","timeElapsed":728,"timestamp":"2026-08-14T14:06:12.211Z"}
{"level":"info","message":"⌛ Validating pepita.wlk","timeElapsed":334,"timestamp":"2026-08-14T14:06:12.545Z"}
{"level":"info","message":"⌛ Validating pepita.wlk","timeElapsed":347,"timestamp":"2026-08-14T14:06:12.893Z"}
{"level":"info","message":"⌛ Validating pepita.wlk","timeElapsed":302,"timestamp":"2026-08-14T14:06:13.196Z"}
{"level":"info","message":"⌛ Validating pepita.wlk","timeElapsed":296,"timestamp":"2026-08-14T14:06:13.497Z"}
{"level":"info","message":"⌛ Validating pepita.wlk","timeElapsed":294,"timestamp":"2026-08-14T14:06:13.796Z"}
{"level":"info","message":"⌛ Validating pepita.wlk","timeElapsed":348,"timestamp":"2026-08-14T14:06:14.184Z"}
{"level":"info","message":"⌛ Validating pepita.wlk","timeElapsed":332,"timestamp":"2026-08-14T14:06:14.526Z"}
{"level":"info","message":"⌛ Validating pepita.wlk","timeElapsed":304,"timestamp":"2026-08-14T14:06:14.833Z"}
{"level":"info","message":"⌛ Validating pepita.wlk","timeElapsed":302,"timestamp":"2026-08-14T14:06:15.141Z"}
{"level":"info","message":"⌛ Validating pepita.wlk","timeElapsed":329,"timestamp":"2026-08-14T14:06:15.475Z"}
{"level":"info","message":"⌛ Validating pepita.wlk","timeElapsed":312,"timestamp":"2026-08-14T14:06:15.792Z"}
{"level":"info","message":"⌛ Validating pepita.wlk","timeElapsed":369,"timestamp":"2026-08-14T14:06:16.165Z"}
{"level":"info","message":"⌛ Validating pepita.wlk","timeElapsed":314,"timestamp":"2026-08-14T14:06:16.483Z"}
{"level":"info","message":"⌛ Validating pepita.wlk","timeElapsed":309,"timestamp":"2026-08-14T14:06:16.798Z"}
{"level":"info","message":"⌛ Validating pepita.wlk","timeElapsed":409,"timestamp":"2026-08-14T14:06:17.213Z"}
{"level":"info","message":"⌛ Validating pepita.wlk","timeElapsed":374,"timestamp":"2026-08-14T14:06:17.589Z"}
{"level":"info","message":"⌛ Building environment","timeElapsed":493,"timestamp":"2026-08-14T14:06:21.056Z"}
{"level":"info","message":"⌛ Building environment","timeElapsed":494,"timestamp":"2026-08-14T14:06:21.579Z"}
{"level":"info","message":"⌛ Building environment","timeElapsed":893,"timestamp":"2026-08-14T14:06:22.560Z"}
{"level":"info","message":"⌛ Building environment","timeElapsed":467,"timestamp":"2026-08-14T14:06:23.075Z"}
{"level":"info","message":"⌛ Validating pepita.wlk","timeElapsed":1193,"timestamp":"2026-08-14T14:06:24.342Z"}
{"level":"info","message":"⌛ Building environment","timeElapsed":345,"timestamp":"2026-08-14T14:06:24.694Z"}
{"level":"info","message":"⌛ Validating pepita.wlk","timeElapsed":724,"timestamp":"2026-08-14T14:06:25.576Z"}
{"level":"info","message":"⌛ Validating pepita.wlk","timeElapsed":500,"timestamp":"2026-08-14T14:06:26.089Z"}
{"level":"info","message":"⌛ Validating pepita.wlk","timeElapsed":558,"timestamp":"2026-08-14T14:06:26.651Z"}
{"level":"info","message":"⌛ Validating pepita.wlk","timeElapsed":717,"timestamp":"2026-08-14T14:06:27.388Z"}
{"level":"error","message":"✘ Failed to get type description: Error: Failed to print, found malformed node Failed to print, found malformed node","node":{"id":"c4a6dfd2-6224-48da-9d40-710214582c6f","metadata":[],"problems":[{"code":"malformedSentence","sourceMap":{"end":{"column":59,"line":101,"offset":1414},"start":{"column":20,"line":101,"offset":1375}}}],"scope":{"containerScope":{"containerScope":{"containerScope":{"containerScope":{"contributions":{},"includedScopes":[]},"contributions":{},"includedScopes":[]},"contributions":{},"includedScopes":[{"containerScope":{"containerScope":{"containerScope":{"contributions":{},"includedScopes":[]},"contributions":{},"includedScopes":[]},"contributions":{},"includedScopes":[]},"contributions":{},"includedScopes":[]}]},"contributions":{},"includedScopes":[]},"contributions":{},"includedScopes":[]},"sentences":[{"args":[],"id":"69b75eb6-bd69-40c2-85f3-729cdb649536","message":"energia","metadata":[],"receiver":{"id":"fbc036f8-eca1-452e-95ad-ba6a33a8069e","metadata":[],"name":"_ave","scope":{"containerScope":{"containerScope":{"containerScope":{"containerScope":{"containerScope":{"containerScope":{"contributions":{},"includedScopes":[]},"contributions":{},"includedScopes":[]},"contributions":{},"includedScopes":[{"containerScope":{"containerScope":{"containerScope":{"contributions":{},"includedScopes":[]},"contributions":{},"includedScopes":[]},"contributions":{},"includedScopes":[]},"contributions":{},"includedScopes":[]}]},"contributions":{},"includedScopes":[]},"contributions":{},"includedScopes":[]},"contributions":{},"includedScopes":[]},"contributions":{},"includedScopes":[]},"sourceMap":{"end":{"column":9,"line":101,"offset":1364},"start":{"column":5,"line":101,"offset":1360}}},"scope":{"containerScope":{"containerScope":{"containerScope":{"containerScope":{"containerScope":{"contributions":{},"includedScopes":[]},"contributions":{},"includedScopes":[]},"contributions":{},"includedScopes":[{"containerScope":{"containerScope":{"containerScope":{"contributions":{},"includedScopes":[]},"contributions":{},"includedScopes":[]},"contributions":{},"includedScopes":[]},"contributions":{},"includedScopes":[]}]},"contributions":{},"includedScopes":[]},"contributions":{},"includedScopes":[]},"contributions":{},"includedScopes":[]},"sourceMap":{"end":{"column":19,"line":101,"offset":1374},"start":{"column":5,"line":101,"offset":1360}}}],"sourceMap":{"end":{"column":3,"line":103,"offset":1420},"start":{"column":24,"line":99,"offset":1351}}},"stack":"Error: Failed to print, found malformed node\n    at c:\\Users\\lukas\\.vscode\\extensions\\uqbar.wollok-lsp-ide-0.5.4\\out\\server\\src\\server.js:68:3585\n    at c:\\Users\\lukas\\.vscode\\extensions\\uqbar.wollok-lsp-ide-0.5.4\\out\\server\\src\\server.js:68:5370\n    at c:\\Users\\lukas\\.vscode\\extensions\\uqbar.wollok-lsp-ide-0.5.4\\out\\server\\src\\server.js:38:6131\n    at c:\\Users\\lukas\\.vscode\\extensions\\uqbar.wollok-lsp-ide-0.5.4\\out\\server\\src\\server.js:68:3664\n    at Kbn (c:\\Users\\lukas\\.vscode\\extensions\\uqbar.wollok-lsp-ide-0.5.4\\out\\server\\src\\server.js:68:3396)\n    at c:\\Users\\lukas\\.vscode\\extensions\\uqbar.wollok-lsp-ide-0.5.4\\out\\server\\src\\server.js:2398:847\n    at c:\\Users\\lukas\\.vscode\\extensions\\uqbar.wollok-lsp-ide-0.5.4\\out\\server\\src\\server.js:2398:8440\n    at c:\\Users\\lukas\\.vscode\\extensions\\uqbar.wollok-lsp-ide-0.5.4\\out\\server\\src\\server.js:37:74770\n    at Ke (c:\\Users\\lukas\\.vscode\\extensions\\uqbar.wollok-lsp-ide-0.5.4\\out\\server\\src\\server.js:7:8527)\n    at Lt (c:\\Users\\lukas\\.vscode\\extensions\\uqbar.wollok-lsp-ide-0.5.4\\out\\server\\src\\server.js:7:6189)","timestamp":"2026-08-14T14:06:28.888Z"}
{"level":"error","message":"✘ Failed to get type description: Error: Failed to print, found malformed node Failed to print, found malformed node","node":{"id":"c4a6dfd2-6224-48da-9d40-710214582c6f","metadata":[],"problems":[{"code":"malformedSentence","sourceMap":{"end":{"column":59,"line":101,"offset":1414},"start":{"column":20,"line":101,"offset":1375}}}],"scope":{"containerScope":{"containerScope":{"containerScope":{"containerScope":{"contributions":{},"includedScopes":[]},"contributions":{},"includedScopes":[]},"contributions":{},"includedScopes":[{"containerScope":{"containerScope":{"containerScope":{"contributions":{},"includedScopes":[]},"contributions":{},"includedScopes":[]},"contributions":{},"includedScopes":[]},"contributions":{},"includedScopes":[]}]},"contributions":{},"includedScopes":[]},"contributions":{},"includedScopes":[]},"sentences":[{"args":[],"id":"69b75eb6-bd69-40c2-85f3-729cdb649536","message":"energia","metadata":[],"receiver":{"id":"fbc036f8-eca1-452e-95ad-ba6a33a8069e","metadata":[],"name":"_ave","scope":{"containerScope":{"containerScope":{"containerScope":{"containerScope":{"containerScope":{"containerScope":{"contributions":{},"includedScopes":[]},"contributions":{},"includedScopes":[]},"contributions":{},"includedScopes":[{"containerScope":{"containerScope":{"containerScope":{"contributions":{},"includedScopes":[]},"contributions":{},"includedScopes":[]},"contributions":{},"includedScopes":[]},"contributions":{},"includedScopes":[]}]},"contributions":{},"includedScopes":[]},"contributions":{},"includedScopes":[]},"contributions":{},"includedScopes":[]},"contributions":{},"includedScopes":[]},"sourceMap":{"end":{"column":9,"line":101,"offset":1364},"start":{"column":5,"line":101,"offset":1360}}},"scope":{"containerScope":{"containerScope":{"containerScope":{"containerScope":{"containerScope":{"contributions":{},"includedScopes":[]},"contributions":{},"includedScopes":[]},"contributions":{},"includedScopes":[{"containerScope":{"containerScope":{"containerScope":{"contributions":{},"includedScopes":[]},"contributions":{},"includedScopes":[]},"contributions":{},"includedScopes":[]},"contributions":{},"includedScopes":[]}]},"contributions":{},"includedScopes":[]},"contributions":{},"includedScopes":[]},"contributions":{},"includedScopes":[]},"sourceMap":{"end":{"column":19,"line":101,"offset":1374},"start":{"column":5,"line":101,"offset":1360}}}],"sourceMap":{"end":{"column":3,"line":103,"offset":1420},"start":{"column":24,"line":99,"offset":1351}}},"stack":"Error: Failed to print, found malformed node\n    at c:\\Users\\lukas\\.vscode\\extensions\\uqbar.wollok-lsp-ide-0.5.4\\out\\server\\src\\server.js:68:3585\n    at c:\\Users\\lukas\\.vscode\\extensions\\uqbar.wollok-lsp-ide-0.5.4\\out\\server\\src\\server.js:68:5370\n    at c:\\Users\\lukas\\.vscode\\extensions\\uqbar.wollok-lsp-ide-0.5.4\\out\\server\\src\\server.js:38:6131\n    at c:\\Users\\lukas\\.vscode\\extensions\\uqbar.wollok-lsp-ide-0.5.4\\out\\server\\src\\server.js:68:3664\n    at Kbn (c:\\Users\\lukas\\.vscode\\extensions\\uqbar.wollok-lsp-ide-0.5.4\\out\\server\\src\\server.js:68:3396)\n    at c:\\Users\\lukas\\.vscode\\extensions\\uqbar.wollok-lsp-ide-0.5.4\\out\\server\\src\\server.js:2398:847\n    at c:\\Users\\lukas\\.vscode\\extensions\\uqbar.wollok-lsp-ide-0.5.4\\out\\server\\src\\server.js:2398:8440\n    at c:\\Users\\lukas\\.vscode\\extensions\\uqbar.wollok-lsp-ide-0.5.4\\out\\server\\src\\server.js:37:74770\n    at Ke (c:\\Users\\lukas\\.vscode\\extensions\\uqbar.wollok-lsp-ide-0.5.4\\out\\server\\src\\server.js:7:8527)\n    at Lt (c:\\Users\\lukas\\.vscode\\extensions\\uqbar.wollok-lsp-ide-0.5.4\\out\\server\\src\\server.js:7:6189)","timestamp":"2026-08-14T14:06:30.278Z"}
{"level":"error","message":"✘ Failed to get type description: Error: Failed to print, found malformed node Failed to print, found malformed node","node":{"id":"c4a6dfd2-6224-48da-9d40-710214582c6f","metadata":[],"problems":[{"code":"malformedSentence","sourceMap":{"end":{"column":59,"line":101,"offset":1414},"start":{"column":20,"line":101,"offset":1375}}}],"scope":{"containerScope":{"containerScope":{"containerScope":{"containerScope":{"contributions":{},"includedScopes":[]},"contributions":{},"includedScopes":[]},"contributions":{},"includedScopes":[{"containerScope":{"containerScope":{"containerScope":{"contributions":{},"includedScopes":[]},"contributions":{},"includedScopes":[]},"contributions":{},"includedScopes":[]},"contributions":{},"includedScopes":[]}]},"contributions":{},"includedScopes":[]},"contributions":{},"includedScopes":[]},"sentences":[{"args":[],"id":"69b75eb6-bd69-40c2-85f3-729cdb649536","message":"energia","metadata":[],"receiver":{"id":"fbc036f8-eca1-452e-95ad-ba6a33a8069e","metadata":[],"name":"_ave","scope":{"containerScope":{"containerScope":{"containerScope":{"containerScope":{"containerScope":{"containerScope":{"contributions":{},"includedScopes":[]},"contributions":{},"includedScopes":[]},"contributions":{},"includedScopes":[{"containerScope":{"containerScope":{"containerScope":{"contributions":{},"includedScopes":[]},"contributions":{},"includedScopes":[]},"contributions":{},"includedScopes":[]},"contributions":{},"includedScopes":[]}]},"contributions":{},"includedScopes":[]},"contributions":{},"includedScopes":[]},"contributions":{},"includedScopes":[]},"contributions":{},"includedScopes":[]},"sourceMap":{"end":{"column":9,"line":101,"offset":1364},"start":{"column":5,"line":101,"offset":1360}}},"scope":{"containerScope":{"containerScope":{"containerScope":{"containerScope":{"containerScope":{"contributions":{},"includedScopes":[]},"contributions":{},"includedScopes":[]},"contributions":{},"includedScopes":[{"containerScope":{"containerScope":{"containerScope":{"contributions":{},"includedScopes":[]},"contributions":{},"includedScopes":[]},"contributions":{},"includedScopes":[]},"contributions":{},"includedScopes":[]}]},"contributions":{},"includedScopes":[]},"contributions":{},"includedScopes":[]},"contributions":{},"includedScopes":[]},"sourceMap":{"end":{"column":19,"line":101,"offset":1374},"start":{"column":5,"line":101,"offset":1360}}}],"sourceMap":{"end":{"column":3,"line":103,"offset":1420},"start":{"column":24,"line":99,"offset":1351}}},"stack":"Error: Failed to print, found malformed node\n    at c:\\Users\\lukas\\.vscode\\extensions\\uqbar.wollok-lsp-ide-0.5.4\\out\\server\\src\\server.js:68:3585\n    at c:\\Users\\lukas\\.vscode\\extensions\\uqbar.wollok-lsp-ide-0.5.4\\out\\server\\src\\server.js:68:5370\n    at c:\\Users\\lukas\\.vscode\\extensions\\uqbar.wollok-lsp-ide-0.5.4\\out\\server\\src\\server.js:38:6131\n    at c:\\Users\\lukas\\.vscode\\extensions\\uqbar.wollok-lsp-ide-0.5.4\\out\\server\\src\\server.js:68:3664\n    at Kbn (c:\\Users\\lukas\\.vscode\\extensions\\uqbar.wollok-lsp-ide-0.5.4\\out\\server\\src\\server.js:68:3396)\n    at c:\\Users\\lukas\\.vscode\\extensions\\uqbar.wollok-lsp-ide-0.5.4\\out\\server\\src\\server.js:2398:847\n    at c:\\Users\\lukas\\.vscode\\extensions\\uqbar.wollok-lsp-ide-0.5.4\\out\\server\\src\\server.js:2398:8440\n    at c:\\Users\\lukas\\.vscode\\extensions\\uqbar.wollok-lsp-ide-0.5.4\\out\\server\\src\\server.js:37:74770\n    at Ke (c:\\Users\\lukas\\.vscode\\extensions\\uqbar.wollok-lsp-ide-0.5.4\\out\\server\\src\\server.js:7:8527)\n    at Lt (c:\\Users\\lukas\\.vscode\\extensions\\uqbar.wollok-lsp-ide-0.5.4\\out\\server\\src\\server.js:7:6189)","timestamp":"2026-08-14T14:06:31.774Z"}
{"level":"error","message":"✘ Failed to get type description: Error: Failed to print, found malformed node Failed to print, found malformed node","node":{"id":"c4a6dfd2-6224-48da-9d40-710214582c6f","metadata":[],"problems":[{"code":"malformedSentence","sourceMap":{"end":{"column":59,"line":101,"offset":1414},"start":{"column":20,"line":101,"offset":1375}}}],"scope":{"containerScope":{"containerScope":{"containerScope":{"containerScope":{"contributions":{},"includedScopes":[]},"contributions":{},"includedScopes":[]},"contributions":{},"includedScopes":[{"containerScope":{"containerScope":{"containerScope":{"contributions":{},"includedScopes":[]},"contributions":{},"includedScopes":[]},"contributions":{},"includedScopes":[]},"contributions":{},"includedScopes":[]}]},"contributions":{},"includedScopes":[]},"contributions":{},"includedScopes":[]},"sentences":[{"args":[],"id":"69b75eb6-bd69-40c2-85f3-729cdb649536","message":"energia","metadata":[],"receiver":{"id":"fbc036f8-eca1-452e-95ad-ba6a33a8069e","metadata":[],"name":"_ave","scope":{"containerScope":{"containerScope":{"containerScope":{"containerScope":{"containerScope":{"containerScope":{"contributions":{},"includedScopes":[]},"contributions":{},"includedScopes":[]},"contributions":{},"includedScopes":[{"containerScope":{"containerScope":{"containerScope":{"contributions":{},"includedScopes":[]},"contributions":{},"includedScopes":[]},"contributions":{},"includedScopes":[]},"contributions":{},"includedScopes":[]}]},"contributions":{},"includedScopes":[]},"contributions":{},"includedScopes":[]},"contributions":{},"includedScopes":[]},"contributions":{},"includedScopes":[]},"sourceMap":{"end":{"column":9,"line":101,"offset":1364},"start":{"column":5,"line":101,"offset":1360}}},"scope":{"containerScope":{"containerScope":{"containerScope":{"containerScope":{"containerScope":{"contributions":{},"includedScopes":[]},"contributions":{},"includedScopes":[]},"contributions":{},"includedScopes":[{"containerScope":{"containerScope":{"containerScope":{"contributions":{},"includedScopes":[]},"contributions":{},"includedScopes":[]},"contributions":{},"includedScopes":[]},"contributions":{},"includedScopes":[]}]},"contributions":{},"includedScopes":[]},"contributions":{},"includedScopes":[]},"contributions":{},"includedScopes":[]},"sourceMap":{"end":{"column":19,"line":101,"offset":1374},"start":{"column":5,"line":101,"offset":1360}}}],"sourceMap":{"end":{"column":3,"line":103,"offset":1420},"start":{"column":24,"line":99,"offset":1351}}},"stack":"Error: Failed to print, found malformed node\n    at c:\\Users\\lukas\\.vscode\\extensions\\uqbar.wollok-lsp-ide-0.5.4\\out\\server\\src\\server.js:68:3585\n    at c:\\Users\\lukas\\.vscode\\extensions\\uqbar.wollok-lsp-ide-0.5.4\\out\\server\\src\\server.js:68:5370\n    at c:\\Users\\lukas\\.vscode\\extensions\\uqbar.wollok-lsp-ide-0.5.4\\out\\server\\src\\server.js:38:6131\n    at c:\\Users\\lukas\\.vscode\\extensions\\uqbar.wollok-lsp-ide-0.5.4\\out\\server\\src\\server.js:68:3664\n    at Kbn (c:\\Users\\lukas\\.vscode\\extensions\\uqbar.wollok-lsp-ide-0.5.4\\out\\server\\src\\server.js:68:3396)\n    at c:\\Users\\lukas\\.vscode\\extensions\\uqbar.wollok-lsp-ide-0.5.4\\out\\server\\src\\server.js:2398:847\n    at c:\\Users\\lukas\\.vscode\\extensions\\uqbar.wollok-lsp-ide-0.5.4\\out\\server\\src\\server.js:2398:8440\n    at c:\\Users\\lukas\\.vscode\\extensions\\uqbar.wollok-lsp-ide-0.5.4\\out\\server\\src\\server.js:37:74770\n    at Ke (c:\\Users\\lukas\\.vscode\\extensions\\uqbar.wollok-lsp-ide-0.5.4\\out\\server\\src\\server.js:7:8527)\n    at Lt (c:\\Users\\lukas\\.vscode\\extensions\\uqbar.wollok-lsp-ide-0.5.4\\out\\server\\src\\server.js:7:6189)","timestamp":"2026-08-14T14:06:32.053Z"}
{"level":"error","message":"✘ Failed to get type description: Error: Failed to print, found malformed node Failed to print, found malformed node","node":{"id":"c4a6dfd2-6224-48da-9d40-710214582c6f","metadata":[],"problems":[{"code":"malformedSentence","sourceMap":{"end":{"column":59,"line":101,"offset":1414},"start":{"column":20,"line":101,"offset":1375}}}],"scope":{"containerScope":{"containerScope":{"containerScope":{"containerScope":{"contributions":{},"includedScopes":[]},"contributions":{},"includedScopes":[]},"contributions":{},"includedScopes":[{"containerScope":{"containerScope":{"containerScope":{"contributions":{},"includedScopes":[]},"contributions":{},"includedScopes":[]},"contributions":{},"includedScopes":[]},"contributions":{},"includedScopes":[]}]},"contributions":{},"includedScopes":[]},"contributions":{},"includedScopes":[]},"sentences":[{"args":[],"id":"69b75eb6-bd69-40c2-85f3-729cdb649536","message":"energia","metadata":[],"receiver":{"id":"fbc036f8-eca1-452e-95ad-ba6a33a8069e","metadata":[],"name":"_ave","scope":{"containerScope":{"containerScope":{"containerScope":{"containerScope":{"containerScope":{"containerScope":{"contributions":{},"includedScopes":[]},"contributions":{},"includedScopes":[]},"contributions":{},"includedScopes":[{"containerScope":{"containerScope":{"containerScope":{"contributions":{},"includedScopes":[]},"contributions":{},"includedScopes":[]},"contributions":{},"includedScopes":[]},"contributions":{},"includedScopes":[]}]},"contributions":{},"includedScopes":[]},"contributions":{},"includedScopes":[]},"contributions":{},"includedScopes":[]},"contributions":{},"includedScopes":[]},"sourceMap":{"end":{"column":9,"line":101,"offset":1364},"start":{"column":5,"line":101,"offset":1360}}},"scope":{"containerScope":{"containerScope":{"containerScope":{"containerScope":{"containerScope":{"contributions":{},"includedScopes":[]},"contributions":{},"includedScopes":[]},"contributions":{},"includedScopes":[{"containerScope":{"containerScope":{"containerScope":{"contributions":{},"includedScopes":[]},"contributions":{},"includedScopes":[]},"contributions":{},"includedScopes":[]},"contributions":{},"includedScopes":[]}]},"contributions":{},"includedScopes":[]},"contributions":{},"includedScopes":[]},"contributions":{},"includedScopes":[]},"sourceMap":{"end":{"column":19,"line":101,"offset":1374},"start":{"column":5,"line":101,"offset":1360}}}],"sourceMap":{"end":{"column":3,"line":103,"offset":1420},"start":{"column":24,"line":99,"offset":1351}}},"stack":"Error: Failed to print, found malformed node\n    at c:\\Users\\lukas\\.vscode\\extensions\\uqbar.wollok-lsp-ide-0.5.4\\out\\server\\src\\server.js:68:3585\n    at c:\\Users\\lukas\\.vscode\\extensions\\uqbar.wollok-lsp-ide-0.5.4\\out\\server\\src\\server.js:68:5370\n    at c:\\Users\\lukas\\.vscode\\extensions\\uqbar.wollok-lsp-ide-0.5.4\\out\\server\\src\\server.js:38:6131\n    at c:\\Users\\lukas\\.vscode\\extensions\\uqbar.wollok-lsp-ide-0.5.4\\out\\server\\src\\server.js:68:3664\n    at Kbn (c:\\Users\\lukas\\.vscode\\extensions\\uqbar.wollok-lsp-ide-0.5.4\\out\\server\\src\\server.js:68:3396)\n    at c:\\Users\\lukas\\.vscode\\extensions\\uqbar.wollok-lsp-ide-0.5.4\\out\\server\\src\\server.js:2398:847\n    at c:\\Users\\lukas\\.vscode\\extensions\\uqbar.wollok-lsp-ide-0.5.4\\out\\server\\src\\server.js:2398:8440\n    at c:\\Users\\lukas\\.vscode\\extensions\\uqbar.wollok-lsp-ide-0.5.4\\out\\server\\src\\server.js:37:74770\n    at Ke (c:\\Users\\lukas\\.vscode\\extensions\\uqbar.wollok-lsp-ide-0.5.4\\out\\server\\src\\server.js:7:8527)\n    at Lt (c:\\Users\\lukas\\.vscode\\extensions\\uqbar.wollok-lsp-ide-0.5.4\\out\\server\\src\\server.js:7:6189)","timestamp":"2026-08-14T14:06:32.837Z"}
{"level":"error","message":"✘ Failed to get type description: Error: Failed to print, found malformed node Failed to print, found malformed node","node":{"id":"c4a6dfd2-6224-48da-9d40-710214582c6f","metadata":[],"problems":[{"code":"malformedSentence","sourceMap":{"end":{"column":59,"line":101,"offset":1414},"start":{"column":20,"line":101,"offset":1375}}}],"scope":{"containerScope":{"containerScope":{"containerScope":{"containerScope":{"contributions":{},"includedScopes":[]},"contributions":{},"includedScopes":[]},"contributions":{},"includedScopes":[{"containerScope":{"containerScope":{"containerScope":{"contributions":{},"includedScopes":[]},"contributions":{},"includedScopes":[]},"contributions":{},"includedScopes":[]},"contributions":{},"includedScopes":[]}]},"contributions":{},"includedScopes":[]},"contributions":{},"includedScopes":[]},"sentences":[{"args":[],"id":"69b75eb6-bd69-40c2-85f3-729cdb649536","message":"energia","metadata":[],"receiver":{"id":"fbc036f8-eca1-452e-95ad-ba6a33a8069e","metadata":[],"name":"_ave","scope":{"containerScope":{"containerScope":{"containerScope":{"containerScope":{"containerScope":{"containerScope":{"contributions":{},"includedScopes":[]},"contributions":{},"includedScopes":[]},"contributions":{},"includedScopes":[{"containerScope":{"containerScope":{"containerScope":{"contributions":{},"includedScopes":[]},"contributions":{},"includedScopes":[]},"contributions":{},"includedScopes":[]},"contributions":{},"includedScopes":[]}]},"contributions":{},"includedScopes":[]},"contributions":{},"includedScopes":[]},"contributions":{},"includedScopes":[]},"contributions":{},"includedScopes":[]},"sourceMap":{"end":{"column":9,"line":101,"offset":1364},"start":{"column":5,"line":101,"offset":1360}}},"scope":{"containerScope":{"containerScope":{"containerScope":{"containerScope":{"containerScope":{"contributions":{},"includedScopes":[]},"contributions":{},"includedScopes":[]},"contributions":{},"includedScopes":[{"containerScope":{"containerScope":{"containerScope":{"contributions":{},"includedScopes":[]},"contributions":{},"includedScopes":[]},"contributions":{},"includedScopes":[]},"contributions":{},"includedScopes":[]}]},"contributions":{},"includedScopes":[]},"contributions":{},"includedScopes":[]},"contributions":{},"includedScopes":[]},"sourceMap":{"end":{"column":19,"line":101,"offset":1374},"start":{"column":5,"line":101,"offset":1360}}}],"sourceMap":{"end":{"column":3,"line":103,"offset":1420},"start":{"column":24,"line":99,"offset":1351}}},"stack":"Error: Failed to print, found malformed node\n    at c:\\Users\\lukas\\.vscode\\extensions\\uqbar.wollok-lsp-ide-0.5.4\\out\\server\\src\\server.js:68:3585\n    at c:\\Users\\lukas\\.vscode\\extensions\\uqbar.wollok-lsp-ide-0.5.4\\out\\server\\src\\server.js:68:5370\n    at c:\\Users\\lukas\\.vscode\\extensions\\uqbar.wollok-lsp-ide-0.5.4\\out\\server\\src\\server.js:38:6131\n    at c:\\Users\\lukas\\.vscode\\extensions\\uqbar.wollok-lsp-ide-0.5.4\\out\\server\\src\\server.js:68:3664\n    at Kbn (c:\\Users\\lukas\\.vscode\\extensions\\uqbar.wollok-lsp-ide-0.5.4\\out\\server\\src\\server.js:68:3396)\n    at c:\\Users\\lukas\\.vscode\\extensions\\uqbar.wollok-lsp-ide-0.5.4\\out\\server\\src\\server.js:2398:847\n    at c:\\Users\\lukas\\.vscode\\extensions\\uqbar.wollok-lsp-ide-0.5.4\\out\\server\\src\\server.js:2398:8440\n    at c:\\Users\\lukas\\.vscode\\extensions\\uqbar.wollok-lsp-ide-0.5.4\\out\\server\\src\\server.js:37:74770\n    at Ke (c:\\Users\\lukas\\.vscode\\extensions\\uqbar.wollok-lsp-ide-0.5.4\\out\\server\\src\\server.js:7:8527)\n    at Lt (c:\\Users\\lukas\\.vscode\\extensions\\uqbar.wollok-lsp-ide-0.5.4\\out\\server\\src\\server.js:7:6189)","timestamp":"2026-08-14T14:06:33.229Z"}
{"level":"error","message":"✘ Failed to get type description: Error: Failed to print, found malformed node Failed to print, found malformed node","node":{"id":"c4a6dfd2-6224-48da-9d40-710214582c6f","metadata":[],"problems":[{"code":"malformedSentence","sourceMap":{"end":{"column":59,"line":101,"offset":1414},"start":{"column":20,"line":101,"offset":1375}}}],"scope":{"containerScope":{"containerScope":{"containerScope":{"containerScope":{"contributions":{},"includedScopes":[]},"contributions":{},"includedScopes":[]},"contributions":{},"includedScopes":[{"containerScope":{"containerScope":{"containerScope":{"contributions":{},"includedScopes":[]},"contributions":{},"includedScopes":[]},"contributions":{},"includedScopes":[]},"contributions":{},"includedScopes":[]}]},"contributions":{},"includedScopes":[]},"contributions":{},"includedScopes":[]},"sentences":[{"args":[],"id":"69b75eb6-bd69-40c2-85f3-729cdb649536","message":"energia","metadata":[],"receiver":{"id":"fbc036f8-eca1-452e-95ad-ba6a33a8069e","metadata":[],"name":"_ave","scope":{"containerScope":{"containerScope":{"containerScope":{"containerScope":{"containerScope":{"containerScope":{"contributions":{},"includedScopes":[]},"contributions":{},"includedScopes":[]},"contributions":{},"includedScopes":[{"containerScope":{"containerScope":{"containerScope":{"contributions":{},"includedScopes":[]},"contributions":{},"includedScopes":[]},"contributions":{},"includedScopes":[]},"contributions":{},"includedScopes":[]}]},"contributions":{},"includedScopes":[]},"contributions":{},"includedScopes":[]},"contributions":{},"includedScopes":[]},"contributions":{},"includedScopes":[]},"sourceMap":{"end":{"column":9,"line":101,"offset":1364},"start":{"column":5,"line":101,"offset":1360}}},"scope":{"containerScope":{"containerScope":{"containerScope":{"containerScope":{"containerScope":{"contributions":{},"includedScopes":[]},"contributions":{},"includedScopes":[]},"contributions":{},"includedScopes":[{"containerScope":{"containerScope":{"containerScope":{"contributions":{},"includedScopes":[]},"contributions":{},"includedScopes":[]},"contributions":{},"includedScopes":[]},"contributions":{},"includedScopes":[]}]},"contributions":{},"includedScopes":[]},"contributions":{},"includedScopes":[]},"contributions":{},"includedScopes":[]},"sourceMap":{"end":{"column":19,"line":101,"offset":1374},"start":{"column":5,"line":101,"offset":1360}}}],"sourceMap":{"end":{"column":3,"line":103,"offset":1420},"start":{"column":24,"line":99,"offset":1351}}},"stack":"Error: Failed to print, found malformed node\n    at c:\\Users\\lukas\\.vscode\\extensions\\uqbar.wollok-lsp-ide-0.5.4\\out\\server\\src\\server.js:68:3585\n    at c:\\Users\\lukas\\.vscode\\extensions\\uqbar.wollok-lsp-ide-0.5.4\\out\\server\\src\\server.js:68:5370\n    at c:\\Users\\lukas\\.vscode\\extensions\\uqbar.wollok-lsp-ide-0.5.4\\out\\server\\src\\server.js:38:6131\n    at c:\\Users\\lukas\\.vscode\\extensions\\uqbar.wollok-lsp-ide-0.5.4\\out\\server\\src\\server.js:68:3664\n    at Kbn (c:\\Users\\lukas\\.vscode\\extensions\\uqbar.wollok-lsp-ide-0.5.4\\out\\server\\src\\server.js:68:3396)\n    at c:\\Users\\lukas\\.vscode\\extensions\\uqbar.wollok-lsp-ide-0.5.4\\out\\server\\src\\server.js:2398:847\n    at c:\\Users\\lukas\\.vscode\\extensions\\uqbar.wollok-lsp-ide-0.5.4\\out\\server\\src\\server.js:2398:8440\n    at c:\\Users\\lukas\\.vscode\\extensions\\uqbar.wollok-lsp-ide-0.5.4\\out\\server\\src\\server.js:37:74770\n    at Ke (c:\\Users\\lukas\\.vscode\\extensions\\uqbar.wollok-lsp-ide-0.5.4\\out\\server\\src\\server.js:7:8527)\n    at Lt (c:\\Users\\lukas\\.vscode\\extensions\\uqbar.wollok-lsp-ide-0.5.4\\out\\server\\src\\server.js:7:6189)","timestamp":"2026-08-14T14:06:34.764Z"}
{"level":"error","message":"✘ Failed to get type description: Error: Failed to print, found malformed node Failed to print, found malformed node","node":{"id":"c4a6dfd2-6224-48da-9d40-710214582c6f","metadata":[],"problems":[{"code":"malformedSentence","sourceMap":{"end":{"column":59,"line":101,"offset":1414},"start":{"column":20,"line":101,"offset":1375}}}],"scope":{"containerScope":{"containerScope":{"containerScope":{"containerScope":{"contributions":{},"includedScopes":[]},"contributions":{},"includedScopes":[]},"contributions":{},"includedScopes":[{"containerScope":{"containerScope":{"containerScope":{"contributions":{},"includedScopes":[]},"contributions":{},"includedScopes":[]},"contributions":{},"includedScopes":[]},"contributions":{},"includedScopes":[]}]},"contributions":{},"includedScopes":[]},"contributions":{},"includedScopes":[]},"sentences":[{"args":[],"id":"69b75eb6-bd69-40c2-85f3-729cdb649536","message":"energia","metadata":[],"receiver":{"id":"fbc036f8-eca1-452e-95ad-ba6a33a8069e","metadata":[],"name":"_ave","scope":{"containerScope":{"containerScope":{"containerScope":{"containerScope":{"containerScope":{"containerScope":{"contributions":{},"includedScopes":[]},"contributions":{},"includedScopes":[]},"contributions":{},"includedScopes":[{"containerScope":{"containerScope":{"containerScope":{"contributions":{},"includedScopes":[]},"contributions":{},"includedScopes":[]},"contributions":{},"includedScopes":[]},"contributions":{},"includedScopes":[]}]},"contributions":{},"includedScopes":[]},"contributions":{},"includedScopes":[]},"contributions":{},"includedScopes":[]},"contributions":{},"includedScopes":[]},"sourceMap":{"end":{"column":9,"line":101,"offset":1364},"start":{"column":5,"line":101,"offset":1360}}},"scope":{"containerScope":{"containerScope":{"containerScope":{"containerScope":{"containerScope":{"contributions":{},"includedScopes":[]},"contributions":{},"includedScopes":[]},"contributions":{},"includedScopes":[{"containerScope":{"containerScope":{"containerScope":{"contributions":{},"includedScopes":[]},"contributions":{},"includedScopes":[]},"contributions":{},"includedScopes":[]},"contributions":{},"includedScopes":[]}]},"contributions":{},"includedScopes":[]},"contributions":{},"includedScopes":[]},"contributions":{},"includedScopes":[]},"sourceMap":{"end":{"column":19,"line":101,"offset":1374},"start":{"column":5,"line":101,"offset":1360}}}],"sourceMap":{"end":{"column":3,"line":103,"offset":1420},"start":{"column":24,"line":99,"offset":1351}}},"stack":"Error: Failed to print, found malformed node\n    at c:\\Users\\lukas\\.vscode\\extensions\\uqbar.wollok-lsp-ide-0.5.4\\out\\server\\src\\server.js:68:3585\n    at c:\\Users\\lukas\\.vscode\\extensions\\uqbar.wollok-lsp-ide-0.5.4\\out\\server\\src\\server.js:68:5370\n    at c:\\Users\\lukas\\.vscode\\extensions\\uqbar.wollok-lsp-ide-0.5.4\\out\\server\\src\\server.js:38:6131\n    at c:\\Users\\lukas\\.vscode\\extensions\\uqbar.wollok-lsp-ide-0.5.4\\out\\server\\src\\server.js:68:3664\n    at Kbn (c:\\Users\\lukas\\.vscode\\extensions\\uqbar.wollok-lsp-ide-0.5.4\\out\\server\\src\\server.js:68:3396)\n    at c:\\Users\\lukas\\.vscode\\extensions\\uqbar.wollok-lsp-ide-0.5.4\\out\\server\\src\\server.js:2398:847\n    at c:\\Users\\lukas\\.vscode\\extensions\\uqbar.wollok-lsp-ide-0.5.4\\out\\server\\src\\server.js:2398:8440\n    at c:\\Users\\lukas\\.vscode\\extensions\\uqbar.wollok-lsp-ide-0.5.4\\out\\server\\src\\server.js:37:74770\n    at Ke (c:\\Users\\lukas\\.vscode\\extensions\\uqbar.wollok-lsp-ide-0.5.4\\out\\server\\src\\server.js:7:8527)\n    at Lt (c:\\Users\\lukas\\.vscode\\extensions\\uqbar.wollok-lsp-ide-0.5.4\\out\\server\\src\\server.js:7:6189)","timestamp":"2026-08-14T14:06:36.412Z"}
{"level":"error","message":"✘ Failed to get type description: Error: Failed to print, found malformed node Failed to print, found malformed node","node":{"id":"c4a6dfd2-6224-48da-9d40-710214582c6f","metadata":[],"problems":[{"code":"malformedSentence","sourceMap":{"end":{"column":59,"line":101,"offset":1414},"start":{"column":20,"line":101,"offset":1375}}}],"scope":{"containerScope":{"containerScope":{"containerScope":{"containerScope":{"contributions":{},"includedScopes":[]},"contributions":{},"includedScopes":[]},"contributions":{},"includedScopes":[{"containerScope":{"containerScope":{"containerScope":{"contributions":{},"includedScopes":[]},"contributions":{},"includedScopes":[]},"contributions":{},"includedScopes":[]},"contributions":{},"includedScopes":[]}]},"contributions":{},"includedScopes":[]},"contributions":{},"includedScopes":[]},"sentences":[{"args":[],"id":"69b75eb6-bd69-40c2-85f3-729cdb649536","message":"energia","metadata":[],"receiver":{"id":"fbc036f8-eca1-452e-95ad-ba6a33a8069e","metadata":[],"name":"_ave","scope":{"containerScope":{"containerScope":{"containerScope":{"containerScope":{"containerScope":{"containerScope":{"contributions":{},"includedScopes":[]},"contributions":{},"includedScopes":[]},"contributions":{},"includedScopes":[{"containerScope":{"containerScope":{"containerScope":{"contributions":{},"includedScopes":[]},"contributions":{},"includedScopes":[]},"contributions":{},"includedScopes":[]},"contributions":{},"includedScopes":[]}]},"contributions":{},"includedScopes":[]},"contributions":{},"includedScopes":[]},"contributions":{},"includedScopes":[]},"contributions":{},"includedScopes":[]},"sourceMap":{"end":{"column":9,"line":101,"offset":1364},"start":{"column":5,"line":101,"offset":1360}}},"scope":{"containerScope":{"containerScope":{"containerScope":{"containerScope":{"containerScope":{"contributions":{},"includedScopes":[]},"contributions":{},"includedScopes":[]},"contributions":{},"includedScopes":[{"containerScope":{"containerScope":{"containerScope":{"contributions":{},"includedScopes":[]},"contributions":{},"includedScopes":[]},"contributions":{},"includedScopes":[]},"contributions":{},"includedScopes":[]}]},"contributions":{},"includedScopes":[]},"contributions":{},"includedScopes":[]},"contributions":{},"includedScopes":[]},"sourceMap":{"end":{"column":19,"line":101,"offset":1374},"start":{"column":5,"line":101,"offset":1360}}}],"sourceMap":{"end":{"column":3,"line":103,"offset":1420},"start":{"column":24,"line":99,"offset":1351}}},"stack":"Error: Failed to print, found malformed node\n    at c:\\Users\\lukas\\.vscode\\extensions\\uqbar.wollok-lsp-ide-0.5.4\\out\\server\\src\\server.js:68:3585\n    at c:\\Users\\lukas\\.vscode\\extensions\\uqbar.wollok-lsp-ide-0.5.4\\out\\server\\src\\server.js:68:5370\n    at c:\\Users\\lukas\\.vscode\\extensions\\uqbar.wollok-lsp-ide-0.5.4\\out\\server\\src\\server.js:38:6131\n    at c:\\Users\\lukas\\.vscode\\extensions\\uqbar.wollok-lsp-ide-0.5.4\\out\\server\\src\\server.js:68:3664\n    at Kbn (c:\\Users\\lukas\\.vscode\\extensions\\uqbar.wollok-lsp-ide-0.5.4\\out\\server\\src\\server.js:68:3396)\n    at c:\\Users\\lukas\\.vscode\\extensions\\uqbar.wollok-lsp-ide-0.5.4\\out\\server\\src\\server.js:2398:847\n    at c:\\Users\\lukas\\.vscode\\extensions\\uqbar.wollok-lsp-ide-0.5.4\\out\\server\\src\\server.js:2398:8440\n    at c:\\Users\\lukas\\.vscode\\extensions\\uqbar.wollok-lsp-ide-0.5.4\\out\\server\\src\\server.js:37:74770\n    at Ke (c:\\Users\\lukas\\.vscode\\extensions\\uqbar.wollok-lsp-ide-0.5.4\\out\\server\\src\\server.js:7:8527)\n    at Lt (c:\\Users\\lukas\\.vscode\\extensions\\uqbar.wollok-lsp-ide-0.5.4\\out\\server\\src\\server.js:7:6189)","timestamp":"2026-08-14T14:06:40.884Z"}
{"level":"info","message":"⌛ Building environment","timeElapsed":303,"timestamp":"2026-08-14T14:06:44.307Z"}
{"level":"info","message":"⌛ Validating pepita.wlk","timeElapsed":304,"timestamp":"2026-08-14T14:06:45.029Z"}
{"level":"error","message":"✘ Failed to get type description: Error: Failed to print, found malformed node Failed to print, found malformed node","node":{"id":"33fcf43f-77ef-44f0-87be-86a3a2486028","metadata":[],"problems":[{"code":"malformedSentence","sourceMap":{"end":{"column":36,"line":101,"offset":1391},"start":{"column":20,"line":101,"offset":1375}}}],"scope":{"containerScope":{"containerScope":{"containerScope":{"containerScope":{"contributions":{},"includedScopes":[]},"contributions":{},"includedScopes":[]},"contributions":{},"includedScopes":[{"containerScope":{"containerScope":{"containerScope":{"contributions":{},"includedScopes":[]},"contributions":{},"includedScopes":[]},"contributions":{},"includedScopes":[]},"contributions":{},"includedScopes":[]}]},"contributions":{},"includedScopes":[]},"contributions":{},"includedScopes":[]},"sentences":[{"args":[],"id":"1e86aa20-5b51-4e06-a833-e6d79cf56a7d","message":"energia","metadata":[],"receiver":{"id":"dfed4946-eddf-4d2a-a96d-0af42be2b5b9","metadata":[],"name":"_ave","scope":{"containerScope":{"containerScope":{"containerScope":{"containerScope":{"containerScope":{"containerScope":{"contributions":{},"includedScopes":[]},"contributions":{},"includedScopes":[]},"contributions":{},"includedScopes":[{"containerScope":{"containerScope":{"containerScope":{"contributions":{},"includedScopes":[]},"contributions":{},"includedScopes":[]},"contributions":{},"includedScopes":[]},"contributions":{},"includedScopes":[]}]},"contributions":{},"includedScopes":[]},"contributions":{},"includedScopes":[]},"contributions":{},"includedScopes":[]},"contributions":{},"includedScopes":[]},"sourceMap":{"end":{"column":9,"line":101,"offset":1364},"start":{"column":5,"line":101,"offset":1360}}},"scope":{"containerScope":{"containerScope":{"containerScope":{"containerScope":{"containerScope":{"contributions":{},"includedScopes":[]},"contributions":{},"includedScopes":[]},"contributions":{},"includedScopes":[{"containerScope":{"containerScope":{"containerScope":{"contributions":{},"includedScopes":[]},"contributions":{},"includedScopes":[]},"contributions":{},"includedScopes":[]},"contributions":{},"includedScopes":[]}]},"contributions":{},"includedScopes":[]},"contributions":{},"includedScopes":[]},"contributions":{},"includedScopes":[]},"sourceMap":{"end":{"column":19,"line":101,"offset":1374},"start":{"column":5,"line":101,"offset":1360}}}],"sourceMap":{"end":{"column":3,"line":103,"offset":1398},"start":{"column":24,"line":99,"offset":1351}}},"stack":"Error: Failed to print, found malformed node\n    at c:\\Users\\lukas\\.vscode\\extensions\\uqbar.wollok-lsp-ide-0.5.4\\out\\server\\src\\server.js:68:3585\n    at c:\\Users\\lukas\\.vscode\\extensions\\uqbar.wollok-lsp-ide-0.5.4\\out\\server\\src\\server.js:68:5370\n    at c:\\Users\\lukas\\.vscode\\extensions\\uqbar.wollok-lsp-ide-0.5.4\\out\\server\\src\\server.js:38:6131\n    at c:\\Users\\lukas\\.vscode\\extensions\\uqbar.wollok-lsp-ide-0.5.4\\out\\server\\src\\server.js:68:3664\n    at Kbn (c:\\Users\\lukas\\.vscode\\extensions\\uqbar.wollok-lsp-ide-0.5.4\\out\\server\\src\\server.js:68:3396)\n    at c:\\Users\\lukas\\.vscode\\extensions\\uqbar.wollok-lsp-ide-0.5.4\\out\\server\\src\\server.js:2398:847\n    at c:\\Users\\lukas\\.vscode\\extensions\\uqbar.wollok-lsp-ide-0.5.4\\out\\server\\src\\server.js:2398:8440\n    at c:\\Users\\lukas\\.vscode\\extensions\\uqbar.wollok-lsp-ide-0.5.4\\out\\server\\src\\server.js:37:74770\n    at Ke (c:\\Users\\lukas\\.vscode\\extensions\\uqbar.wollok-lsp-ide-0.5.4\\out\\server\\src\\server.js:7:8527)\n    at Lt (c:\\Users\\lukas\\.vscode\\extensions\\uqbar.wollok-lsp-ide-0.5.4\\out\\server\\src\\server.js:7:6189)","timestamp":"2026-08-14T14:06:49.256Z"}
{"level":"error","message":"✘ Failed to get type description: Error: Failed to print, found malformed node Failed to print, found malformed node","node":{"id":"33fcf43f-77ef-44f0-87be-86a3a2486028","metadata":[],"problems":[{"code":"malformedSentence","sourceMap":{"end":{"column":36,"line":101,"offset":1391},"start":{"column":20,"line":101,"offset":1375}}}],"scope":{"containerScope":{"containerScope":{"containerScope":{"containerScope":{"contributions":{},"includedScopes":[]},"contributions":{},"includedScopes":[]},"contributions":{},"includedScopes":[{"containerScope":{"containerScope":{"containerScope":{"contributions":{},"includedScopes":[]},"contributions":{},"includedScopes":[]},"contributions":{},"includedScopes":[]},"contributions":{},"includedScopes":[]}]},"contributions":{},"includedScopes":[]},"contributions":{},"includedScopes":[]},"sentences":[{"args":[],"id":"1e86aa20-5b51-4e06-a833-e6d79cf56a7d","message":"energia","metadata":[],"receiver":{"id":"dfed4946-eddf-4d2a-a96d-0af42be2b5b9","metadata":[],"name":"_ave","scope":{"containerScope":{"containerScope":{"containerScope":{"containerScope":{"containerScope":{"containerScope":{"contributions":{},"includedScopes":[]},"contributions":{},"includedScopes":[]},"contributions":{},"includedScopes":[{"containerScope":{"containerScope":{"containerScope":{"contributions":{},"includedScopes":[]},"contributions":{},"includedScopes":[]},"contributions":{},"includedScopes":[]},"contributions":{},"includedScopes":[]}]},"contributions":{},"includedScopes":[]},"contributions":{},"includedScopes":[]},"contributions":{},"includedScopes":[]},"contributions":{},"includedScopes":[]},"sourceMap":{"end":{"column":9,"line":101,"offset":1364},"start":{"column":5,"line":101,"offset":1360}}},"scope":{"containerScope":{"containerScope":{"containerScope":{"containerScope":{"containerScope":{"contributions":{},"includedScopes":[]},"contributions":{},"includedScopes":[]},"contributions":{},"includedScopes":[{"containerScope":{"containerScope":{"containerScope":{"contributions":{},"includedScopes":[]},"contributions":{},"includedScopes":[]},"contributions":{},"includedScopes":[]},"contributions":{},"includedScopes":[]}]},"contributions":{},"includedScopes":[]},"contributions":{},"includedScopes":[]},"contributions":{},"includedScopes":[]},"sourceMap":{"end":{"column":19,"line":101,"offset":1374},"start":{"column":5,"line":101,"offset":1360}}}],"sourceMap":{"end":{"column":3,"line":103,"offset":1398},"start":{"column":24,"line":99,"offset":1351}}},"stack":"Error: Failed to print, found malformed node\n    at c:\\Users\\lukas\\.vscode\\extensions\\uqbar.wollok-lsp-ide-0.5.4\\out\\server\\src\\server.js:68:3585\n    at c:\\Users\\lukas\\.vscode\\extensions\\uqbar.wollok-lsp-ide-0.5.4\\out\\server\\src\\server.js:68:5370\n    at c:\\Users\\lukas\\.vscode\\extensions\\uqbar.wollok-lsp-ide-0.5.4\\out\\server\\src\\server.js:38:6131\n    at c:\\Users\\lukas\\.vscode\\extensions\\uqbar.wollok-lsp-ide-0.5.4\\out\\server\\src\\server.js:68:3664\n    at Kbn (c:\\Users\\lukas\\.vscode\\extensions\\uqbar.wollok-lsp-ide-0.5.4\\out\\server\\src\\server.js:68:3396)\n    at c:\\Users\\lukas\\.vscode\\extensions\\uqbar.wollok-lsp-ide-0.5.4\\out\\server\\src\\server.js:2398:847\n    at c:\\Users\\lukas\\.vscode\\extensions\\uqbar.wollok-lsp-ide-0.5.4\\out\\server\\src\\server.js:2398:8440\n    at c:\\Users\\lukas\\.vscode\\extensions\\uqbar.wollok-lsp-ide-0.5.4\\out\\server\\src\\server.js:37:74770\n    at Ke (c:\\Users\\lukas\\.vscode\\extensions\\uqbar.wollok-lsp-ide-0.5.4\\out\\server\\src\\server.js:7:8527)\n    at Lt (c:\\Users\\lukas\\.vscode\\extensions\\uqbar.wollok-lsp-ide-0.5.4\\out\\server\\src\\server.js:7:6189)","timestamp":"2026-08-14T14:06:50.211Z"}
{"level":"error","message":"✘ Failed to get type description: Error: Failed to print, found malformed node Failed to print, found malformed node","node":{"id":"33fcf43f-77ef-44f0-87be-86a3a2486028","metadata":[],"problems":[{"code":"malformedSentence","sourceMap":{"end":{"column":36,"line":101,"offset":1391},"start":{"column":20,"line":101,"offset":1375}}}],"scope":{"containerScope":{"containerScope":{"containerScope":{"containerScope":{"contributions":{},"includedScopes":[]},"contributions":{},"includedScopes":[]},"contributions":{},"includedScopes":[{"containerScope":{"containerScope":{"containerScope":{"contributions":{},"includedScopes":[]},"contributions":{},"includedScopes":[]},"contributions":{},"includedScopes":[]},"contributions":{},"includedScopes":[]}]},"contributions":{},"includedScopes":[]},"contributions":{},"includedScopes":[]},"sentences":[{"args":[],"id":"1e86aa20-5b51-4e06-a833-e6d79cf56a7d","message":"energia","metadata":[],"receiver":{"id":"dfed4946-eddf-4d2a-a96d-0af42be2b5b9","metadata":[],"name":"_ave","scope":{"containerScope":{"containerScope":{"containerScope":{"containerScope":{"containerScope":{"containerScope":{"contributions":{},"includedScopes":[]},"contributions":{},"includedScopes":[]},"contributions":{},"includedScopes":[{"containerScope":{"containerScope":{"containerScope":{"contributions":{},"includedScopes":[]},"contributions":{},"includedScopes":[]},"contributions":{},"includedScopes":[]},"contributions":{},"includedScopes":[]}]},"contributions":{},"includedScopes":[]},"contributions":{},"includedScopes":[]},"contributions":{},"includedScopes":[]},"contributions":{},"includedScopes":[]},"sourceMap":{"end":{"column":9,"line":101,"offset":1364},"start":{"column":5,"line":101,"offset":1360}}},"scope":{"containerScope":{"containerScope":{"containerScope":{"containerScope":{"containerScope":{"contributions":{},"includedScopes":[]},"contributions":{},"includedScopes":[]},"contributions":{},"includedScopes":[{"containerScope":{"containerScope":{"containerScope":{"contributions":{},"includedScopes":[]},"contributions":{},"includedScopes":[]},"contributions":{},"includedScopes":[]},"contributions":{},"includedScopes":[]}]},"contributions":{},"includedScopes":[]},"contributions":{},"includedScopes":[]},"contributions":{},"includedScopes":[]},"sourceMap":{"end":{"column":19,"line":101,"offset":1374},"start":{"column":5,"line":101,"offset":1360}}}],"sourceMap":{"end":{"column":3,"line":103,"offset":1398},"start":{"column":24,"line":99,"offset":1351}}},"stack":"Error: Failed to print, found malformed node\n    at c:\\Users\\lukas\\.vscode\\extensions\\uqbar.wollok-lsp-ide-0.5.4\\out\\server\\src\\server.js:68:3585\n    at c:\\Users\\lukas\\.vscode\\extensions\\uqbar.wollok-lsp-ide-0.5.4\\out\\server\\src\\server.js:68:5370\n    at c:\\Users\\lukas\\.vscode\\extensions\\uqbar.wollok-lsp-ide-0.5.4\\out\\server\\src\\server.js:38:6131\n    at c:\\Users\\lukas\\.vscode\\extensions\\uqbar.wollok-lsp-ide-0.5.4\\out\\server\\src\\server.js:68:3664\n    at Kbn (c:\\Users\\lukas\\.vscode\\extensions\\uqbar.wollok-lsp-ide-0.5.4\\out\\server\\src\\server.js:68:3396)\n    at c:\\Users\\lukas\\.vscode\\extensions\\uqbar.wollok-lsp-ide-0.5.4\\out\\server\\src\\server.js:2398:847\n    at c:\\Users\\lukas\\.vscode\\extensions\\uqbar.wollok-lsp-ide-0.5.4\\out\\server\\src\\server.js:2398:8440\n    at c:\\Users\\lukas\\.vscode\\extensions\\uqbar.wollok-lsp-ide-0.5.4\\out\\server\\src\\server.js:37:74770\n    at Ke (c:\\Users\\lukas\\.vscode\\extensions\\uqbar.wollok-lsp-ide-0.5.4\\out\\server\\src\\server.js:7:8527)\n    at Lt (c:\\Users\\lukas\\.vscode\\extensions\\uqbar.wollok-lsp-ide-0.5.4\\out\\server\\src\\server.js:7:6189)","timestamp":"2026-08-14T14:06:53.260Z"}
{"level":"info","message":"⌛ Building environment","timeElapsed":402,"timestamp":"2026-08-14T14:06:56.517Z"}
{"level":"info","message":"⌛ Validating pepita.wlk","timeElapsed":1202,"timestamp":"2026-08-14T14:06:57.792Z"}
{"level":"info","message":"⌛ Building environment","timeElapsed":881,"timestamp":"2026-08-14T14:06:58.674Z"}
{"level":"info","message":"⌛ Building environment","timeElapsed":492,"timestamp":"2026-08-14T14:06:59.173Z"}
{"level":"info","message":"⌛ Building environment","timeElapsed":372,"timestamp":"2026-08-14T14:06:59.616Z"}
{"level":"info","message":"⌛ Validating pepita.wlk","timeElapsed":799,"timestamp":"2026-08-14T14:07:00.504Z"}
{"level":"info","message":"⌛ Validating pepita.wlk","timeElapsed":515,"timestamp":"2026-08-14T14:07:01.022Z"}
{"level":"info","message":"⌛ Validating pepita.wlk","timeElapsed":366,"timestamp":"2026-08-14T14:07:01.395Z"}
{"level":"info","message":"⌛ Building environment","timeElapsed":430,"timestamp":"2026-08-14T14:07:01.829Z"}
{"level":"info","message":"⌛ Building environment","timeElapsed":618,"timestamp":"2026-08-14T14:07:02.511Z"}
{"level":"info","message":"⌛ Validating pepita.wlk","timeElapsed":344,"timestamp":"2026-08-14T14:07:02.926Z"}
{"level":"info","message":"⌛ Building environment","timeElapsed":699,"timestamp":"2026-08-14T14:07:03.632Z"}
{"level":"info","message":"⌛ Building environment","timeElapsed":1539,"timestamp":"2026-08-14T14:07:05.243Z"}
{"level":"info","message":"⌛ Building environment","timeElapsed":177,"timestamp":"2026-08-14T14:07:07.911Z"}
{"level":"info","message":"⌛ Building environment","timeElapsed":175,"timestamp":"2026-08-14T14:07:08.122Z"}
{"level":"info","message":"⌛ Validating pepita.wlk","timeElapsed":433,"timestamp":"2026-08-14T14:07:09.743Z"}
{"level":"info","message":"⌛ Building environment","timeElapsed":565,"timestamp":"2026-08-14T14:07:10.322Z"}
{"level":"info","message":"⌛ Autocomplete - Body","timeElapsed":119,"timestamp":"2026-08-14T14:07:10.487Z"}
{"level":"info","message":"⌛ Building environment","timeElapsed":264,"timestamp":"2026-08-14T14:07:10.822Z"}
{"level":"info","message":"⌛ Building environment","timeElapsed":327,"timestamp":"2026-08-14T14:07:11.155Z"}
{"level":"info","message":"⌛ Building environment","timeElapsed":524,"timestamp":"2026-08-14T14:07:11.720Z"}
{"level":"info","message":"⌛ Building environment","timeElapsed":231,"timestamp":"2026-08-14T14:07:11.979Z"}
{"level":"info","message":"⌛ Building environment","timeElapsed":396,"timestamp":"2026-08-14T14:07:12.422Z"}
{"level":"info","message":"⌛ Building environment","timeElapsed":594,"timestamp":"2026-08-14T14:07:13.043Z"}
{"level":"info","message":"⌛ Building environment","timeElapsed":1111,"timestamp":"2026-08-14T14:07:14.205Z"}
{"level":"info","message":"⌛ Validating pepita.wlk","timeElapsed":1681,"timestamp":"2026-08-14T14:07:16.056Z"}
{"level":"info","message":"⌛ Validating pepita.wlk","timeElapsed":1215,"timestamp":"2026-08-14T14:07:17.324Z"}
{"level":"info","message":"⌛ Validating pepita.wlk","timeElapsed":1030,"timestamp":"2026-08-14T14:07:18.358Z"}
{"level":"info","message":"⌛ Validating pepita.wlk","timeElapsed":744,"timestamp":"2026-08-14T14:07:19.111Z"}
{"level":"info","message":"⌛ Validating pepita.wlk","timeElapsed":983,"timestamp":"2026-08-14T14:07:20.097Z"}
{"level":"info","message":"⌛ Validating pepita.wlk","timeElapsed":351,"timestamp":"2026-08-14T14:07:20.458Z"}
{"level":"info","message":"⌛ Validating pepita.wlk","timeElapsed":604,"timestamp":"2026-08-14T14:07:21.065Z"}
{"level":"info","message":"⌛ Building environment","timeElapsed":294,"timestamp":"2026-08-14T14:07:21.362Z"}
{"level":"info","message":"⌛ Building environment","timeElapsed":538,"timestamp":"2026-08-14T14:07:21.902Z"}
{"level":"info","message":"⌛ Validating pepita.wlk","timeElapsed":718,"timestamp":"2026-08-14T14:07:22.655Z"}
{"level":"info","message":"⌛ Validating pepita.wlk","timeElapsed":415,"timestamp":"2026-08-14T14:07:23.077Z"}
{"level":"info","message":"⌛ Validating pepita.wlk","timeElapsed":382,"timestamp":"2026-08-14T14:07:23.475Z"}
{"level":"info","message":"⌛ Building environment","timeElapsed":331,"timestamp":"2026-08-14T14:07:23.815Z"}
{"level":"info","message":"⌛ Validating pepita.wlk","timeElapsed":385,"timestamp":"2026-08-14T14:07:24.245Z"}
{"level":"info","message":"⌛ Building environment","timeElapsed":254,"timestamp":"2026-08-14T14:07:24.514Z"}
{"level":"info","message":"⌛ Building environment","timeElapsed":260,"timestamp":"2026-08-14T14:07:24.838Z"}
{"level":"info","message":"⌛ Validating pepita.wlk","timeElapsed":375,"timestamp":"2026-08-14T14:07:25.460Z"}
{"level":"info","message":"⌛ Building environment","timeElapsed":392,"timestamp":"2026-08-14T14:07:25.862Z"}
{"level":"info","message":"⌛ Building environment","timeElapsed":314,"timestamp":"2026-08-14T14:07:26.220Z"}
{"level":"info","message":"⌛ Building environment","timeElapsed":284,"timestamp":"2026-08-14T14:07:26.561Z"}
{"level":"info","message":"⌛ Building environment","timeElapsed":1116,"timestamp":"2026-08-14T14:07:27.727Z"}
{"level":"info","message":"⌛ Autocomplete - Body","timeElapsed":111,"timestamp":"2026-08-14T14:07:28.074Z"}
{"level":"info","message":"⌛ Building environment","timeElapsed":366,"timestamp":"2026-08-14T14:07:28.442Z"}
{"level":"info","message":"⌛ Building environment","timeElapsed":356,"timestamp":"2026-08-14T14:07:28.921Z"}
{"level":"info","message":"⌛ Building environment","timeElapsed":384,"timestamp":"2026-08-14T14:07:29.334Z"}
{"level":"info","message":"⌛ Building environment","timeElapsed":268,"timestamp":"2026-08-14T14:07:29.641Z"}
{"level":"info","message":"⌛ Building environment","timeElapsed":366,"timestamp":"2026-08-14T14:07:30.037Z"}
{"level":"info","message":"⌛ Building environment","timeElapsed":312,"timestamp":"2026-08-14T14:07:30.377Z"}
{"level":"info","message":"⌛ Building environment","timeElapsed":305,"timestamp":"2026-08-14T14:07:30.742Z"}
{"level":"info","message":"⌛ Building environment","timeElapsed":382,"timestamp":"2026-08-14T14:07:31.157Z"}
{"level":"info","message":"⌛ Building environment","timeElapsed":336,"timestamp":"2026-08-14T14:07:31.540Z"}
{"level":"info","message":"⌛ Building environment","timeElapsed":441,"timestamp":"2026-08-14T14:07:32.003Z"}
{"level":"info","message":"⌛ Building environment","timeElapsed":331,"timestamp":"2026-08-14T14:07:32.372Z"}
{"level":"info","message":"⌛ Building environment","timeElapsed":299,"timestamp":"2026-08-14T14:07:32.692Z"}
{"level":"info","message":"⌛ Building environment","timeElapsed":740,"timestamp":"2026-08-14T14:07:33.455Z"}
{"level":"info","message":"⌛ Building environment","timeElapsed":462,"timestamp":"2026-08-14T14:07:33.942Z"}
{"level":"info","message":"⌛ Building environment","timeElapsed":879,"timestamp":"2026-08-14T14:07:34.856Z"}
{"level":"info","message":"⌛ Building environment","timeElapsed":297,"timestamp":"2026-08-14T14:07:35.230Z"}
{"level":"info","message":"⌛ Validating pepita.wlk","timeElapsed":558,"timestamp":"2026-08-14T14:07:35.856Z"}
{"level":"info","message":"⌛ Validating pepita.wlk","timeElapsed":1072,"timestamp":"2026-08-14T14:07:36.974Z"}
{"level":"info","message":"⌛ Validating pepita.wlk","timeElapsed":778,"timestamp":"2026-08-14T14:07:37.774Z"}
{"level":"info","message":"⌛ Validating pepita.wlk","timeElapsed":1590,"timestamp":"2026-08-14T14:07:39.370Z"}
{"level":"info","message":"⌛ Validating pepita.wlk","timeElapsed":930,"timestamp":"2026-08-14T14:07:40.308Z"}
{"level":"info","message":"⌛ Validating pepita.wlk","timeElapsed":617,"timestamp":"2026-08-14T14:07:40.961Z"}
{"level":"info","message":"⌛ Validating pepita.wlk","timeElapsed":626,"timestamp":"2026-08-14T14:07:41.591Z"}
{"level":"info","message":"⌛ Validating pepita.wlk","timeElapsed":794,"timestamp":"2026-08-14T14:07:42.387Z"}
{"level":"info","message":"⌛ Validating pepita.wlk","timeElapsed":481,"timestamp":"2026-08-14T14:07:42.874Z"}
{"level":"info","message":"⌛ Validating pepita.wlk","timeElapsed":1230,"timestamp":"2026-08-14T14:07:44.202Z"}
{"level":"info","message":"⌛ Validating pepita.wlk","timeElapsed":2140,"timestamp":"2026-08-14T14:07:46.419Z"}
{"level":"info","message":"⌛ Validating pepita.wlk","timeElapsed":1463,"timestamp":"2026-08-14T14:07:47.888Z"}
{"level":"info","message":"⌛ Validating pepita.wlk","timeElapsed":514,"timestamp":"2026-08-14T14:07:48.421Z"}
{"level":"error","message":"✘ Failed to get type description: Error: Failed to print, found malformed node Failed to print, found malformed node","node":{"id":"2333b466-3684-47dd-a621-f814f9b8cdae","metadata":[],"problems":[{"code":"malformedSentence","sourceMap":{"end":{"column":59,"line":101,"offset":1414},"start":{"column":20,"line":101,"offset":1375}}}],"scope":{"containerScope":{"containerScope":{"containerScope":{"containerScope":{"contributions":{},"includedScopes":[]},"contributions":{},"includedScopes":[]},"contributions":{},"includedScopes":[{"containerScope":{"containerScope":{"containerScope":{"contributions":{},"includedScopes":[]},"contributions":{},"includedScopes":[]},"contributions":{},"includedScopes":[]},"contributions":{},"includedScopes":[]}]},"contributions":{},"includedScopes":[]},"contributions":{},"includedScopes":[]},"sentences":[{"args":[],"id":"457af72a-a7a8-43a3-adfe-d041cebaaaf5","message":"energia","metadata":[],"receiver":{"id":"22873ea3-6a3c-4675-8923-9906e8f1751b","metadata":[],"name":"_ave","scope":{"containerScope":{"containerScope":{"containerScope":{"containerScope":{"containerScope":{"containerScope":{"contributions":{},"includedScopes":[]},"contributions":{},"includedScopes":[]},"contributions":{},"includedScopes":[{"containerScope":{"containerScope":{"containerScope":{"contributions":{},"includedScopes":[]},"contributions":{},"includedScopes":[]},"contributions":{},"includedScopes":[]},"contributions":{},"includedScopes":[]}]},"contributions":{},"includedScopes":[]},"contributions":{},"includedScopes":[]},"contributions":{},"includedScopes":[]},"contributions":{},"includedScopes":[]},"sourceMap":{"end":{"column":9,"line":101,"offset":1364},"start":{"column":5,"line":101,"offset":1360}}},"scope":{"containerScope":{"containerScope":{"containerScope":{"containerScope":{"containerScope":{"contributions":{},"includedScopes":[]},"contributions":{},"includedScopes":[]},"contributions":{},"includedScopes":[{"containerScope":{"containerScope":{"containerScope":{"contributions":{},"includedScopes":[]},"contributions":{},"includedScopes":[]},"contributions":{},"includedScopes":[]},"contributions":{},"includedScopes":[]}]},"contributions":{},"includedScopes":[]},"contributions":{},"includedScopes":[]},"contributions":{},"includedScopes":[]},"sourceMap":{"end":{"column":19,"line":101,"offset":1374},"start":{"column":5,"line":101,"offset":1360}}}],"sourceMap":{"end":{"column":3,"line":103,"offset":1420},"start":{"column":24,"line":99,"offset":1351}}},"stack":"Error: Failed to print, found malformed node\n    at c:\\Users\\lukas\\.vscode\\extensions\\uqbar.wollok-lsp-ide-0.5.4\\out\\server\\src\\server.js:68:3585\n    at c:\\Users\\lukas\\.vscode\\extensions\\uqbar.wollok-lsp-ide-0.5.4\\out\\server\\src\\server.js:68:5370\n    at c:\\Users\\lukas\\.vscode\\extensions\\uqbar.wollok-lsp-ide-0.5.4\\out\\server\\src\\server.js:38:6131\n    at c:\\Users\\lukas\\.vscode\\extensions\\uqbar.wollok-lsp-ide-0.5.4\\out\\server\\src\\server.js:68:3664\n    at Kbn (c:\\Users\\lukas\\.vscode\\extensions\\uqbar.wollok-lsp-ide-0.5.4\\out\\server\\src\\server.js:68:3396)\n    at c:\\Users\\lukas\\.vscode\\extensions\\uqbar.wollok-lsp-ide-0.5.4\\out\\server\\src\\server.js:2398:847\n    at c:\\Users\\lukas\\.vscode\\extensions\\uqbar.wollok-lsp-ide-0.5.4\\out\\server\\src\\server.js:2398:8440\n    at c:\\Users\\lukas\\.vscode\\extensions\\uqbar.wollok-lsp-ide-0.5.4\\out\\server\\src\\server.js:37:74770\n    at Ke (c:\\Users\\lukas\\.vscode\\extensions\\uqbar.wollok-lsp-ide-0.5.4\\out\\server\\src\\server.js:7:8527)\n    at Lt (c:\\Users\\lukas\\.vscode\\extensions\\uqbar.wollok-lsp-ide-0.5.4\\out\\server\\src\\server.js:7:6189)","timestamp":"2026-08-14T14:07:48.509Z"}
{"level":"error","message":"✘ Failed to get type description: Error: Failed to print, found malformed node Failed to print, found malformed node","node":{"id":"2333b466-3684-47dd-a621-f814f9b8cdae","metadata":[],"problems":[{"code":"malformedSentence","sourceMap":{"end":{"column":59,"line":101,"offset":1414},"start":{"column":20,"line":101,"offset":1375}}}],"scope":{"containerScope":{"containerScope":{"containerScope":{"containerScope":{"contributions":{},"includedScopes":[]},"contributions":{},"includedScopes":[]},"contributions":{},"includedScopes":[{"containerScope":{"containerScope":{"containerScope":{"contributions":{},"includedScopes":[]},"contributions":{},"includedScopes":[]},"contributions":{},"includedScopes":[]},"contributions":{},"includedScopes":[]}]},"contributions":{},"includedScopes":[]},"contributions":{},"includedScopes":[]},"sentences":[{"args":[],"id":"457af72a-a7a8-43a3-adfe-d041cebaaaf5","message":"energia","metadata":[],"receiver":{"id":"22873ea3-6a3c-4675-8923-9906e8f1751b","metadata":[],"name":"_ave","scope":{"containerScope":{"containerScope":{"containerScope":{"containerScope":{"containerScope":{"containerScope":{"contributions":{},"includedScopes":[]},"contributions":{},"includedScopes":[]},"contributions":{},"includedScopes":[{"containerScope":{"containerScope":{"containerScope":{"contributions":{},"includedScopes":[]},"contributions":{},"includedScopes":[]},"contributions":{},"includedScopes":[]},"contributions":{},"includedScopes":[]}]},"contributions":{},"includedScopes":[]},"contributions":{},"includedScopes":[]},"contributions":{},"includedScopes":[]},"contributions":{},"includedScopes":[]},"sourceMap":{"end":{"column":9,"line":101,"offset":1364},"start":{"column":5,"line":101,"offset":1360}}},"scope":{"containerScope":{"containerScope":{"containerScope":{"containerScope":{"containerScope":{"contributions":{},"includedScopes":[]},"contributions":{},"includedScopes":[]},"contributions":{},"includedScopes":[{"containerScope":{"containerScope":{"containerScope":{"contributions":{},"includedScopes":[]},"contributions":{},"includedScopes":[]},"contributions":{},"includedScopes":[]},"contributions":{},"includedScopes":[]}]},"contributions":{},"includedScopes":[]},"contributions":{},"includedScopes":[]},"contributions":{},"includedScopes":[]},"sourceMap":{"end":{"column":19,"line":101,"offset":1374},"start":{"column":5,"line":101,"offset":1360}}}],"sourceMap":{"end":{"column":3,"line":103,"offset":1420},"start":{"column":24,"line":99,"offset":1351}}},"stack":"Error: Failed to print, found malformed node\n    at c:\\Users\\lukas\\.vscode\\extensions\\uqbar.wollok-lsp-ide-0.5.4\\out\\server\\src\\server.js:68:3585\n    at c:\\Users\\lukas\\.vscode\\extensions\\uqbar.wollok-lsp-ide-0.5.4\\out\\server\\src\\server.js:68:5370\n    at c:\\Users\\lukas\\.vscode\\extensions\\uqbar.wollok-lsp-ide-0.5.4\\out\\server\\src\\server.js:38:6131\n    at c:\\Users\\lukas\\.vscode\\extensions\\uqbar.wollok-lsp-ide-0.5.4\\out\\server\\src\\server.js:68:3664\n    at Kbn (c:\\Users\\lukas\\.vscode\\extensions\\uqbar.wollok-lsp-ide-0.5.4\\out\\server\\src\\server.js:68:3396)\n    at c:\\Users\\lukas\\.vscode\\extensions\\uqbar.wollok-lsp-ide-0.5.4\\out\\server\\src\\server.js:2398:847\n    at c:\\Users\\lukas\\.vscode\\extensions\\uqbar.wollok-lsp-ide-0.5.4\\out\\server\\src\\server.js:2398:8440\n    at c:\\Users\\lukas\\.vscode\\extensions\\uqbar.wollok-lsp-ide-0.5.4\\out\\server\\src\\server.js:37:74770\n    at Ke (c:\\Users\\lukas\\.vscode\\extensions\\uqbar.wollok-lsp-ide-0.5.4\\out\\server\\src\\server.js:7:8527)\n    at Lt (c:\\Users\\lukas\\.vscode\\extensions\\uqbar.wollok-lsp-ide-0.5.4\\out\\server\\src\\server.js:7:6189)","timestamp":"2026-08-14T14:07:48.657Z"}
{"level":"error","message":"✘ Failed to get type description: Error: Failed to print, found malformed node Failed to print, found malformed node","node":{"id":"2333b466-3684-47dd-a621-f814f9b8cdae","metadata":[],"problems":[{"code":"malformedSentence","sourceMap":{"end":{"column":59,"line":101,"offset":1414},"start":{"column":20,"line":101,"offset":1375}}}],"scope":{"containerScope":{"containerScope":{"containerScope":{"containerScope":{"contributions":{},"includedScopes":[]},"contributions":{},"includedScopes":[]},"contributions":{},"includedScopes":[{"containerScope":{"containerScope":{"containerScope":{"contributions":{},"includedScopes":[]},"contributions":{},"includedScopes":[]},"contributions":{},"includedScopes":[]},"contributions":{},"includedScopes":[]}]},"contributions":{},"includedScopes":[]},"contributions":{},"includedScopes":[]},"sentences":[{"args":[],"id":"457af72a-a7a8-43a3-adfe-d041cebaaaf5","message":"energia","metadata":[],"receiver":{"id":"22873ea3-6a3c-4675-8923-9906e8f1751b","metadata":[],"name":"_ave","scope":{"containerScope":{"containerScope":{"containerScope":{"containerScope":{"containerScope":{"containerScope":{"contributions":{},"includedScopes":[]},"contributions":{},"includedScopes":[]},"contributions":{},"includedScopes":[{"containerScope":{"containerScope":{"containerScope":{"contributions":{},"includedScopes":[]},"contributions":{},"includedScopes":[]},"contributions":{},"includedScopes":[]},"contributions":{},"includedScopes":[]}]},"contributions":{},"includedScopes":[]},"contributions":{},"includedScopes":[]},"contributions":{},"includedScopes":[]},"contributions":{},"includedScopes":[]},"sourceMap":{"end":{"column":9,"line":101,"offset":1364},"start":{"column":5,"line":101,"offset":1360}}},"scope":{"containerScope":{"containerScope":{"containerScope":{"containerScope":{"containerScope":{"contributions":{},"includedScopes":[]},"contributions":{},"includedScopes":[]},"contributions":{},"includedScopes":[{"containerScope":{"containerScope":{"containerScope":{"contributions":{},"includedScopes":[]},"contributions":{},"includedScopes":[]},"contributions":{},"includedScopes":[]},"contributions":{},"includedScopes":[]}]},"contributions":{},"includedScopes":[]},"contributions":{},"includedScopes":[]},"contributions":{},"includedScopes":[]},"sourceMap":{"end":{"column":19,"line":101,"offset":1374},"start":{"column":5,"line":101,"offset":1360}}}],"sourceMap":{"end":{"column":3,"line":103,"offset":1420},"start":{"column":24,"line":99,"offset":1351}}},"stack":"Error: Failed to print, found malformed node\n    at c:\\Users\\lukas\\.vscode\\extensions\\uqbar.wollok-lsp-ide-0.5.4\\out\\server\\src\\server.js:68:3585\n    at c:\\Users\\lukas\\.vscode\\extensions\\uqbar.wollok-lsp-ide-0.5.4\\out\\server\\src\\server.js:68:5370\n    at c:\\Users\\lukas\\.vscode\\extensions\\uqbar.wollok-lsp-ide-0.5.4\\out\\server\\src\\server.js:38:6131\n    at c:\\Users\\lukas\\.vscode\\extensions\\uqbar.wollok-lsp-ide-0.5.4\\out\\server\\src\\server.js:68:3664\n    at Kbn (c:\\Users\\lukas\\.vscode\\extensions\\uqbar.wollok-lsp-ide-0.5.4\\out\\server\\src\\server.js:68:3396)\n    at c:\\Users\\lukas\\.vscode\\extensions\\uqbar.wollok-lsp-ide-0.5.4\\out\\server\\src\\server.js:2398:847\n    at c:\\Users\\lukas\\.vscode\\extensions\\uqbar.wollok-lsp-ide-0.5.4\\out\\server\\src\\server.js:2398:8440\n    at c:\\Users\\lukas\\.vscode\\extensions\\uqbar.wollok-lsp-ide-0.5.4\\out\\server\\src\\server.js:37:74770\n    at Ke (c:\\Users\\lukas\\.vscode\\extensions\\uqbar.wollok-lsp-ide-0.5.4\\out\\server\\src\\server.js:7:8527)\n    at Lt (c:\\Users\\lukas\\.vscode\\extensions\\uqbar.wollok-lsp-ide-0.5.4\\out\\server\\src\\server.js:7:6189)","timestamp":"2026-08-14T14:07:48.727Z"}
{"level":"error","message":"✘ Failed to get type description: Error: Failed to print, found malformed node Failed to print, found malformed node","node":{"id":"2333b466-3684-47dd-a621-f814f9b8cdae","metadata":[],"problems":[{"code":"malformedSentence","sourceMap":{"end":{"column":59,"line":101,"offset":1414},"start":{"column":20,"line":101,"offset":1375}}}],"scope":{"containerScope":{"containerScope":{"containerScope":{"containerScope":{"contributions":{},"includedScopes":[]},"contributions":{},"includedScopes":[]},"contributions":{},"includedScopes":[{"containerScope":{"containerScope":{"containerScope":{"contributions":{},"includedScopes":[]},"contributions":{},"includedScopes":[]},"contributions":{},"includedScopes":[]},"contributions":{},"includedScopes":[]}]},"contributions":{},"includedScopes":[]},"contributions":{},"includedScopes":[]},"sentences":[{"args":[],"id":"457af72a-a7a8-43a3-adfe-d041cebaaaf5","message":"energia","metadata":[],"receiver":{"id":"22873ea3-6a3c-4675-8923-9906e8f1751b","metadata":[],"name":"_ave","scope":{"containerScope":{"containerScope":{"containerScope":{"containerScope":{"containerScope":{"containerScope":{"contributions":{},"includedScopes":[]},"contributions":{},"includedScopes":[]},"contributions":{},"includedScopes":[{"containerScope":{"containerScope":{"containerScope":{"contributions":{},"includedScopes":[]},"contributions":{},"includedScopes":[]},"contributions":{},"includedScopes":[]},"contributions":{},"includedScopes":[]}]},"contributions":{},"includedScopes":[]},"contributions":{},"includedScopes":[]},"contributions":{},"includedScopes":[]},"contributions":{},"includedScopes":[]},"sourceMap":{"end":{"column":9,"line":101,"offset":1364},"start":{"column":5,"line":101,"offset":1360}}},"scope":{"containerScope":{"containerScope":{"containerScope":{"containerScope":{"containerScope":{"contributions":{},"includedScopes":[]},"contributions":{},"includedScopes":[]},"contributions":{},"includedScopes":[{"containerScope":{"containerScope":{"containerScope":{"contributions":{},"includedScopes":[]},"contributions":{},"includedScopes":[]},"contributions":{},"includedScopes":[]},"contributions":{},"includedScopes":[]}]},"contributions":{},"includedScopes":[]},"contributions":{},"includedScopes":[]},"contributions":{},"includedScopes":[]},"sourceMap":{"end":{"column":19,"line":101,"offset":1374},"start":{"column":5,"line":101,"offset":1360}}}],"sourceMap":{"end":{"column":3,"line":103,"offset":1420},"start":{"column":24,"line":99,"offset":1351}}},"stack":"Error: Failed to print, found malformed node\n    at c:\\Users\\lukas\\.vscode\\extensions\\uqbar.wollok-lsp-ide-0.5.4\\out\\server\\src\\server.js:68:3585\n    at c:\\Users\\lukas\\.vscode\\extensions\\uqbar.wollok-lsp-ide-0.5.4\\out\\server\\src\\server.js:68:5370\n    at c:\\Users\\lukas\\.vscode\\extensions\\uqbar.wollok-lsp-ide-0.5.4\\out\\server\\src\\server.js:38:6131\n    at c:\\Users\\lukas\\.vscode\\extensions\\uqbar.wollok-lsp-ide-0.5.4\\out\\server\\src\\server.js:68:3664\n    at Kbn (c:\\Users\\lukas\\.vscode\\extensions\\uqbar.wollok-lsp-ide-0.5.4\\out\\server\\src\\server.js:68:3396)\n    at c:\\Users\\lukas\\.vscode\\extensions\\uqbar.wollok-lsp-ide-0.5.4\\out\\server\\src\\server.js:2398:847\n    at c:\\Users\\lukas\\.vscode\\extensions\\uqbar.wollok-lsp-ide-0.5.4\\out\\server\\src\\server.js:2398:8440\n    at c:\\Users\\lukas\\.vscode\\extensions\\uqbar.wollok-lsp-ide-0.5.4\\out\\server\\src\\server.js:37:74770\n    at Ke (c:\\Users\\lukas\\.vscode\\extensions\\uqbar.wollok-lsp-ide-0.5.4\\out\\server\\src\\server.js:7:8527)\n    at Lt (c:\\Users\\lukas\\.vscode\\extensions\\uqbar.wollok-lsp-ide-0.5.4\\out\\server\\src\\server.js:7:6189)","timestamp":"2026-08-14T14:07:48.789Z"}
{"level":"info","message":"⌛ Building environment","timeElapsed":348,"timestamp":"2026-08-14T14:07:49.144Z"}
{"level":"info","message":"⌛ Building environment","timeElapsed":693,"timestamp":"2026-08-14T14:07:49.905Z"}
{"level":"info","message":"⌛ Building environment","timeElapsed":584,"timestamp":"2026-08-14T14:07:50.493Z"}
{"level":"info","message":"⌛ Validating pepita.wlk","timeElapsed":652,"timestamp":"2026-08-14T14:07:51.207Z"}
{"level":"info","message":"⌛ Validating pepita.wlk","timeElapsed":417,"timestamp":"2026-08-14T14:07:51.625Z"}
{"level":"info","message":"⌛ Validating pepita.wlk","timeElapsed":381,"timestamp":"2026-08-14T14:07:52.013Z"}
{"level":"info","message":"⌛ Validating pepita.wlk","timeElapsed":354,"timestamp":"2026-08-14T14:07:52.378Z"}
{"level":"info","message":"⌛ Validating pepita.wlk","timeElapsed":318,"timestamp":"2026-08-14T14:07:52.702Z"}
{"level":"info","message":"⌛ Validating pepita.wlk","timeElapsed":378,"timestamp":"2026-08-14T14:07:53.089Z"}
{"level":"info","message":"⌛ Validating pepita.wlk","timeElapsed":383,"timestamp":"2026-08-14T14:07:53.476Z"}
{"level":"info","message":"⌛ Validating pepita.wlk","timeElapsed":339,"timestamp":"2026-08-14T14:07:53.820Z"}
{"level":"info","message":"⌛ Validating pepita.wlk","timeElapsed":337,"timestamp":"2026-08-14T14:07:54.162Z"}
{"level":"info","message":"⌛ Validating pepita.wlk","timeElapsed":336,"timestamp":"2026-08-14T14:07:54.506Z"}
{"level":"info","message":"⌛ Validating pepita.wlk","timeElapsed":319,"timestamp":"2026-08-14T14:07:54.830Z"}
{"level":"info","message":"⌛ Validating pepita.wlk","timeElapsed":382,"timestamp":"2026-08-14T14:07:55.237Z"}
{"level":"error","message":"✘ Failed to get type description: Error: Failed to print, found malformed node Failed to print, found malformed node","node":{"id":"0c254e84-fc89-4c38-90fa-18ae493de936","metadata":[],"problems":[{"code":"malformedSentence","sourceMap":{"end":{"column":52,"line":101,"offset":1407},"start":{"column":20,"line":101,"offset":1375}}}],"scope":{"containerScope":{"containerScope":{"containerScope":{"containerScope":{"contributions":{},"includedScopes":[]},"contributions":{},"includedScopes":[]},"contributions":{},"includedScopes":[{"containerScope":{"containerScope":{"containerScope":{"contributions":{},"includedScopes":[]},"contributions":{},"includedScopes":[]},"contributions":{},"includedScopes":[]},"contributions":{},"includedScopes":[]}]},"contributions":{},"includedScopes":[]},"contributions":{},"includedScopes":[]},"sentences":[{"args":[],"id":"e8fa538d-4309-4a93-8a36-efc339e58fa3","message":"energia","metadata":[],"receiver":{"id":"4af74f14-66c1-4d25-b1c5-a1156a895d53","metadata":[],"name":"_ave","scope":{"containerScope":{"containerScope":{"containerScope":{"containerScope":{"containerScope":{"containerScope":{"contributions":{},"includedScopes":[]},"contributions":{},"includedScopes":[]},"contributions":{},"includedScopes":[{"containerScope":{"containerScope":{"containerScope":{"contributions":{},"includedScopes":[]},"contributions":{},"includedScopes":[]},"contributions":{},"includedScopes":[]},"contributions":{},"includedScopes":[]}]},"contributions":{},"includedScopes":[]},"contributions":{},"includedScopes":[]},"contributions":{},"includedScopes":[]},"contributions":{},"includedScopes":[]},"sourceMap":{"end":{"column":9,"line":101,"offset":1364},"start":{"column":5,"line":101,"offset":1360}}},"scope":{"containerScope":{"containerScope":{"containerScope":{"containerScope":{"containerScope":{"contributions":{},"includedScopes":[]},"contributions":{},"includedScopes":[]},"contributions":{},"includedScopes":[{"containerScope":{"containerScope":{"containerScope":{"contributions":{},"includedScopes":[]},"contributions":{},"includedScopes":[]},"contributions":{},"includedScopes":[]},"contributions":{},"includedScopes":[]}]},"contributions":{},"includedScopes":[]},"contributions":{},"includedScopes":[]},"contributions":{},"includedScopes":[]},"sourceMap":{"end":{"column":19,"line":101,"offset":1374},"start":{"column":5,"line":101,"offset":1360}}}],"sourceMap":{"end":{"column":3,"line":103,"offset":1413},"start":{"column":24,"line":99,"offset":1351}}},"stack":"Error: Failed to print, found malformed node\n    at c:\\Users\\lukas\\.vscode\\extensions\\uqbar.wollok-lsp-ide-0.5.4\\out\\server\\src\\server.js:68:3585\n    at c:\\Users\\lukas\\.vscode\\extensions\\uqbar.wollok-lsp-ide-0.5.4\\out\\server\\src\\server.js:68:5370\n    at c:\\Users\\lukas\\.vscode\\extensions\\uqbar.wollok-lsp-ide-0.5.4\\out\\server\\src\\server.js:38:6131\n    at c:\\Users\\lukas\\.vscode\\extensions\\uqbar.wollok-lsp-ide-0.5.4\\out\\server\\src\\server.js:68:3664\n    at Kbn (c:\\Users\\lukas\\.vscode\\extensions\\uqbar.wollok-lsp-ide-0.5.4\\out\\server\\src\\server.js:68:3396)\n    at c:\\Users\\lukas\\.vscode\\extensions\\uqbar.wollok-lsp-ide-0.5.4\\out\\server\\src\\server.js:2398:847\n    at c:\\Users\\lukas\\.vscode\\extensions\\uqbar.wollok-lsp-ide-0.5.4\\out\\server\\src\\server.js:2398:8440\n    at c:\\Users\\lukas\\.vscode\\extensions\\uqbar.wollok-lsp-ide-0.5.4\\out\\server\\src\\server.js:37:74770\n    at Ke (c:\\Users\\lukas\\.vscode\\extensions\\uqbar.wollok-lsp-ide-0.5.4\\out\\server\\src\\server.js:7:8527)\n    at Lt (c:\\Users\\lukas\\.vscode\\extensions\\uqbar.wollok-lsp-ide-0.5.4\\out\\server\\src\\server.js:7:6189)","timestamp":"2026-08-14T14:07:55.456Z"}
{"level":"error","message":"✘ Failed to get type description: Error: Failed to print, found malformed node Failed to print, found malformed node","node":{"id":"0c254e84-fc89-4c38-90fa-18ae493de936","metadata":[],"problems":[{"code":"malformedSentence","sourceMap":{"end":{"column":52,"line":101,"offset":1407},"start":{"column":20,"line":101,"offset":1375}}}],"scope":{"containerScope":{"containerScope":{"containerScope":{"containerScope":{"contributions":{},"includedScopes":[]},"contributions":{},"includedScopes":[]},"contributions":{},"includedScopes":[{"containerScope":{"containerScope":{"containerScope":{"contributions":{},"includedScopes":[]},"contributions":{},"includedScopes":[]},"contributions":{},"includedScopes":[]},"contributions":{},"includedScopes":[]}]},"contributions":{},"includedScopes":[]},"contributions":{},"includedScopes":[]},"sentences":[{"args":[],"id":"e8fa538d-4309-4a93-8a36-efc339e58fa3","message":"energia","metadata":[],"receiver":{"id":"4af74f14-66c1-4d25-b1c5-a1156a895d53","metadata":[],"name":"_ave","scope":{"containerScope":{"containerScope":{"containerScope":{"containerScope":{"containerScope":{"containerScope":{"contributions":{},"includedScopes":[]},"contributions":{},"includedScopes":[]},"contributions":{},"includedScopes":[{"containerScope":{"containerScope":{"containerScope":{"contributions":{},"includedScopes":[]},"contributions":{},"includedScopes":[]},"contributions":{},"includedScopes":[]},"contributions":{},"includedScopes":[]}]},"contributions":{},"includedScopes":[]},"contributions":{},"includedScopes":[]},"contributions":{},"includedScopes":[]},"contributions":{},"includedScopes":[]},"sourceMap":{"end":{"column":9,"line":101,"offset":1364},"start":{"column":5,"line":101,"offset":1360}}},"scope":{"containerScope":{"containerScope":{"containerScope":{"containerScope":{"containerScope":{"contributions":{},"includedScopes":[]},"contributions":{},"includedScopes":[]},"contributions":{},"includedScopes":[{"containerScope":{"containerScope":{"containerScope":{"contributions":{},"includedScopes":[]},"contributions":{},"includedScopes":[]},"contributions":{},"includedScopes":[]},"contributions":{},"includedScopes":[]}]},"contributions":{},"includedScopes":[]},"contributions":{},"includedScopes":[]},"contributions":{},"includedScopes":[]},"sourceMap":{"end":{"column":19,"line":101,"offset":1374},"start":{"column":5,"line":101,"offset":1360}}}],"sourceMap":{"end":{"column":3,"line":103,"offset":1413},"start":{"column":24,"line":99,"offset":1351}}},"stack":"Error: Failed to print, found malformed node\n    at c:\\Users\\lukas\\.vscode\\extensions\\uqbar.wollok-lsp-ide-0.5.4\\out\\server\\src\\server.js:68:3585\n    at c:\\Users\\lukas\\.vscode\\extensions\\uqbar.wollok-lsp-ide-0.5.4\\out\\server\\src\\server.js:68:5370\n    at c:\\Users\\lukas\\.vscode\\extensions\\uqbar.wollok-lsp-ide-0.5.4\\out\\server\\src\\server.js:38:6131\n    at c:\\Users\\lukas\\.vscode\\extensions\\uqbar.wollok-lsp-ide-0.5.4\\out\\server\\src\\server.js:68:3664\n    at Kbn (c:\\Users\\lukas\\.vscode\\extensions\\uqbar.wollok-lsp-ide-0.5.4\\out\\server\\src\\server.js:68:3396)\n    at c:\\Users\\lukas\\.vscode\\extensions\\uqbar.wollok-lsp-ide-0.5.4\\out\\server\\src\\server.js:2398:847\n    at c:\\Users\\lukas\\.vscode\\extensions\\uqbar.wollok-lsp-ide-0.5.4\\out\\server\\src\\server.js:2398:8440\n    at c:\\Users\\lukas\\.vscode\\extensions\\uqbar.wollok-lsp-ide-0.5.4\\out\\server\\src\\server.js:37:74770\n    at Ke (c:\\Users\\lukas\\.vscode\\extensions\\uqbar.wollok-lsp-ide-0.5.4\\out\\server\\src\\server.js:7:8527)\n    at Lt (c:\\Users\\lukas\\.vscode\\extensions\\uqbar.wollok-lsp-ide-0.5.4\\out\\server\\src\\server.js:7:6189)","timestamp":"2026-08-14T14:07:55.871Z"}
{"level":"error","message":"✘ Failed to get type description: Error: Failed to print, found malformed node Failed to print, found malformed node","node":{"id":"0c254e84-fc89-4c38-90fa-18ae493de936","metadata":[],"problems":[{"code":"malformedSentence","sourceMap":{"end":{"column":52,"line":101,"offset":1407},"start":{"column":20,"line":101,"offset":1375}}}],"scope":{"containerScope":{"containerScope":{"containerScope":{"containerScope":{"contributions":{},"includedScopes":[]},"contributions":{},"includedScopes":[]},"contributions":{},"includedScopes":[{"containerScope":{"containerScope":{"containerScope":{"contributions":{},"includedScopes":[]},"contributions":{},"includedScopes":[]},"contributions":{},"includedScopes":[]},"contributions":{},"includedScopes":[]}]},"contributions":{},"includedScopes":[]},"contributions":{},"includedScopes":[]},"sentences":[{"args":[],"id":"e8fa538d-4309-4a93-8a36-efc339e58fa3","message":"energia","metadata":[],"receiver":{"id":"4af74f14-66c1-4d25-b1c5-a1156a895d53","metadata":[],"name":"_ave","scope":{"containerScope":{"containerScope":{"containerScope":{"containerScope":{"containerScope":{"containerScope":{"contributions":{},"includedScopes":[]},"contributions":{},"includedScopes":[]},"contributions":{},"includedScopes":[{"containerScope":{"containerScope":{"containerScope":{"contributions":{},"includedScopes":[]},"contributions":{},"includedScopes":[]},"contributions":{},"includedScopes":[]},"contributions":{},"includedScopes":[]}]},"contributions":{},"includedScopes":[]},"contributions":{},"includedScopes":[]},"contributions":{},"includedScopes":[]},"contributions":{},"includedScopes":[]},"sourceMap":{"end":{"column":9,"line":101,"offset":1364},"start":{"column":5,"line":101,"offset":1360}}},"scope":{"containerScope":{"containerScope":{"containerScope":{"containerScope":{"containerScope":{"contributions":{},"includedScopes":[]},"contributions":{},"includedScopes":[]},"contributions":{},"includedScopes":[{"containerScope":{"containerScope":{"containerScope":{"contributions":{},"includedScopes":[]},"contributions":{},"includedScopes":[]},"contributions":{},"includedScopes":[]},"contributions":{},"includedScopes":[]}]},"contributions":{},"includedScopes":[]},"contributions":{},"includedScopes":[]},"contributions":{},"includedScopes":[]},"sourceMap":{"end":{"column":19,"line":101,"offset":1374},"start":{"column":5,"line":101,"offset":1360}}}],"sourceMap":{"end":{"column":3,"line":103,"offset":1413},"start":{"column":24,"line":99,"offset":1351}}},"stack":"Error: Failed to print, found malformed node\n    at c:\\Users\\lukas\\.vscode\\extensions\\uqbar.wollok-lsp-ide-0.5.4\\out\\server\\src\\server.js:68:3585\n    at c:\\Users\\lukas\\.vscode\\extensions\\uqbar.wollok-lsp-ide-0.5.4\\out\\server\\src\\server.js:68:5370\n    at c:\\Users\\lukas\\.vscode\\extensions\\uqbar.wollok-lsp-ide-0.5.4\\out\\server\\src\\server.js:38:6131\n    at c:\\Users\\lukas\\.vscode\\extensions\\uqbar.wollok-lsp-ide-0.5.4\\out\\server\\src\\server.js:68:3664\n    at Kbn (c:\\Users\\lukas\\.vscode\\extensions\\uqbar.wollok-lsp-ide-0.5.4\\out\\server\\src\\server.js:68:3396)\n    at c:\\Users\\lukas\\.vscode\\extensions\\uqbar.wollok-lsp-ide-0.5.4\\out\\server\\src\\server.js:2398:847\n    at c:\\Users\\lukas\\.vscode\\extensions\\uqbar.wollok-lsp-ide-0.5.4\\out\\server\\src\\server.js:2398:8440\n    at c:\\Users\\lukas\\.vscode\\extensions\\uqbar.wollok-lsp-ide-0.5.4\\out\\server\\src\\server.js:37:74770\n    at Ke (c:\\Users\\lukas\\.vscode\\extensions\\uqbar.wollok-lsp-ide-0.5.4\\out\\server\\src\\server.js:7:8527)\n    at Lt (c:\\Users\\lukas\\.vscode\\extensions\\uqbar.wollok-lsp-ide-0.5.4\\out\\server\\src\\server.js:7:6189)","timestamp":"2026-08-14T14:07:56.241Z"}
{"level":"info","message":"⌛ Validating pepita.wlk","timeElapsed":403,"timestamp":"2026-08-14T14:07:56.710Z"}
{"level":"info","message":"⌛ Building environment","timeElapsed":1104,"timestamp":"2026-08-14T14:07:57.823Z"}
{"level":"info","message":"⌛ Validating pepita.wlk","timeElapsed":432,"timestamp":"2026-08-14T14:07:58.309Z"}
{"level":"info","message":"⌛ Validating pepita.wlk","timeElapsed":407,"timestamp":"2026-08-14T14:07:58.723Z"}
{"level":"info","message":"⌛ Validating pepita.wlk","timeElapsed":509,"timestamp":"2026-08-14T14:07:59.383Z"}
{"level":"error","message":"✘ Failed to get type description: Error: Failed to print, found malformed node Failed to print, found malformed node","node":{"id":"90438f43-dc7f-4bce-8d0c-7052df9f239d","metadata":[],"problems":[{"code":"malformedSentence","sourceMap":{"end":{"column":47,"line":101,"offset":1402},"start":{"column":20,"line":101,"offset":1375}}}],"scope":{"containerScope":{"containerScope":{"containerScope":{"containerScope":{"contributions":{},"includedScopes":[]},"contributions":{},"includedScopes":[]},"contributions":{},"includedScopes":[{"containerScope":{"containerScope":{"containerScope":{"contributions":{},"includedScopes":[]},"contributions":{},"includedScopes":[]},"contributions":{},"includedScopes":[]},"contributions":{},"includedScopes":[]}]},"contributions":{},"includedScopes":[]},"contributions":{},"includedScopes":[]},"sentences":[{"args":[],"id":"9b3912cb-7d9e-4d7b-98ea-06a24d8444ab","message":"energia","metadata":[],"receiver":{"id":"2a3cb957-4f9f-4333-a2fb-037975f1abd0","metadata":[],"name":"_ave","scope":{"containerScope":{"containerScope":{"containerScope":{"containerScope":{"containerScope":{"containerScope":{"contributions":{},"includedScopes":[]},"contributions":{},"includedScopes":[]},"contributions":{},"includedScopes":[{"containerScope":{"containerScope":{"containerScope":{"contributions":{},"includedScopes":[]},"contributions":{},"includedScopes":[]},"contributions":{},"includedScopes":[]},"contributions":{},"includedScopes":[]}]},"contributions":{},"includedScopes":[]},"contributions":{},"includedScopes":[]},"contributions":{},"includedScopes":[]},"contributions":{},"includedScopes":[]},"sourceMap":{"end":{"column":9,"line":101,"offset":1364},"start":{"column":5,"line":101,"offset":1360}}},"scope":{"containerScope":{"containerScope":{"containerScope":{"containerScope":{"containerScope":{"contributions":{},"includedScopes":[]},"contributions":{},"includedScopes":[]},"contributions":{},"includedScopes":[{"containerScope":{"containerScope":{"containerScope":{"contributions":{},"includedScopes":[]},"contributions":{},"includedScopes":[]},"contributions":{},"includedScopes":[]},"contributions":{},"includedScopes":[]}]},"contributions":{},"includedScopes":[]},"contributions":{},"includedScopes":[]},"contributions":{},"includedScopes":[]},"sourceMap":{"end":{"column":19,"line":101,"offset":1374},"start":{"column":5,"line":101,"offset":1360}}}],"sourceMap":{"end":{"column":3,"line":103,"offset":1408},"start":{"column":24,"line":99,"offset":1351}}},"stack":"Error: Failed to print, found malformed node\n    at c:\\Users\\lukas\\.vscode\\extensions\\uqbar.wollok-lsp-ide-0.5.4\\out\\server\\src\\server.js:68:3585\n    at c:\\Users\\lukas\\.vscode\\extensions\\uqbar.wollok-lsp-ide-0.5.4\\out\\server\\src\\server.js:68:5370\n    at c:\\Users\\lukas\\.vscode\\extensions\\uqbar.wollok-lsp-ide-0.5.4\\out\\server\\src\\server.js:38:6131\n    at c:\\Users\\lukas\\.vscode\\extensions\\uqbar.wollok-lsp-ide-0.5.4\\out\\server\\src\\server.js:68:3664\n    at Kbn (c:\\Users\\lukas\\.vscode\\extensions\\uqbar.wollok-lsp-ide-0.5.4\\out\\server\\src\\server.js:68:3396)\n    at c:\\Users\\lukas\\.vscode\\extensions\\uqbar.wollok-lsp-ide-0.5.4\\out\\server\\src\\server.js:2398:847\n    at c:\\Users\\lukas\\.vscode\\extensions\\uqbar.wollok-lsp-ide-0.5.4\\out\\server\\src\\server.js:2398:8440\n    at c:\\Users\\lukas\\.vscode\\extensions\\uqbar.wollok-lsp-ide-0.5.4\\out\\server\\src\\server.js:37:74770\n    at Ke (c:\\Users\\lukas\\.vscode\\extensions\\uqbar.wollok-lsp-ide-0.5.4\\out\\server\\src\\server.js:7:8527)\n    at Lt (c:\\Users\\lukas\\.vscode\\extensions\\uqbar.wollok-lsp-ide-0.5.4\\out\\server\\src\\server.js:7:6189)","timestamp":"2026-08-14T14:08:01.905Z"}
{"level":"info","message":"⌛ Building environment","timeElapsed":432,"timestamp":"2026-08-14T14:08:03.329Z"}
{"level":"info","message":"⌛ Validating pepita.wlk","timeElapsed":781,"timestamp":"2026-08-14T14:08:04.126Z"}
{"level":"info","message":"⌛ Building environment","timeElapsed":763,"timestamp":"2026-08-14T14:11:53.813Z"}
{"level":"info","message":"⌛ Building environment","timeElapsed":527,"timestamp":"2026-08-14T14:11:54.393Z"}
{"level":"info","message":"⌛ Validating pepita.wlk","timeElapsed":496,"timestamp":"2026-08-14T14:11:55.205Z"}
{"level":"info","message":"⌛ Building environment","timeElapsed":500,"timestamp":"2026-08-14T14:11:55.708Z"}
{"level":"info","message":"⌛ Validating pepita.wlk","timeElapsed":399,"timestamp":"2026-08-14T14:11:56.163Z"}
{"level":"info","message":"⌛ Building environment","timeElapsed":370,"timestamp":"2026-08-14T14:11:56.648Z"}
{"level":"info","message":"⌛ Validating pepita.wlk","timeElapsed":307,"timestamp":"2026-08-14T14:11:56.977Z"}
{"level":"info","message":"⌛ Validating pepita.wlk","timeElapsed":258,"timestamp":"2026-08-14T14:11:57.235Z"}
{"level":"info","message":"⌛ Building environment","timeElapsed":862,"timestamp":"2026-08-14T14:14:30.364Z"}
{"level":"info","message":"⌛ Building environment","timeElapsed":907,"timestamp":"2026-08-14T14:14:31.273Z"}
{"level":"info","message":"⌛ Building environment","timeElapsed":430,"timestamp":"2026-08-14T14:14:31.732Z"}
{"level":"info","message":"⌛ Building environment","timeElapsed":713,"timestamp":"2026-08-14T14:14:32.465Z"}
{"level":"info","message":"⌛ Building environment","timeElapsed":266,"timestamp":"2026-08-14T14:14:32.733Z"}
{"level":"info","message":"⌛ Building environment","timeElapsed":239,"timestamp":"2026-08-14T14:14:33.006Z"}
{"level":"info","message":"⌛ Building environment","timeElapsed":715,"timestamp":"2026-08-14T14:14:33.730Z"}
{"level":"info","message":"⌛ Building environment","timeElapsed":538,"timestamp":"2026-08-14T14:14:34.336Z"}
{"level":"info","message":"⌛ Building environment","timeElapsed":718,"timestamp":"2026-08-14T14:14:35.056Z"}
{"level":"info","message":"⌛ Validating pepita.wlk","timeElapsed":1301,"timestamp":"2026-08-14T14:14:36.357Z"}
{"level":"info","message":"⌛ Validating pepita.wlk","timeElapsed":1333,"timestamp":"2026-08-14T14:14:37.722Z"}
{"level":"info","message":"⌛ Validating pepita.wlk","timeElapsed":1084,"timestamp":"2026-08-14T14:14:38.806Z"}
{"level":"info","message":"⌛ Validating pepita.wlk","timeElapsed":922,"timestamp":"2026-08-14T14:14:39.729Z"}
{"level":"info","message":"⌛ Validating pepita.wlk","timeElapsed":1255,"timestamp":"2026-08-14T14:14:40.988Z"}
{"level":"info","message":"⌛ Validating pepita.wlk","timeElapsed":557,"timestamp":"2026-08-14T14:14:41.555Z"}
{"level":"info","message":"⌛ Building environment","timeElapsed":442,"timestamp":"2026-08-14T14:14:42.005Z"}
{"level":"info","message":"⌛ Building environment","timeElapsed":267,"timestamp":"2026-08-14T14:14:42.290Z"}
{"level":"info","message":"⌛ Validating pepita.wlk","timeElapsed":360,"timestamp":"2026-08-14T14:14:43.027Z"}
{"level":"info","message":"⌛ Building environment","timeElapsed":295,"timestamp":"2026-08-14T14:14:43.338Z"}
{"level":"info","message":"⌛ Building environment","timeElapsed":230,"timestamp":"2026-08-14T14:14:43.597Z"}
{"level":"info","message":"⌛ Validating pepita.wlk","timeElapsed":327,"timestamp":"2026-08-14T14:14:43.929Z"}
{"level":"info","message":"⌛ Building environment","timeElapsed":338,"timestamp":"2026-08-14T14:14:44.272Z"}
{"level":"info","message":"⌛ Building environment","timeElapsed":497,"timestamp":"2026-08-14T14:14:44.883Z"}
{"level":"info","message":"⌛ Building environment","timeElapsed":605,"timestamp":"2026-08-14T14:14:45.530Z"}
{"level":"info","message":"⌛ Building environment","timeElapsed":493,"timestamp":"2026-08-14T14:14:46.059Z"}
{"level":"info","message":"⌛ Building environment","timeElapsed":411,"timestamp":"2026-08-14T14:14:46.523Z"}
{"level":"info","message":"⌛ Building environment","timeElapsed":479,"timestamp":"2026-08-14T14:14:47.055Z"}
{"level":"info","message":"⌛ Validating pepita.wlk","timeElapsed":428,"timestamp":"2026-08-14T14:14:47.565Z"}
{"level":"error","message":"✘ Completions for node Send ([101:5, 101:18] - pepita.wlk) failed: Error: [Send]{cff513} at pepita.wlk:101 exhausted all cases without a match [Send]{cff513} at pepita.wlk:101 exhausted all cases without a match","stack":"Error: [Send]{cff513} at pepita.wlk:101 exhausted all cases without a match\n    at c:\\Users\\lukas\\.vscode\\extensions\\uqbar.wollok-lsp-ide-0.5.4\\out\\server\\src\\server.js:38:6142\n    at L2 (c:\\Users\\lukas\\.vscode\\extensions\\uqbar.wollok-lsp-ide-0.5.4\\out\\server\\src\\server.js:2389:42)\n    at Jh (c:\\Users\\lukas\\.vscode\\extensions\\uqbar.wollok-lsp-ide-0.5.4\\out\\server\\src\\server.js:2389:1092)\n    at M5n (c:\\Users\\lukas\\.vscode\\extensions\\uqbar.wollok-lsp-ide-0.5.4\\out\\server\\src\\server.js:2389:1248)\n    at c:\\Users\\lukas\\.vscode\\extensions\\uqbar.wollok-lsp-ide-0.5.4\\out\\server\\src\\server.js:38:6131\n    at L2 (c:\\Users\\lukas\\.vscode\\extensions\\uqbar.wollok-lsp-ide-0.5.4\\out\\server\\src\\server.js:2389:42)\n    at c:\\Users\\lukas\\.vscode\\extensions\\uqbar.wollok-lsp-ide-0.5.4\\out\\server\\src\\server.js:2389:2988\n    at c:\\Users\\lukas\\.vscode\\extensions\\uqbar.wollok-lsp-ide-0.5.4\\out\\server\\src\\server.js:2398:8440\n    at c:\\Users\\lukas\\.vscode\\extensions\\uqbar.wollok-lsp-ide-0.5.4\\out\\server\\src\\server.js:37:74872\n    at Ke (c:\\Users\\lukas\\.vscode\\extensions\\uqbar.wollok-lsp-ide-0.5.4\\out\\server\\src\\server.js:7:8527)","timestamp":"2026-08-14T14:14:47.680Z"}
{"level":"info","message":"⌛ Validating pepita.wlk","timeElapsed":393,"timestamp":"2026-08-14T14:14:48.176Z"}
{"level":"info","message":"⌛ Validating pepita.wlk","timeElapsed":378,"timestamp":"2026-08-14T14:14:48.562Z"}
{"level":"info","message":"⌛ Validating pepita.wlk","timeElapsed":308,"timestamp":"2026-08-14T14:14:48.879Z"}
{"level":"info","message":"⌛ Validating pepita.wlk","timeElapsed":315,"timestamp":"2026-08-14T14:14:49.195Z"}
{"level":"info","message":"⌛ Validating pepita.wlk","timeElapsed":347,"timestamp":"2026-08-14T14:14:49.551Z"}
{"level":"info","message":"⌛ Building environment","timeElapsed":239,"timestamp":"2026-08-14T14:14:49.795Z"}
{"level":"info","message":"⌛ Building environment","timeElapsed":257,"timestamp":"2026-08-14T14:14:50.056Z"}
{"level":"info","message":"⌛ Building environment","timeElapsed":242,"timestamp":"2026-08-14T14:14:50.387Z"}
{"level":"info","message":"⌛ Autocomplete - Body","timeElapsed":285,"timestamp":"2026-08-14T14:14:50.701Z"}
{"level":"info","message":"⌛ Building environment","timeElapsed":503,"timestamp":"2026-08-14T14:14:51.205Z"}
{"level":"info","message":"⌛ Autocomplete - Body","timeElapsed":191,"timestamp":"2026-08-14T14:14:51.404Z"}
{"level":"info","message":"⌛ Building environment","timeElapsed":288,"timestamp":"2026-08-14T14:14:51.722Z"}
{"level":"info","message":"⌛ Validating pepita.wlk","timeElapsed":362,"timestamp":"2026-08-14T14:14:52.296Z"}
{"level":"info","message":"⌛ Building environment","timeElapsed":256,"timestamp":"2026-08-14T14:14:52.556Z"}
{"level":"info","message":"⌛ Building environment","timeElapsed":201,"timestamp":"2026-08-14T14:14:52.850Z"}
{"level":"info","message":"⌛ Building environment","timeElapsed":199,"timestamp":"2026-08-14T14:14:53.150Z"}
{"level":"info","message":"⌛ Building environment","timeElapsed":239,"timestamp":"2026-08-14T14:14:53.450Z"}
{"level":"info","message":"⌛ Validating pepita.wlk","timeElapsed":338,"timestamp":"2026-08-14T14:14:53.849Z"}
{"level":"info","message":"⌛ Validating pepita.wlk","timeElapsed":312,"timestamp":"2026-08-14T14:14:54.161Z"}
{"level":"info","message":"⌛ Validating pepita.wlk","timeElapsed":503,"timestamp":"2026-08-14T14:14:54.670Z"}
{"level":"info","message":"⌛ Validating pepita.wlk","timeElapsed":491,"timestamp":"2026-08-14T14:14:55.171Z"}
{"level":"info","message":"⌛ Validating pepita.wlk","timeElapsed":339,"timestamp":"2026-08-14T14:14:55.685Z"}
{"level":"info","message":"⌛ Validating pepita.wlk","timeElapsed":385,"timestamp":"2026-08-14T14:14:56.081Z"}
{"level":"info","message":"⌛ Validating pepita.wlk","timeElapsed":402,"timestamp":"2026-08-14T14:14:56.487Z"}
{"level":"info","message":"⌛ Building environment","timeElapsed":227,"timestamp":"2026-08-14T14:14:56.722Z"}
{"level":"info","message":"⌛ Validating pepita.wlk","timeElapsed":267,"timestamp":"2026-08-14T14:14:57.046Z"}
{"level":"info","message":"⌛ Validating pepita.wlk","timeElapsed":326,"timestamp":"2026-08-14T14:14:57.385Z"}
{"level":"info","message":"⌛ Validating pepita.wlk","timeElapsed":283,"timestamp":"2026-08-14T14:14:57.687Z"}
{"level":"info","message":"⌛ Validating pepita.wlk","timeElapsed":250,"timestamp":"2026-08-14T14:14:57.946Z"}
{"level":"info","message":"⌛ Validating pepita.wlk","timeElapsed":244,"timestamp":"2026-08-14T14:14:58.195Z"}
{"level":"info","message":"⌛ Validating pepita.wlk","timeElapsed":262,"timestamp":"2026-08-14T14:14:58.461Z"}
{"level":"info","message":"⌛ Validating pepita.wlk","timeElapsed":275,"timestamp":"2026-08-14T14:14:58.810Z"}
{"level":"info","message":"⌛ Building environment","timeElapsed":522,"timestamp":"2026-08-14T14:45:20.734Z"}
{"level":"info","message":"⌛ Validating pepita.wlk","timeElapsed":533,"timestamp":"2026-08-14T14:45:22.176Z"}
{"level":"info","message":"⌛ Building environment","timeElapsed":449,"timestamp":"2026-08-14T14:45:28.150Z"}
{"level":"info","message":"⌛ Validating pepita.wlk","timeElapsed":599,"timestamp":"2026-08-14T14:45:29.745Z"}
{"level":"info","message":"⌛ Building environment","timeElapsed":528,"timestamp":"2026-08-14T14:46:28.031Z"}
{"level":"info","message":"⌛ Validating pepita.wlk","timeElapsed":468,"timestamp":"2026-08-14T14:46:28.674Z"}
{"level":"info","message":"⌛ Building environment","timeElapsed":706,"timestamp":"2026-08-14T14:46:36.243Z"}
{"level":"info","message":"⌛ Validating pepita.wlk","timeElapsed":352,"timestamp":"2026-08-14T14:46:36.660Z"}
{"level":"info","message":"⌛ Building environment","timeElapsed":942,"timestamp":"2026-08-17T12:22:50.105Z"}
{"level":"info","message":"⌛ Building environment","timeElapsed":1041,"timestamp":"2026-08-17T12:22:51.225Z"}
{"level":"info","message":"⌛ Validating pepita.wlk","timeElapsed":3484,"timestamp":"2026-08-17T12:23:43.851Z"}
{"level":"info","message":"⌛ Building environment","timeElapsed":1453,"timestamp":"2026-08-17T12:23:45.307Z"}
{"level":"info","message":"⌛ Building environment","timeElapsed":1823,"timestamp":"2026-08-17T12:23:47.293Z"}
{"level":"info","message":"⌛ Building environment","timeElapsed":1419,"timestamp":"2026-08-17T12:23:48.729Z"}
{"level":"info","message":"⌛ Validating pepita.wlk","timeElapsed":2474,"timestamp":"2026-08-17T12:23:55.434Z"}
{"level":"info","message":"⌛ Validating pepita.wlk","timeElapsed":1103,"timestamp":"2026-08-17T12:23:56.540Z"}
{"level":"info","message":"⌛ Validating pepita.wlk","timeElapsed":3402,"timestamp":"2026-08-17T12:23:59.952Z"}
{"level":"info","message":"⌛ Building environment","timeElapsed":1059,"timestamp":"2026-08-17T12:25:58.309Z"}
{"level":"info","message":"⌛ Building environment","timeElapsed":805,"timestamp":"2026-08-17T12:25:59.169Z"}
{"level":"info","message":"⌛ Validating pepita.wlk","timeElapsed":632,"timestamp":"2026-08-17T12:26:01.012Z"}
{"level":"info","message":"⌛ Validating pepita.wlk","timeElapsed":543,"timestamp":"2026-08-17T12:26:01.593Z"}
{"level":"info","message":"⌛ Building environment","timeElapsed":322,"timestamp":"2026-08-17T12:26:01.916Z"}
{"level":"info","message":"⌛ Validating pepita.wlk","timeElapsed":300,"timestamp":"2026-08-17T12:26:02.240Z"}
{"level":"info","message":"⌛ Building environment","timeElapsed":473,"timestamp":"2026-08-17T12:26:04.811Z"}
{"level":"info","message":"⌛ Building environment","timeElapsed":884,"timestamp":"2026-08-17T12:26:05.737Z"}
{"level":"info","message":"⌛ Validating pepita.wlk","timeElapsed":884,"timestamp":"2026-08-17T12:26:06.669Z"}
{"level":"info","message":"⌛ Building environment","timeElapsed":650,"timestamp":"2026-08-17T12:26:07.407Z"}
{"level":"info","message":"⌛ Building environment","timeElapsed":440,"timestamp":"2026-08-17T12:26:07.854Z"}
{"level":"info","message":"⌛ Validating pepita.wlk","timeElapsed":453,"timestamp":"2026-08-17T12:26:08.329Z"}
{"level":"info","message":"⌛ Building environment","timeElapsed":851,"timestamp":"2026-08-17T12:26:09.183Z"}
{"level":"info","message":"⌛ Building environment","timeElapsed":241,"timestamp":"2026-08-17T12:26:09.432Z"}
{"level":"info","message":"⌛ Building environment","timeElapsed":279,"timestamp":"2026-08-17T12:26:09.746Z"}
{"level":"info","message":"⌛ Validating pepita.wlk","timeElapsed":261,"timestamp":"2026-08-17T12:26:10.030Z"}
{"level":"info","message":"⌛ Validating pepita.wlk","timeElapsed":280,"timestamp":"2026-08-17T12:26:10.312Z"}
{"level":"info","message":"⌛ Validating pepita.wlk","timeElapsed":236,"timestamp":"2026-08-17T12:26:10.548Z"}
{"level":"info","message":"⌛ Validating pepita.wlk","timeElapsed":286,"timestamp":"2026-08-17T12:26:10.838Z"}
{"level":"info","message":"⌛ Validating pepita.wlk","timeElapsed":258,"timestamp":"2026-08-17T12:26:11.104Z"}
{"level":"info","message":"⌛ Building environment","timeElapsed":646,"timestamp":"2026-08-17T12:26:12.709Z"}
{"level":"info","message":"⌛ Building environment","timeElapsed":563,"timestamp":"2026-08-17T12:26:13.274Z"}
{"level":"info","message":"⌛ Building environment","timeElapsed":378,"timestamp":"2026-08-17T12:26:13.688Z"}
{"level":"info","message":"⌛ Building environment","timeElapsed":717,"timestamp":"2026-08-17T12:26:14.421Z"}
{"level":"info","message":"⌛ Building environment","timeElapsed":365,"timestamp":"2026-08-17T12:26:14.832Z"}
{"level":"info","message":"⌛ Building environment","timeElapsed":294,"timestamp":"2026-08-17T12:26:15.141Z"}
{"level":"info","message":"⌛ Validating pepita.wlk","timeElapsed":509,"timestamp":"2026-08-17T12:26:15.652Z"}
{"level":"info","message":"⌛ Building environment","timeElapsed":1136,"timestamp":"2026-08-17T12:26:16.793Z"}
{"level":"info","message":"⌛ Validating pepita.wlk","timeElapsed":767,"timestamp":"2026-08-17T12:26:17.579Z"}
{"level":"info","message":"⌛ Validating pepita.wlk","timeElapsed":443,"timestamp":"2026-08-17T12:26:18.023Z"}
{"level":"info","message":"⌛ Validating pepita.wlk","timeElapsed":323,"timestamp":"2026-08-17T12:26:18.347Z"}
{"level":"info","message":"⌛ Validating pepita.wlk","timeElapsed":325,"timestamp":"2026-08-17T12:26:18.687Z"}
{"level":"info","message":"⌛ Validating pepita.wlk","timeElapsed":352,"timestamp":"2026-08-17T12:26:19.047Z"}
{"level":"info","message":"⌛ Building environment","timeElapsed":218,"timestamp":"2026-08-17T12:26:19.292Z"}
{"level":"info","message":"⌛ Validating pepita.wlk","timeElapsed":879,"timestamp":"2026-08-17T12:26:20.212Z"}
{"level":"info","message":"⌛ Building environment","timeElapsed":749,"timestamp":"2026-08-17T12:26:21.014Z"}
{"level":"info","message":"⌛ Validating pepita.wlk","timeElapsed":959,"timestamp":"2026-08-17T12:26:22.099Z"}
{"level":"info","message":"⌛ Building environment","timeElapsed":387,"timestamp":"2026-08-17T12:26:22.488Z"}
{"level":"info","message":"⌛ Building environment","timeElapsed":488,"timestamp":"2026-08-17T12:26:22.978Z"}
{"level":"info","message":"⌛ Building environment","timeElapsed":1077,"timestamp":"2026-08-17T12:26:24.130Z"}
{"level":"info","message":"⌛ Building environment","timeElapsed":318,"timestamp":"2026-08-17T12:26:24.491Z"}
{"level":"info","message":"⌛ Building environment","timeElapsed":354,"timestamp":"2026-08-17T12:26:24.851Z"}
{"level":"info","message":"⌛ Building environment","timeElapsed":420,"timestamp":"2026-08-17T12:26:25.277Z"}
{"level":"info","message":"⌛ Building environment","timeElapsed":306,"timestamp":"2026-08-17T12:26:25.589Z"}
{"level":"info","message":"⌛ Building environment","timeElapsed":669,"timestamp":"2026-08-17T12:26:26.355Z"}
{"level":"info","message":"⌛ Building environment","timeElapsed":743,"timestamp":"2026-08-17T12:26:27.228Z"}
{"level":"info","message":"⌛ Building environment","timeElapsed":560,"timestamp":"2026-08-17T12:26:27.824Z"}
{"level":"info","message":"⌛ Building environment","timeElapsed":417,"timestamp":"2026-08-17T12:26:28.303Z"}
{"level":"info","message":"⌛ Building environment","timeElapsed":679,"timestamp":"2026-08-17T12:26:29.026Z"}
{"level":"info","message":"⌛ Building environment","timeElapsed":249,"timestamp":"2026-08-17T12:26:29.332Z"}
{"level":"info","message":"⌛ Validating pepita.wlk","timeElapsed":603,"timestamp":"2026-08-17T12:26:29.970Z"}
{"level":"info","message":"⌛ Building environment","timeElapsed":504,"timestamp":"2026-08-17T12:26:30.543Z"}
{"level":"info","message":"⌛ Building environment","timeElapsed":779,"timestamp":"2026-08-17T12:26:31.461Z"}
{"level":"info","message":"⌛ Building environment","timeElapsed":308,"timestamp":"2026-08-17T12:26:31.805Z"}
{"level":"info","message":"⌛ Building environment","timeElapsed":294,"timestamp":"2026-08-17T12:26:32.109Z"}
{"level":"info","message":"⌛ Validating pepita.wlk","timeElapsed":401,"timestamp":"2026-08-17T12:26:32.589Z"}
{"level":"info","message":"⌛ Validating pepita.wlk","timeElapsed":452,"timestamp":"2026-08-17T12:26:33.048Z"}
{"level":"info","message":"⌛ Validating pepita.wlk","timeElapsed":387,"timestamp":"2026-08-17T12:26:33.444Z"}
{"level":"info","message":"⌛ Validating pepita.wlk","timeElapsed":759,"timestamp":"2026-08-17T12:26:34.248Z"}
{"level":"info","message":"⌛ Validating pepita.wlk","timeElapsed":1318,"timestamp":"2026-08-17T12:26:35.579Z"}
{"level":"info","message":"⌛ Building environment","timeElapsed":332,"timestamp":"2026-08-17T12:26:35.940Z"}
{"level":"info","message":"⌛ Validating pepita.wlk","timeElapsed":406,"timestamp":"2026-08-17T12:26:36.370Z"}
{"level":"info","message":"⌛ Building environment","timeElapsed":295,"timestamp":"2026-08-17T12:26:36.679Z"}
{"level":"info","message":"⌛ Validating pepita.wlk","timeElapsed":561,"timestamp":"2026-08-17T12:26:37.265Z"}
{"level":"info","message":"⌛ Building environment","timeElapsed":253,"timestamp":"2026-08-17T12:26:37.542Z"}
{"level":"info","message":"⌛ Building environment","timeElapsed":220,"timestamp":"2026-08-17T12:26:37.793Z"}
{"level":"info","message":"⌛ Validating pepita.wlk","timeElapsed":345,"timestamp":"2026-08-17T12:26:38.186Z"}
{"level":"info","message":"⌛ Validating pepita.wlk","timeElapsed":292,"timestamp":"2026-08-17T12:26:38.485Z"}
{"level":"info","message":"⌛ Building environment","timeElapsed":251,"timestamp":"2026-08-17T12:26:38.742Z"}
{"level":"info","message":"⌛ Building environment","timeElapsed":257,"timestamp":"2026-08-17T12:26:39.006Z"}
{"level":"info","message":"⌛ Validating pepita.wlk","timeElapsed":563,"timestamp":"2026-08-17T12:26:39.577Z"}
{"level":"info","message":"⌛ Building environment","timeElapsed":217,"timestamp":"2026-08-17T12:26:39.840Z"}
{"level":"info","message":"⌛ Validating pepita.wlk","timeElapsed":699,"timestamp":"2026-08-17T12:26:40.548Z"}
{"level":"info","message":"⌛ Building environment","timeElapsed":283,"timestamp":"2026-08-17T12:26:40.842Z"}
{"level":"info","message":"⌛ Validating pepita.wlk","timeElapsed":219,"timestamp":"2026-08-17T12:26:41.096Z"}
{"level":"info","message":"⌛ Validating pepita.wlk","timeElapsed":881,"timestamp":"2026-08-17T12:26:42.011Z"}
{"level":"info","message":"⌛ Building environment","timeElapsed":516,"timestamp":"2026-08-17T12:26:42.654Z"}
{"level":"info","message":"⌛ Validating pepita.wlk","timeElapsed":373,"timestamp":"2026-08-17T12:26:43.114Z"}
{"level":"info","message":"⌛ Validating pepita.wlk","timeElapsed":449,"timestamp":"2026-08-17T12:26:43.647Z"}
{"level":"info","message":"⌛ Validating pepita.wlk","timeElapsed":306,"timestamp":"2026-08-17T12:26:43.954Z"}
{"level":"info","message":"⌛ Validating pepita.wlk","timeElapsed":333,"timestamp":"2026-08-17T12:26:44.291Z"}
{"level":"info","message":"⌛ Building environment","timeElapsed":447,"timestamp":"2026-08-17T12:26:44.890Z"}
{"level":"info","message":"⌛ Building environment","timeElapsed":215,"timestamp":"2026-08-17T12:26:45.107Z"}
{"level":"info","message":"⌛ Building environment","timeElapsed":200,"timestamp":"2026-08-17T12:26:45.364Z"}
{"level":"info","message":"⌛ Building environment","timeElapsed":249,"timestamp":"2026-08-17T12:26:45.673Z"}
{"level":"info","message":"⌛ Building environment","timeElapsed":676,"timestamp":"2026-08-17T12:26:46.389Z"}
{"level":"info","message":"⌛ Building environment","timeElapsed":548,"timestamp":"2026-08-17T12:26:47.126Z"}
{"level":"info","message":"⌛ Building environment","timeElapsed":293,"timestamp":"2026-08-17T12:26:47.507Z"}
{"level":"info","message":"⌛ Validating pepita.wlk","timeElapsed":370,"timestamp":"2026-08-17T12:26:48.011Z"}
{"level":"info","message":"⌛ Validating pepita.wlk","timeElapsed":367,"timestamp":"2026-08-17T12:26:48.436Z"}
{"level":"info","message":"⌛ Validating pepita.wlk","timeElapsed":352,"timestamp":"2026-08-17T12:26:48.809Z"}
{"level":"info","message":"⌛ Validating pepita.wlk","timeElapsed":313,"timestamp":"2026-08-17T12:26:49.127Z"}
{"level":"info","message":"⌛ Validating pepita.wlk","timeElapsed":362,"timestamp":"2026-08-17T12:26:49.493Z"}
{"level":"info","message":"⌛ Validating pepita.wlk","timeElapsed":386,"timestamp":"2026-08-17T12:26:49.885Z"}
{"level":"info","message":"⌛ Validating pepita.wlk","timeElapsed":381,"timestamp":"2026-08-17T12:26:50.304Z"}
{"level":"info","message":"⌛ Validating pepita.wlk","timeElapsed":330,"timestamp":"2026-08-17T12:26:50.637Z"}
{"level":"info","message":"⌛ Validating pepita.wlk","timeElapsed":448,"timestamp":"2026-08-17T12:26:51.094Z"}
{"level":"info","message":"⌛ Validating pepita.wlk","timeElapsed":338,"timestamp":"2026-08-17T12:26:51.447Z"}
{"level":"info","message":"⌛ Validating pepita.wlk","timeElapsed":389,"timestamp":"2026-08-17T12:26:51.846Z"}
{"level":"info","message":"⌛ Validating pepita.wlk","timeElapsed":274,"timestamp":"2026-08-17T12:26:52.161Z"}
{"level":"info","message":"⌛ Validating pepita.wlk","timeElapsed":313,"timestamp":"2026-08-17T12:26:52.478Z"}
{"level":"info","message":"⌛ Validating pepita.wlk","timeElapsed":1023,"timestamp":"2026-08-17T12:26:53.514Z"}
{"level":"info","message":"⌛ Validating pepita.wlk","timeElapsed":594,"timestamp":"2026-08-17T12:26:54.113Z"}
{"level":"info","message":"⌛ Validating pepita.wlk","timeElapsed":657,"timestamp":"2026-08-17T12:26:54.967Z"}
{"level":"info","message":"⌛ Building environment","timeElapsed":625,"timestamp":"2026-08-17T12:32:49.249Z"}
{"level":"info","message":"⌛ Building environment","timeElapsed":336,"timestamp":"2026-08-17T12:32:49.586Z"}
{"level":"info","message":"⌛ Building environment","timeElapsed":950,"timestamp":"2026-08-17T12:32:50.541Z"}
{"level":"info","message":"⌛ Validating pepita.wlk","timeElapsed":1506,"timestamp":"2026-08-17T12:32:52.065Z"}
{"level":"info","message":"⌛ Building environment","timeElapsed":622,"timestamp":"2026-08-17T12:32:52.743Z"}
{"level":"info","message":"⌛ Building environment","timeElapsed":443,"timestamp":"2026-08-17T12:32:53.207Z"}
{"level":"info","message":"⌛ Building environment","timeElapsed":665,"timestamp":"2026-08-17T12:32:53.874Z"}
{"level":"info","message":"⌛ Building environment","timeElapsed":390,"timestamp":"2026-08-17T12:32:54.265Z"}
{"level":"info","message":"⌛ Validating pepita.wlk","timeElapsed":1009,"timestamp":"2026-08-17T12:32:55.291Z"}
{"level":"info","message":"⌛ Building environment","timeElapsed":498,"timestamp":"2026-08-17T12:32:56.106Z"}
{"level":"info","message":"⌛ Building environment","timeElapsed":436,"timestamp":"2026-08-17T12:32:56.551Z"}
{"level":"info","message":"⌛ Building environment","timeElapsed":928,"timestamp":"2026-08-17T12:32:57.489Z"}
{"level":"info","message":"⌛ Building environment","timeElapsed":272,"timestamp":"2026-08-17T12:32:57.823Z"}
{"level":"info","message":"⌛ Building environment","timeElapsed":391,"timestamp":"2026-08-17T12:32:58.258Z"}
{"level":"info","message":"⌛ Validating pepita.wlk","timeElapsed":499,"timestamp":"2026-08-17T12:32:58.916Z"}
{"level":"info","message":"⌛ Building environment","timeElapsed":463,"timestamp":"2026-08-17T12:32:59.389Z"}
{"level":"info","message":"⌛ Building environment","timeElapsed":322,"timestamp":"2026-08-17T12:32:59.718Z"}
{"level":"info","message":"⌛ Building environment","timeElapsed":621,"timestamp":"2026-08-17T12:33:00.341Z"}
{"level":"info","message":"⌛ Building environment","timeElapsed":364,"timestamp":"2026-08-17T12:33:00.735Z"}
{"level":"info","message":"⌛ Building environment","timeElapsed":247,"timestamp":"2026-08-17T12:33:00.987Z"}
{"level":"info","message":"⌛ Building environment","timeElapsed":218,"timestamp":"2026-08-17T12:33:01.257Z"}
{"level":"info","message":"⌛ Validating pepita.wlk","timeElapsed":358,"timestamp":"2026-08-17T12:33:01.651Z"}
{"level":"info","message":"⌛ Validating pepita.wlk","timeElapsed":336,"timestamp":"2026-08-17T12:33:01.999Z"}
{"level":"info","message":"⌛ Validating pepita.wlk","timeElapsed":534,"timestamp":"2026-08-17T12:33:02.589Z"}
{"level":"info","message":"⌛ Validating pepita.wlk","timeElapsed":275,"timestamp":"2026-08-17T12:33:02.875Z"}
{"level":"info","message":"⌛ Building environment","timeElapsed":221,"timestamp":"2026-08-17T12:33:03.105Z"}
{"level":"info","message":"⌛ Building environment","timeElapsed":213,"timestamp":"2026-08-17T12:33:03.370Z"}
{"level":"info","message":"⌛ Building environment","timeElapsed":245,"timestamp":"2026-08-17T12:33:03.616Z"}
{"level":"info","message":"⌛ Validating pepita.wlk","timeElapsed":524,"timestamp":"2026-08-17T12:33:04.372Z"}
{"level":"info","message":"⌛ Validating pepita.wlk","timeElapsed":409,"timestamp":"2026-08-17T12:33:04.783Z"}
{"level":"info","message":"⌛ Validating pepita.wlk","timeElapsed":346,"timestamp":"2026-08-17T12:33:05.130Z"}
{"level":"info","message":"⌛ Validating pepita.wlk","timeElapsed":368,"timestamp":"2026-08-17T12:33:05.499Z"}
{"level":"info","message":"⌛ Validating pepita.wlk","timeElapsed":497,"timestamp":"2026-08-17T12:33:05.998Z"}
{"level":"info","message":"⌛ Validating pepita.wlk","timeElapsed":444,"timestamp":"2026-08-17T12:33:06.680Z"}
{"level":"info","message":"⌛ Validating pepita.wlk","timeElapsed":460,"timestamp":"2026-08-17T12:33:07.217Z"}
{"level":"info","message":"⌛ Validating pepita.wlk","timeElapsed":602,"timestamp":"2026-08-17T12:33:07.821Z"}
{"level":"info","message":"⌛ Validating pepita.wlk","timeElapsed":844,"timestamp":"2026-08-17T12:33:08.668Z"}
{"level":"info","message":"⌛ Validating pepita.wlk","timeElapsed":634,"timestamp":"2026-08-17T12:33:09.307Z"}
{"level":"info","message":"⌛ Validating pepita.wlk","timeElapsed":1170,"timestamp":"2026-08-17T12:33:10.486Z"}
{"level":"info","message":"⌛ Validating pepita.wlk","timeElapsed":757,"timestamp":"2026-08-17T12:33:11.258Z"}
{"level":"info","message":"⌛ Validating pepita.wlk","timeElapsed":987,"timestamp":"2026-08-17T12:33:12.249Z"}
{"level":"info","message":"⌛ Validating pepita.wlk","timeElapsed":498,"timestamp":"2026-08-17T12:33:12.750Z"}
{"level":"info","message":"⌛ Building environment","timeElapsed":999,"timestamp":"2026-08-17T12:33:13.770Z"}
{"level":"info","message":"⌛ Building environment","timeElapsed":889,"timestamp":"2026-08-17T12:33:14.720Z"}
{"level":"info","message":"⌛ Building environment","timeElapsed":465,"timestamp":"2026-08-17T12:33:15.191Z"}
{"level":"info","message":"⌛ Building environment","timeElapsed":403,"timestamp":"2026-08-17T12:33:15.621Z"}
{"level":"info","message":"⌛ Building environment","timeElapsed":249,"timestamp":"2026-08-17T12:33:15.876Z"}
{"level":"info","message":"⌛ Building environment","timeElapsed":331,"timestamp":"2026-08-17T12:33:16.309Z"}
{"level":"info","message":"⌛ Building environment","timeElapsed":333,"timestamp":"2026-08-17T12:33:16.672Z"}
{"level":"info","message":"⌛ Building environment","timeElapsed":672,"timestamp":"2026-08-17T12:33:17.404Z"}
{"level":"info","message":"⌛ Building environment","timeElapsed":216,"timestamp":"2026-08-17T12:33:17.668Z"}
{"level":"info","message":"⌛ Building environment","timeElapsed":328,"timestamp":"2026-08-17T12:33:18.075Z"}
{"level":"info","message":"⌛ Building environment","timeElapsed":201,"timestamp":"2026-08-17T12:33:18.392Z"}
{"level":"info","message":"⌛ Building environment","timeElapsed":228,"timestamp":"2026-08-17T12:33:18.666Z"}
{"level":"info","message":"⌛ Building environment","timeElapsed":216,"timestamp":"2026-08-17T12:33:18.975Z"}
{"level":"info","message":"⌛ Building environment","timeElapsed":309,"timestamp":"2026-08-17T12:33:19.334Z"}
{"level":"info","message":"⌛ Building environment","timeElapsed":745,"timestamp":"2026-08-17T12:33:20.120Z"}
{"level":"info","message":"⌛ Building environment","timeElapsed":268,"timestamp":"2026-08-17T12:33:20.437Z"}
{"level":"info","message":"⌛ Building environment","timeElapsed":866,"timestamp":"2026-08-17T12:33:21.392Z"}
{"level":"info","message":"⌛ Building environment","timeElapsed":289,"timestamp":"2026-08-17T12:33:21.691Z"}
{"level":"info","message":"⌛ Building environment","timeElapsed":282,"timestamp":"2026-08-17T12:33:22.018Z"}
{"level":"info","message":"⌛ Building environment","timeElapsed":383,"timestamp":"2026-08-17T12:33:22.404Z"}
{"level":"info","message":"⌛ Building environment","timeElapsed":278,"timestamp":"2026-08-17T12:33:22.686Z"}
{"level":"info","message":"⌛ Validating pepita.wlk","timeElapsed":837,"timestamp":"2026-08-17T12:33:23.606Z"}
{"level":"info","message":"⌛ Validating pepita.wlk","timeElapsed":417,"timestamp":"2026-08-17T12:33:24.024Z"}
{"level":"info","message":"⌛ Validating pepita.wlk","timeElapsed":915,"timestamp":"2026-08-17T12:33:24.940Z"}
{"level":"info","message":"⌛ Validating pepita.wlk","timeElapsed":439,"timestamp":"2026-08-17T12:33:25.388Z"}
{"level":"info","message":"⌛ Validating pepita.wlk","timeElapsed":557,"timestamp":"2026-08-17T12:33:26.016Z"}
{"level":"info","message":"⌛ Validating pepita.wlk","timeElapsed":465,"timestamp":"2026-08-17T12:33:26.490Z"}
{"level":"info","message":"⌛ Validating pepita.wlk","timeElapsed":369,"timestamp":"2026-08-17T12:33:26.868Z"}
{"level":"info","message":"⌛ Validating pepita.wlk","timeElapsed":1074,"timestamp":"2026-08-17T12:33:27.948Z"}
{"level":"info","message":"⌛ Validating pepita.wlk","timeElapsed":321,"timestamp":"2026-08-17T12:33:28.272Z"}
{"level":"info","message":"⌛ Validating pepita.wlk","timeElapsed":218,"timestamp":"2026-08-17T12:33:28.496Z"}
{"level":"info","message":"⌛ Validating pepita.wlk","timeElapsed":348,"timestamp":"2026-08-17T12:33:28.850Z"}
{"level":"info","message":"⌛ Validating pepita.wlk","timeElapsed":342,"timestamp":"2026-08-17T12:33:29.199Z"}
{"level":"info","message":"⌛ Validating pepita.wlk","timeElapsed":361,"timestamp":"2026-08-17T12:33:29.564Z"}
{"level":"info","message":"⌛ Validating pepita.wlk","timeElapsed":338,"timestamp":"2026-08-17T12:33:29.912Z"}
{"level":"info","message":"⌛ Validating pepita.wlk","timeElapsed":245,"timestamp":"2026-08-17T12:33:30.162Z"}
{"level":"info","message":"⌛ Validating pepita.wlk","timeElapsed":324,"timestamp":"2026-08-17T12:33:30.492Z"}
{"level":"info","message":"⌛ Validating pepita.wlk","timeElapsed":321,"timestamp":"2026-08-17T12:33:30.827Z"}
{"level":"info","message":"⌛ Validating pepita.wlk","timeElapsed":217,"timestamp":"2026-08-17T12:33:31.049Z"}
{"level":"info","message":"⌛ Validating pepita.wlk","timeElapsed":365,"timestamp":"2026-08-17T12:33:31.421Z"}
{"level":"info","message":"⌛ Validating pepita.wlk","timeElapsed":247,"timestamp":"2026-08-17T12:33:31.674Z"}
{"level":"info","message":"⌛ Validating pepita.wlk","timeElapsed":380,"timestamp":"2026-08-17T12:33:32.059Z"}
{"level":"error","message":"✘ Failed to rebuild document Failed to parse pepita.wlk: \n-- PARSING FAILED --------------------------------------------------\n\n   99 |  }\n  100 | \n> 101 | method {\n      |        ^\n  102 | \n  103 | \n\nExpected one of the following: \n\n'!=', '!==', '%', '&&', '*', '**', '+', '-', '->', '..', '..<', '/', '<', '<<', '<<<', '<=', '<=>', '<>', '==', '===', '>', '>..', '>=', '>>', '>>>', '?:', 'and', 'invert', 'negate', 'or', 'plus', '||', identifier, whitespace\n","stack":"Error: Failed to parse pepita.wlk: \n-- PARSING FAILED --------------------------------------------------\n\n   99 |  }\n  100 | \n> 101 | method {\n      |        ^\n  102 | \n  103 | \n\nExpected one of the following: \n\n'!=', '!==', '%', '&&', '*', '**', '+', '-', '->', '..', '..<', '/', '<', '<<', '<<<', '<=', '<=>', '<>', '==', '===', '>', '>..', '>=', '>>', '>>>', '?:', 'and', 'invert', 'negate', 'or', 'plus', '||', identifier, whitespace\n\n    at c:\\Users\\lukas\\.vscode\\extensions\\uqbar.wollok-lsp-ide-0.5.4\\out\\server\\src\\server.js:2353:13026\n    at Array.map (<anonymous>)\n    at U1n (c:\\Users\\lukas\\.vscode\\extensions\\uqbar.wollok-lsp-ide-0.5.4\\out\\server\\src\\server.js:2353:12950)\n    at H2.buildEnvironmentFrom (c:\\Users\\lukas\\.vscode\\extensions\\uqbar.wollok-lsp-ide-0.5.4\\out\\server\\src\\server.js:2398:5254)\n    at H2.updateEnvironmentWith (c:\\Users\\lukas\\.vscode\\extensions\\uqbar.wollok-lsp-ide-0.5.4\\out\\server\\src\\server.js:2398:4989)\n    at GF (c:\\Users\\lukas\\.vscode\\extensions\\uqbar.wollok-lsp-ide-0.5.4\\out\\server\\src\\server.js:2398:7383)\n    at V3.invoke (c:\\Users\\lukas\\.vscode\\extensions\\uqbar.wollok-lsp-ide-0.5.4\\out\\server\\src\\server.js:3:157328)\n    at o.fire (c:\\Users\\lukas\\.vscode\\extensions\\uqbar.wollok-lsp-ide-0.5.4\\out\\server\\src\\server.js:3:158098)\n    at c:\\Users\\lukas\\.vscode\\extensions\\uqbar.wollok-lsp-ide-0.5.4\\out\\server\\src\\server.js:37:57871\n    at nd (c:\\Users\\lukas\\.vscode\\extensions\\uqbar.wollok-lsp-ide-0.5.4\\out\\server\\src\\server.js:8:1561)","timestamp":"2026-08-17T12:34:12.434Z"}
{"level":"error","message":"✘ Failed to rebuild document Failed to parse pepita.wlk: \n-- PARSING FAILED --------------------------------------------------\n\n  103 | \n  104 | \n> 105 | }\n      | ^\n  106 | \n  107 | }\n\nExpected one of the following: \n\n'!=', '!==', '%', '&&', '*', '**', '+', '-', '->', '..', '..<', '/', '<', '<<', '<<<', '<=', '<=>', '<>', '==', '===', '>', '>..', '>=', '>>', '>>>', '?:', 'and', 'invert', 'negate', 'or', 'plus', '||', identifier, whitespace\n","stack":"Error: Failed to parse pepita.wlk: \n-- PARSING FAILED --------------------------------------------------\n\n  103 | \n  104 | \n> 105 | }\n      | ^\n  106 | \n  107 | }\n\nExpected one of the following: \n\n'!=', '!==', '%', '&&', '*', '**', '+', '-', '->', '..', '..<', '/', '<', '<<', '<<<', '<=', '<=>', '<>', '==', '===', '>', '>..', '>=', '>>', '>>>', '?:', 'and', 'invert', 'negate', 'or', 'plus', '||', identifier, whitespace\n\n    at c:\\Users\\lukas\\.vscode\\extensions\\uqbar.wollok-lsp-ide-0.5.4\\out\\server\\src\\server.js:2353:13026\n    at Array.map (<anonymous>)\n    at U1n (c:\\Users\\lukas\\.vscode\\extensions\\uqbar.wollok-lsp-ide-0.5.4\\out\\server\\src\\server.js:2353:12950)\n    at H2.buildEnvironmentFrom (c:\\Users\\lukas\\.vscode\\extensions\\uqbar.wollok-lsp-ide-0.5.4\\out\\server\\src\\server.js:2398:5254)\n    at H2.updateEnvironmentWith (c:\\Users\\lukas\\.vscode\\extensions\\uqbar.wollok-lsp-ide-0.5.4\\out\\server\\src\\server.js:2398:4989)\n    at GF (c:\\Users\\lukas\\.vscode\\extensions\\uqbar.wollok-lsp-ide-0.5.4\\out\\server\\src\\server.js:2398:7383)\n    at V3.invoke (c:\\Users\\lukas\\.vscode\\extensions\\uqbar.wollok-lsp-ide-0.5.4\\out\\server\\src\\server.js:3:157328)\n    at o.fire (c:\\Users\\lukas\\.vscode\\extensions\\uqbar.wollok-lsp-ide-0.5.4\\out\\server\\src\\server.js:3:158098)\n    at c:\\Users\\lukas\\.vscode\\extensions\\uqbar.wollok-lsp-ide-0.5.4\\out\\server\\src\\server.js:37:57871\n    at nd (c:\\Users\\lukas\\.vscode\\extensions\\uqbar.wollok-lsp-ide-0.5.4\\out\\server\\src\\server.js:8:1561)","timestamp":"2026-08-17T12:34:12.518Z"}
{"level":"error","message":"✘ Failed to rebuild document Failed to parse pepita.wlk: \n-- PARSING FAILED --------------------------------------------------\n\n  102 | \n  103 | \n> 104 | }\n      | ^\n  105 | \n  106 | }\n\nExpected one of the following: \n\n'!=', '!==', '%', '&&', '*', '**', '+', '-', '->', '..', '..<', '/', '<', '<<', '<<<', '<=', '<=>', '<>', '==', '===', '>', '>..', '>=', '>>', '>>>', '?:', 'and', 'invert', 'negate', 'or', 'plus', '||', identifier, whitespace\n","stack":"Error: Failed to parse pepita.wlk: \n-- PARSING FAILED --------------------------------------------------\n\n  102 | \n  103 | \n> 104 | }\n      | ^\n  105 | \n  106 | }\n\nExpected one of the following: \n\n'!=', '!==', '%', '&&', '*', '**', '+', '-', '->', '..', '..<', '/', '<', '<<', '<<<', '<=', '<=>', '<>', '==', '===', '>', '>..', '>=', '>>', '>>>', '?:', 'and', 'invert', 'negate', 'or', 'plus', '||', identifier, whitespace\n\n    at c:\\Users\\lukas\\.vscode\\extensions\\uqbar.wollok-lsp-ide-0.5.4\\out\\server\\src\\server.js:2353:13026\n    at Array.map (<anonymous>)\n    at U1n (c:\\Users\\lukas\\.vscode\\extensions\\uqbar.wollok-lsp-ide-0.5.4\\out\\server\\src\\server.js:2353:12950)\n    at H2.buildEnvironmentFrom (c:\\Users\\lukas\\.vscode\\extensions\\uqbar.wollok-lsp-ide-0.5.4\\out\\server\\src\\server.js:2398:5254)\n    at H2.updateEnvironmentWith (c:\\Users\\lukas\\.vscode\\extensions\\uqbar.wollok-lsp-ide-0.5.4\\out\\server\\src\\server.js:2398:4989)\n    at GF (c:\\Users\\lukas\\.vscode\\extensions\\uqbar.wollok-lsp-ide-0.5.4\\out\\server\\src\\server.js:2398:7383)\n    at V3.invoke (c:\\Users\\lukas\\.vscode\\extensions\\uqbar.wollok-lsp-ide-0.5.4\\out\\server\\src\\server.js:3:157328)\n    at o.fire (c:\\Users\\lukas\\.vscode\\extensions\\uqbar.wollok-lsp-ide-0.5.4\\out\\server\\src\\server.js:3:158098)\n    at c:\\Users\\lukas\\.vscode\\extensions\\uqbar.wollok-lsp-ide-0.5.4\\out\\server\\src\\server.js:37:57871\n    at nd (c:\\Users\\lukas\\.vscode\\extensions\\uqbar.wollok-lsp-ide-0.5.4\\out\\server\\src\\server.js:8:1561)","timestamp":"2026-08-17T12:34:12.703Z"}
{"level":"error","message":"✘ Failed to rebuild document Failed to parse pepita.wlk: \n-- PARSING FAILED --------------------------------------------------\n\n  101 | method \n  102 | \n> 103 | }\n      | ^\n  104 | \n  105 | }\n\nExpected one of the following: \n\n'!=', '!==', '%', '&&', '*', '**', '+', '-', '->', '..', '..<', '/', '<', '<<', '<<<', '<=', '<=>', '<>', '==', '===', '>', '>..', '>=', '>>', '>>>', '?:', 'and', 'invert', 'negate', 'or', 'plus', '||', identifier, whitespace\n","stack":"Error: Failed to parse pepita.wlk: \n-- PARSING FAILED --------------------------------------------------\n\n  101 | method \n  102 | \n> 103 | }\n      | ^\n  104 | \n  105 | }\n\nExpected one of the following: \n\n'!=', '!==', '%', '&&', '*', '**', '+', '-', '->', '..', '..<', '/', '<', '<<', '<<<', '<=', '<=>', '<>', '==', '===', '>', '>..', '>=', '>>', '>>>', '?:', 'and', 'invert', 'negate', 'or', 'plus', '||', identifier, whitespace\n\n    at c:\\Users\\lukas\\.vscode\\extensions\\uqbar.wollok-lsp-ide-0.5.4\\out\\server\\src\\server.js:2353:13026\n    at Array.map (<anonymous>)\n    at U1n (c:\\Users\\lukas\\.vscode\\extensions\\uqbar.wollok-lsp-ide-0.5.4\\out\\server\\src\\server.js:2353:12950)\n    at H2.buildEnvironmentFrom (c:\\Users\\lukas\\.vscode\\extensions\\uqbar.wollok-lsp-ide-0.5.4\\out\\server\\src\\server.js:2398:5254)\n    at H2.updateEnvironmentWith (c:\\Users\\lukas\\.vscode\\extensions\\uqbar.wollok-lsp-ide-0.5.4\\out\\server\\src\\server.js:2398:4989)\n    at GF (c:\\Users\\lukas\\.vscode\\extensions\\uqbar.wollok-lsp-ide-0.5.4\\out\\server\\src\\server.js:2398:7383)\n    at V3.invoke (c:\\Users\\lukas\\.vscode\\extensions\\uqbar.wollok-lsp-ide-0.5.4\\out\\server\\src\\server.js:3:157328)\n    at o.fire (c:\\Users\\lukas\\.vscode\\extensions\\uqbar.wollok-lsp-ide-0.5.4\\out\\server\\src\\server.js:3:158098)\n    at c:\\Users\\lukas\\.vscode\\extensions\\uqbar.wollok-lsp-ide-0.5.4\\out\\server\\src\\server.js:37:57871\n    at nd (c:\\Users\\lukas\\.vscode\\extensions\\uqbar.wollok-lsp-ide-0.5.4\\out\\server\\src\\server.js:8:1561)","timestamp":"2026-08-17T12:34:13.361Z"}
{"level":"error","message":"✘ Failed to rebuild document Failed to parse pepita.wlk: \n-- PARSING FAILED --------------------------------------------------\n\n  100 | \n  101 | method \n> 102 | }\n      | ^\n  103 | \n  104 | }\n\nExpected one of the following: \n\n'!=', '!==', '%', '&&', '*', '**', '+', '-', '->', '..', '..<', '/', '<', '<<', '<<<', '<=', '<=>', '<>', '==', '===', '>', '>..', '>=', '>>', '>>>', '?:', 'and', 'invert', 'negate', 'or', 'plus', '||', identifier, whitespace\n","stack":"Error: Failed to parse pepita.wlk: \n-- PARSING FAILED --------------------------------------------------\n\n  100 | \n  101 | method \n> 102 | }\n      | ^\n  103 | \n  104 | }\n\nExpected one of the following: \n\n'!=', '!==', '%', '&&', '*', '**', '+', '-', '->', '..', '..<', '/', '<', '<<', '<<<', '<=', '<=>', '<>', '==', '===', '>', '>..', '>=', '>>', '>>>', '?:', 'and', 'invert', 'negate', 'or', 'plus', '||', identifier, whitespace\n\n    at c:\\Users\\lukas\\.vscode\\extensions\\uqbar.wollok-lsp-ide-0.5.4\\out\\server\\src\\server.js:2353:13026\n    at Array.map (<anonymous>)\n    at U1n (c:\\Users\\lukas\\.vscode\\extensions\\uqbar.wollok-lsp-ide-0.5.4\\out\\server\\src\\server.js:2353:12950)\n    at H2.buildEnvironmentFrom (c:\\Users\\lukas\\.vscode\\extensions\\uqbar.wollok-lsp-ide-0.5.4\\out\\server\\src\\server.js:2398:5254)\n    at H2.updateEnvironmentWith (c:\\Users\\lukas\\.vscode\\extensions\\uqbar.wollok-lsp-ide-0.5.4\\out\\server\\src\\server.js:2398:4989)\n    at GF (c:\\Users\\lukas\\.vscode\\extensions\\uqbar.wollok-lsp-ide-0.5.4\\out\\server\\src\\server.js:2398:7383)\n    at V3.invoke (c:\\Users\\lukas\\.vscode\\extensions\\uqbar.wollok-lsp-ide-0.5.4\\out\\server\\src\\server.js:3:157328)\n    at o.fire (c:\\Users\\lukas\\.vscode\\extensions\\uqbar.wollok-lsp-ide-0.5.4\\out\\server\\src\\server.js:3:158098)\n    at c:\\Users\\lukas\\.vscode\\extensions\\uqbar.wollok-lsp-ide-0.5.4\\out\\server\\src\\server.js:37:57871\n    at nd (c:\\Users\\lukas\\.vscode\\extensions\\uqbar.wollok-lsp-ide-0.5.4\\out\\server\\src\\server.js:8:1561)","timestamp":"2026-08-17T12:34:13.793Z"}
{"level":"error","message":"✘ Failed to rebuild document Failed to parse pepita.wlk: \n-- PARSING FAILED --------------------------------------------------\n\n   99 |  }\n  100 | \n> 101 | method }\n      |        ^\n  102 | \n  103 | }\n\nExpected one of the following: \n\n'!=', '!==', '%', '&&', '*', '**', '+', '-', '->', '..', '..<', '/', '<', '<<', '<<<', '<=', '<=>', '<>', '==', '===', '>', '>..', '>=', '>>', '>>>', '?:', 'and', 'invert', 'negate', 'or', 'plus', '||', identifier, whitespace\n","stack":"Error: Failed to parse pepita.wlk: \n-- PARSING FAILED --------------------------------------------------\n\n   99 |  }\n  100 | \n> 101 | method }\n      |        ^\n  102 | \n  103 | }\n\nExpected one of the following: \n\n'!=', '!==', '%', '&&', '*', '**', '+', '-', '->', '..', '..<', '/', '<', '<<', '<<<', '<=', '<=>', '<>', '==', '===', '>', '>..', '>=', '>>', '>>>', '?:', 'and', 'invert', 'negate', 'or', 'plus', '||', identifier, whitespace\n\n    at c:\\Users\\lukas\\.vscode\\extensions\\uqbar.wollok-lsp-ide-0.5.4\\out\\server\\src\\server.js:2353:13026\n    at Array.map (<anonymous>)\n    at U1n (c:\\Users\\lukas\\.vscode\\extensions\\uqbar.wollok-lsp-ide-0.5.4\\out\\server\\src\\server.js:2353:12950)\n    at H2.buildEnvironmentFrom (c:\\Users\\lukas\\.vscode\\extensions\\uqbar.wollok-lsp-ide-0.5.4\\out\\server\\src\\server.js:2398:5254)\n    at H2.updateEnvironmentWith (c:\\Users\\lukas\\.vscode\\extensions\\uqbar.wollok-lsp-ide-0.5.4\\out\\server\\src\\server.js:2398:4989)\n    at GF (c:\\Users\\lukas\\.vscode\\extensions\\uqbar.wollok-lsp-ide-0.5.4\\out\\server\\src\\server.js:2398:7383)\n    at V3.invoke (c:\\Users\\lukas\\.vscode\\extensions\\uqbar.wollok-lsp-ide-0.5.4\\out\\server\\src\\server.js:3:157328)\n    at o.fire (c:\\Users\\lukas\\.vscode\\extensions\\uqbar.wollok-lsp-ide-0.5.4\\out\\server\\src\\server.js:3:158098)\n    at c:\\Users\\lukas\\.vscode\\extensions\\uqbar.wollok-lsp-ide-0.5.4\\out\\server\\src\\server.js:37:57871\n    at nd (c:\\Users\\lukas\\.vscode\\extensions\\uqbar.wollok-lsp-ide-0.5.4\\out\\server\\src\\server.js:8:1561)","timestamp":"2026-08-17T12:34:14.028Z"}
{"level":"error","message":"✘ Failed to rebuild document Failed to parse pepita.wlk: \n-- PARSING FAILED --------------------------------------------------\n\n  101 | method \n  102 | \n> 103 | }\n      | ^\n  104 | \n  105 | \n\nExpected one of the following: \n\n'!=', '!==', '%', '&&', '*', '**', '+', '-', '->', '..', '..<', '/', '<', '<<', '<<<', '<=', '<=>', '<>', '==', '===', '>', '>..', '>=', '>>', '>>>', '?:', 'and', 'invert', 'negate', 'or', 'plus', '||', identifier, whitespace\n","stack":"Error: Failed to parse pepita.wlk: \n-- PARSING FAILED --------------------------------------------------\n\n  101 | method \n  102 | \n> 103 | }\n      | ^\n  104 | \n  105 | \n\nExpected one of the following: \n\n'!=', '!==', '%', '&&', '*', '**', '+', '-', '->', '..', '..<', '/', '<', '<<', '<<<', '<=', '<=>', '<>', '==', '===', '>', '>..', '>=', '>>', '>>>', '?:', 'and', 'invert', 'negate', 'or', 'plus', '||', identifier, whitespace\n\n    at c:\\Users\\lukas\\.vscode\\extensions\\uqbar.wollok-lsp-ide-0.5.4\\out\\server\\src\\server.js:2353:13026\n    at Array.map (<anonymous>)\n    at U1n (c:\\Users\\lukas\\.vscode\\extensions\\uqbar.wollok-lsp-ide-0.5.4\\out\\server\\src\\server.js:2353:12950)\n    at H2.buildEnvironmentFrom (c:\\Users\\lukas\\.vscode\\extensions\\uqbar.wollok-lsp-ide-0.5.4\\out\\server\\src\\server.js:2398:5254)\n    at H2.updateEnvironmentWith (c:\\Users\\lukas\\.vscode\\extensions\\uqbar.wollok-lsp-ide-0.5.4\\out\\server\\src\\server.js:2398:4989)\n    at GF (c:\\Users\\lukas\\.vscode\\extensions\\uqbar.wollok-lsp-ide-0.5.4\\out\\server\\src\\server.js:2398:7383)\n    at V3.invoke (c:\\Users\\lukas\\.vscode\\extensions\\uqbar.wollok-lsp-ide-0.5.4\\out\\server\\src\\server.js:3:157328)\n    at o.fire (c:\\Users\\lukas\\.vscode\\extensions\\uqbar.wollok-lsp-ide-0.5.4\\out\\server\\src\\server.js:3:158098)\n    at c:\\Users\\lukas\\.vscode\\extensions\\uqbar.wollok-lsp-ide-0.5.4\\out\\server\\src\\server.js:37:57871\n    at nd (c:\\Users\\lukas\\.vscode\\extensions\\uqbar.wollok-lsp-ide-0.5.4\\out\\server\\src\\server.js:8:1561)","timestamp":"2026-08-17T12:34:14.478Z"}
{"level":"error","message":"✘ Failed to rebuild document Failed to parse pepita.wlk: \n-- PARSING FAILED --------------------------------------------------\n\n  100 | \n  101 | method \n> 102 | }\n      | ^\n  103 | \n  104 | \n\nExpected one of the following: \n\n'!=', '!==', '%', '&&', '*', '**', '+', '-', '->', '..', '..<', '/', '<', '<<', '<<<', '<=', '<=>', '<>', '==', '===', '>', '>..', '>=', '>>', '>>>', '?:', 'and', 'invert', 'negate', 'or', 'plus', '||', identifier, whitespace\n","stack":"Error: Failed to parse pepita.wlk: \n-- PARSING FAILED --------------------------------------------------\n\n  100 | \n  101 | method \n> 102 | }\n      | ^\n  103 | \n  104 | \n\nExpected one of the following: \n\n'!=', '!==', '%', '&&', '*', '**', '+', '-', '->', '..', '..<', '/', '<', '<<', '<<<', '<=', '<=>', '<>', '==', '===', '>', '>..', '>=', '>>', '>>>', '?:', 'and', 'invert', 'negate', 'or', 'plus', '||', identifier, whitespace\n\n    at c:\\Users\\lukas\\.vscode\\extensions\\uqbar.wollok-lsp-ide-0.5.4\\out\\server\\src\\server.js:2353:13026\n    at Array.map (<anonymous>)\n    at U1n (c:\\Users\\lukas\\.vscode\\extensions\\uqbar.wollok-lsp-ide-0.5.4\\out\\server\\src\\server.js:2353:12950)\n    at H2.buildEnvironmentFrom (c:\\Users\\lukas\\.vscode\\extensions\\uqbar.wollok-lsp-ide-0.5.4\\out\\server\\src\\server.js:2398:5254)\n    at H2.updateEnvironmentWith (c:\\Users\\lukas\\.vscode\\extensions\\uqbar.wollok-lsp-ide-0.5.4\\out\\server\\src\\server.js:2398:4989)\n    at GF (c:\\Users\\lukas\\.vscode\\extensions\\uqbar.wollok-lsp-ide-0.5.4\\out\\server\\src\\server.js:2398:7383)\n    at V3.invoke (c:\\Users\\lukas\\.vscode\\extensions\\uqbar.wollok-lsp-ide-0.5.4\\out\\server\\src\\server.js:3:157328)\n    at o.fire (c:\\Users\\lukas\\.vscode\\extensions\\uqbar.wollok-lsp-ide-0.5.4\\out\\server\\src\\server.js:3:158098)\n    at c:\\Users\\lukas\\.vscode\\extensions\\uqbar.wollok-lsp-ide-0.5.4\\out\\server\\src\\server.js:37:57871\n    at nd (c:\\Users\\lukas\\.vscode\\extensions\\uqbar.wollok-lsp-ide-0.5.4\\out\\server\\src\\server.js:8:1561)","timestamp":"2026-08-17T12:34:14.656Z"}
{"level":"error","message":"✘ Failed to rebuild document Failed to parse pepita.wlk: \n-- PARSING FAILED --------------------------------------------------\n\n   99 |  }\n  100 | \n> 101 | method }\n      |        ^\n  102 | \n  103 | \n\nExpected one of the following: \n\n'!=', '!==', '%', '&&', '*', '**', '+', '-', '->', '..', '..<', '/', '<', '<<', '<<<', '<=', '<=>', '<>', '==', '===', '>', '>..', '>=', '>>', '>>>', '?:', 'and', 'invert', 'negate', 'or', 'plus', '||', identifier, whitespace\n","stack":"Error: Failed to parse pepita.wlk: \n-- PARSING FAILED --------------------------------------------------\n\n   99 |  }\n  100 | \n> 101 | method }\n      |        ^\n  102 | \n  103 | \n\nExpected one of the following: \n\n'!=', '!==', '%', '&&', '*', '**', '+', '-', '->', '..', '..<', '/', '<', '<<', '<<<', '<=', '<=>', '<>', '==', '===', '>', '>..', '>=', '>>', '>>>', '?:', 'and', 'invert', 'negate', 'or', 'plus', '||', identifier, whitespace\n\n    at c:\\Users\\lukas\\.vscode\\extensions\\uqbar.wollok-lsp-ide-0.5.4\\out\\server\\src\\server.js:2353:13026\n    at Array.map (<anonymous>)\n    at U1n (c:\\Users\\lukas\\.vscode\\extensions\\uqbar.wollok-lsp-ide-0.5.4\\out\\server\\src\\server.js:2353:12950)\n    at H2.buildEnvironmentFrom (c:\\Users\\lukas\\.vscode\\extensions\\uqbar.wollok-lsp-ide-0.5.4\\out\\server\\src\\server.js:2398:5254)\n    at H2.updateEnvironmentWith (c:\\Users\\lukas\\.vscode\\extensions\\uqbar.wollok-lsp-ide-0.5.4\\out\\server\\src\\server.js:2398:4989)\n    at GF (c:\\Users\\lukas\\.vscode\\extensions\\uqbar.wollok-lsp-ide-0.5.4\\out\\server\\src\\server.js:2398:7383)\n    at V3.invoke (c:\\Users\\lukas\\.vscode\\extensions\\uqbar.wollok-lsp-ide-0.5.4\\out\\server\\src\\server.js:3:157328)\n    at o.fire (c:\\Users\\lukas\\.vscode\\extensions\\uqbar.wollok-lsp-ide-0.5.4\\out\\server\\src\\server.js:3:158098)\n    at c:\\Users\\lukas\\.vscode\\extensions\\uqbar.wollok-lsp-ide-0.5.4\\out\\server\\src\\server.js:37:57871\n    at nd (c:\\Users\\lukas\\.vscode\\extensions\\uqbar.wollok-lsp-ide-0.5.4\\out\\server\\src\\server.js:8:1561)","timestamp":"2026-08-17T12:34:14.797Z"}
{"level":"error","message":"✘ Failed to rebuild document Failed to parse pepita.wlk: \n-- PARSING FAILED --------------------------------------------------\n\nGot the end of the input\n\nExpected one of the following: \n\n'!=', '!==', '%', '&&', '*', '**', '+', '-', '->', '..', '..<', '/', '<', '<<', '<<<', '<=', '<=>', '<>', '==', '===', '>', '>..', '>=', '>>', '>>>', '?:', 'and', 'invert', 'negate', 'or', 'plus', '||', identifier, whitespace\n","stack":"Error: Failed to parse pepita.wlk: \n-- PARSING FAILED --------------------------------------------------\n\nGot the end of the input\n\nExpected one of the following: \n\n'!=', '!==', '%', '&&', '*', '**', '+', '-', '->', '..', '..<', '/', '<', '<<', '<<<', '<=', '<=>', '<>', '==', '===', '>', '>..', '>=', '>>', '>>>', '?:', 'and', 'invert', 'negate', 'or', 'plus', '||', identifier, whitespace\n\n    at c:\\Users\\lukas\\.vscode\\extensions\\uqbar.wollok-lsp-ide-0.5.4\\out\\server\\src\\server.js:2353:13026\n    at Array.map (<anonymous>)\n    at U1n (c:\\Users\\lukas\\.vscode\\extensions\\uqbar.wollok-lsp-ide-0.5.4\\out\\server\\src\\server.js:2353:12950)\n    at H2.buildEnvironmentFrom (c:\\Users\\lukas\\.vscode\\extensions\\uqbar.wollok-lsp-ide-0.5.4\\out\\server\\src\\server.js:2398:5254)\n    at H2.updateEnvironmentWith (c:\\Users\\lukas\\.vscode\\extensions\\uqbar.wollok-lsp-ide-0.5.4\\out\\server\\src\\server.js:2398:4989)\n    at GF (c:\\Users\\lukas\\.vscode\\extensions\\uqbar.wollok-lsp-ide-0.5.4\\out\\server\\src\\server.js:2398:7383)\n    at V3.invoke (c:\\Users\\lukas\\.vscode\\extensions\\uqbar.wollok-lsp-ide-0.5.4\\out\\server\\src\\server.js:3:157328)\n    at o.fire (c:\\Users\\lukas\\.vscode\\extensions\\uqbar.wollok-lsp-ide-0.5.4\\out\\server\\src\\server.js:3:158098)\n    at c:\\Users\\lukas\\.vscode\\extensions\\uqbar.wollok-lsp-ide-0.5.4\\out\\server\\src\\server.js:37:57871\n    at nd (c:\\Users\\lukas\\.vscode\\extensions\\uqbar.wollok-lsp-ide-0.5.4\\out\\server\\src\\server.js:8:1561)","timestamp":"2026-08-17T12:34:15.077Z"}
{"level":"error","message":"✘ Failed to rebuild document Failed to parse pepita.wlk: \n-- PARSING FAILED --------------------------------------------------\n\nGot the end of the input\n\nExpected one of the following: \n\n'!=', '!==', '%', '&&', '*', '**', '+', '-', '->', '..', '..<', '/', '<', '<<', '<<<', '<=', '<=>', '<>', '==', '===', '>', '>..', '>=', '>>', '>>>', '?:', 'and', 'invert', 'negate', 'or', 'plus', '||', identifier, whitespace\n","stack":"Error: Failed to parse pepita.wlk: \n-- PARSING FAILED --------------------------------------------------\n\nGot the end of the input\n\nExpected one of the following: \n\n'!=', '!==', '%', '&&', '*', '**', '+', '-', '->', '..', '..<', '/', '<', '<<', '<<<', '<=', '<=>', '<>', '==', '===', '>', '>..', '>=', '>>', '>>>', '?:', 'and', 'invert', 'negate', 'or', 'plus', '||', identifier, whitespace\n\n    at c:\\Users\\lukas\\.vscode\\extensions\\uqbar.wollok-lsp-ide-0.5.4\\out\\server\\src\\server.js:2353:13026\n    at Array.map (<anonymous>)\n    at U1n (c:\\Users\\lukas\\.vscode\\extensions\\uqbar.wollok-lsp-ide-0.5.4\\out\\server\\src\\server.js:2353:12950)\n    at H2.buildEnvironmentFrom (c:\\Users\\lukas\\.vscode\\extensions\\uqbar.wollok-lsp-ide-0.5.4\\out\\server\\src\\server.js:2398:5254)\n    at H2.updateEnvironmentWith (c:\\Users\\lukas\\.vscode\\extensions\\uqbar.wollok-lsp-ide-0.5.4\\out\\server\\src\\server.js:2398:4989)\n    at GF (c:\\Users\\lukas\\.vscode\\extensions\\uqbar.wollok-lsp-ide-0.5.4\\out\\server\\src\\server.js:2398:7383)\n    at V3.invoke (c:\\Users\\lukas\\.vscode\\extensions\\uqbar.wollok-lsp-ide-0.5.4\\out\\server\\src\\server.js:3:157328)\n    at o.fire (c:\\Users\\lukas\\.vscode\\extensions\\uqbar.wollok-lsp-ide-0.5.4\\out\\server\\src\\server.js:3:158098)\n    at c:\\Users\\lukas\\.vscode\\extensions\\uqbar.wollok-lsp-ide-0.5.4\\out\\server\\src\\server.js:37:57871\n    at nd (c:\\Users\\lukas\\.vscode\\extensions\\uqbar.wollok-lsp-ide-0.5.4\\out\\server\\src\\server.js:8:1561)","timestamp":"2026-08-17T12:34:15.951Z"}
{"level":"error","message":"✘ Failed to rebuild document Failed to parse pepita.wlk: \n-- PARSING FAILED --------------------------------------------------\n\nGot the end of the input\n\nExpected one of the following: \n\n'@', 'const', 'method', 'override', 'var', '{', '}', any character/byte, comment, whitespace\n","stack":"Error: Failed to parse pepita.wlk: \n-- PARSING FAILED --------------------------------------------------\n\nGot the end of the input\n\nExpected one of the following: \n\n'@', 'const', 'method', 'override', 'var', '{', '}', any character/byte, comment, whitespace\n\n    at c:\\Users\\lukas\\.vscode\\extensions\\uqbar.wollok-lsp-ide-0.5.4\\out\\server\\src\\server.js:2353:13026\n    at Array.map (<anonymous>)\n    at U1n (c:\\Users\\lukas\\.vscode\\extensions\\uqbar.wollok-lsp-ide-0.5.4\\out\\server\\src\\server.js:2353:12950)\n    at H2.buildEnvironmentFrom (c:\\Users\\lukas\\.vscode\\extensions\\uqbar.wollok-lsp-ide-0.5.4\\out\\server\\src\\server.js:2398:5254)\n    at H2.updateEnvironmentWith (c:\\Users\\lukas\\.vscode\\extensions\\uqbar.wollok-lsp-ide-0.5.4\\out\\server\\src\\server.js:2398:4989)\n    at GF (c:\\Users\\lukas\\.vscode\\extensions\\uqbar.wollok-lsp-ide-0.5.4\\out\\server\\src\\server.js:2398:7383)\n    at V3.invoke (c:\\Users\\lukas\\.vscode\\extensions\\uqbar.wollok-lsp-ide-0.5.4\\out\\server\\src\\server.js:3:157328)\n    at o.fire (c:\\Users\\lukas\\.vscode\\extensions\\uqbar.wollok-lsp-ide-0.5.4\\out\\server\\src\\server.js:3:158098)\n    at c:\\Users\\lukas\\.vscode\\extensions\\uqbar.wollok-lsp-ide-0.5.4\\out\\server\\src\\server.js:37:57871\n    at nd (c:\\Users\\lukas\\.vscode\\extensions\\uqbar.wollok-lsp-ide-0.5.4\\out\\server\\src\\server.js:8:1561)","timestamp":"2026-08-17T12:34:16.431Z"}
{"level":"error","message":"✘ Failed to rebuild document Failed to parse pepita.wlk: \n-- PARSING FAILED --------------------------------------------------\n\nGot the end of the input\n\nExpected one of the following: \n\n'@', 'const', 'method', 'override', 'var', '{', '}', any character/byte, comment, whitespace\n","stack":"Error: Failed to parse pepita.wlk: \n-- PARSING FAILED --------------------------------------------------\n\nGot the end of the input\n\nExpected one of the following: \n\n'@', 'const', 'method', 'override', 'var', '{', '}', any character/byte, comment, whitespace\n\n    at c:\\Users\\lukas\\.vscode\\extensions\\uqbar.wollok-lsp-ide-0.5.4\\out\\server\\src\\server.js:2353:13026\n    at Array.map (<anonymous>)\n    at U1n (c:\\Users\\lukas\\.vscode\\extensions\\uqbar.wollok-lsp-ide-0.5.4\\out\\server\\src\\server.js:2353:12950)\n    at H2.buildEnvironmentFrom (c:\\Users\\lukas\\.vscode\\extensions\\uqbar.wollok-lsp-ide-0.5.4\\out\\server\\src\\server.js:2398:5254)\n    at H2.updateEnvironmentWith (c:\\Users\\lukas\\.vscode\\extensions\\uqbar.wollok-lsp-ide-0.5.4\\out\\server\\src\\server.js:2398:4989)\n    at GF (c:\\Users\\lukas\\.vscode\\extensions\\uqbar.wollok-lsp-ide-0.5.4\\out\\server\\src\\server.js:2398:7383)\n    at V3.invoke (c:\\Users\\lukas\\.vscode\\extensions\\uqbar.wollok-lsp-ide-0.5.4\\out\\server\\src\\server.js:3:157328)\n    at o.fire (c:\\Users\\lukas\\.vscode\\extensions\\uqbar.wollok-lsp-ide-0.5.4\\out\\server\\src\\server.js:3:158098)\n    at c:\\Users\\lukas\\.vscode\\extensions\\uqbar.wollok-lsp-ide-0.5.4\\out\\server\\src\\server.js:37:57871\n    at nd (c:\\Users\\lukas\\.vscode\\extensions\\uqbar.wollok-lsp-ide-0.5.4\\out\\server\\src\\server.js:8:1561)","timestamp":"2026-08-17T12:34:16.726Z"}
{"level":"error","message":"✘ Failed to rebuild document Failed to parse pepita.wlk: \n-- PARSING FAILED --------------------------------------------------\n\nGot the end of the input\n\nExpected one of the following: \n\n'@', 'const', 'method', 'override', 'var', '{', '}', any character/byte, comment, whitespace\n","stack":"Error: Failed to parse pepita.wlk: \n-- PARSING FAILED --------------------------------------------------\n\nGot the end of the input\n\nExpected one of the following: \n\n'@', 'const', 'method', 'override', 'var', '{', '}', any character/byte, comment, whitespace\n\n    at c:\\Users\\lukas\\.vscode\\extensions\\uqbar.wollok-lsp-ide-0.5.4\\out\\server\\src\\server.js:2353:13026\n    at Array.map (<anonymous>)\n    at U1n (c:\\Users\\lukas\\.vscode\\extensions\\uqbar.wollok-lsp-ide-0.5.4\\out\\server\\src\\server.js:2353:12950)\n    at H2.buildEnvironmentFrom (c:\\Users\\lukas\\.vscode\\extensions\\uqbar.wollok-lsp-ide-0.5.4\\out\\server\\src\\server.js:2398:5254)\n    at H2.updateEnvironmentWith (c:\\Users\\lukas\\.vscode\\extensions\\uqbar.wollok-lsp-ide-0.5.4\\out\\server\\src\\server.js:2398:4989)\n    at GF (c:\\Users\\lukas\\.vscode\\extensions\\uqbar.wollok-lsp-ide-0.5.4\\out\\server\\src\\server.js:2398:7383)\n    at V3.invoke (c:\\Users\\lukas\\.vscode\\extensions\\uqbar.wollok-lsp-ide-0.5.4\\out\\server\\src\\server.js:3:157328)\n    at o.fire (c:\\Users\\lukas\\.vscode\\extensions\\uqbar.wollok-lsp-ide-0.5.4\\out\\server\\src\\server.js:3:158098)\n    at c:\\Users\\lukas\\.vscode\\extensions\\uqbar.wollok-lsp-ide-0.5.4\\out\\server\\src\\server.js:37:57871\n    at nd (c:\\Users\\lukas\\.vscode\\extensions\\uqbar.wollok-lsp-ide-0.5.4\\out\\server\\src\\server.js:8:1561)","timestamp":"2026-08-17T12:34:16.923Z"}
{"level":"error","message":"✘ Failed to rebuild document Failed to parse pepita.wlk: \n-- PARSING FAILED --------------------------------------------------\n\nGot the end of the input\n\nExpected one of the following: \n\n'@', 'const', 'method', 'override', 'var', '{', '}', any character/byte, comment, whitespace\n","stack":"Error: Failed to parse pepita.wlk: \n-- PARSING FAILED --------------------------------------------------\n\nGot the end of the input\n\nExpected one of the following: \n\n'@', 'const', 'method', 'override', 'var', '{', '}', any character/byte, comment, whitespace\n\n    at c:\\Users\\lukas\\.vscode\\extensions\\uqbar.wollok-lsp-ide-0.5.4\\out\\server\\src\\server.js:2353:13026\n    at Array.map (<anonymous>)\n    at U1n (c:\\Users\\lukas\\.vscode\\extensions\\uqbar.wollok-lsp-ide-0.5.4\\out\\server\\src\\server.js:2353:12950)\n    at H2.buildEnvironmentFrom (c:\\Users\\lukas\\.vscode\\extensions\\uqbar.wollok-lsp-ide-0.5.4\\out\\server\\src\\server.js:2398:5254)\n    at H2.updateEnvironmentWith (c:\\Users\\lukas\\.vscode\\extensions\\uqbar.wollok-lsp-ide-0.5.4\\out\\server\\src\\server.js:2398:4989)\n    at GF (c:\\Users\\lukas\\.vscode\\extensions\\uqbar.wollok-lsp-ide-0.5.4\\out\\server\\src\\server.js:2398:7383)\n    at V3.invoke (c:\\Users\\lukas\\.vscode\\extensions\\uqbar.wollok-lsp-ide-0.5.4\\out\\server\\src\\server.js:3:157328)\n    at o.fire (c:\\Users\\lukas\\.vscode\\extensions\\uqbar.wollok-lsp-ide-0.5.4\\out\\server\\src\\server.js:3:158098)\n    at c:\\Users\\lukas\\.vscode\\extensions\\uqbar.wollok-lsp-ide-0.5.4\\out\\server\\src\\server.js:37:57871\n    at nd (c:\\Users\\lukas\\.vscode\\extensions\\uqbar.wollok-lsp-ide-0.5.4\\out\\server\\src\\server.js:8:1561)","timestamp":"2026-08-17T12:34:17.103Z"}
{"level":"error","message":"✘ Failed to rebuild document Failed to parse pepita.wlk: \n-- PARSING FAILED --------------------------------------------------\n\nGot the end of the input\n\nExpected one of the following: \n\n'@', 'const', 'method', 'override', 'var', '{', '}', any character/byte, comment, whitespace\n","stack":"Error: Failed to parse pepita.wlk: \n-- PARSING FAILED --------------------------------------------------\n\nGot the end of the input\n\nExpected one of the following: \n\n'@', 'const', 'method', 'override', 'var', '{', '}', any character/byte, comment, whitespace\n\n    at c:\\Users\\lukas\\.vscode\\extensions\\uqbar.wollok-lsp-ide-0.5.4\\out\\server\\src\\server.js:2353:13026\n    at Array.map (<anonymous>)\n    at U1n (c:\\Users\\lukas\\.vscode\\extensions\\uqbar.wollok-lsp-ide-0.5.4\\out\\server\\src\\server.js:2353:12950)\n    at H2.buildEnvironmentFrom (c:\\Users\\lukas\\.vscode\\extensions\\uqbar.wollok-lsp-ide-0.5.4\\out\\server\\src\\server.js:2398:5254)\n    at H2.updateEnvironmentWith (c:\\Users\\lukas\\.vscode\\extensions\\uqbar.wollok-lsp-ide-0.5.4\\out\\server\\src\\server.js:2398:4989)\n    at GF (c:\\Users\\lukas\\.vscode\\extensions\\uqbar.wollok-lsp-ide-0.5.4\\out\\server\\src\\server.js:2398:7383)\n    at V3.invoke (c:\\Users\\lukas\\.vscode\\extensions\\uqbar.wollok-lsp-ide-0.5.4\\out\\server\\src\\server.js:3:157328)\n    at o.fire (c:\\Users\\lukas\\.vscode\\extensions\\uqbar.wollok-lsp-ide-0.5.4\\out\\server\\src\\server.js:3:158098)\n    at c:\\Users\\lukas\\.vscode\\extensions\\uqbar.wollok-lsp-ide-0.5.4\\out\\server\\src\\server.js:37:57871\n    at nd (c:\\Users\\lukas\\.vscode\\extensions\\uqbar.wollok-lsp-ide-0.5.4\\out\\server\\src\\server.js:8:1561)","timestamp":"2026-08-17T12:34:17.213Z"}
{"level":"error","message":"✘ Failed to rebuild document Failed to parse pepita.wlk: \n-- PARSING FAILED --------------------------------------------------\n\nGot the end of the input\n\nExpected one of the following: \n\n'@', 'const', 'method', 'override', 'var', '{', '}', any character/byte, comment, whitespace\n","stack":"Error: Failed to parse pepita.wlk: \n-- PARSING FAILED --------------------------------------------------\n\nGot the end of the input\n\nExpected one of the following: \n\n'@', 'const', 'method', 'override', 'var', '{', '}', any character/byte, comment, whitespace\n\n    at c:\\Users\\lukas\\.vscode\\extensions\\uqbar.wollok-lsp-ide-0.5.4\\out\\server\\src\\server.js:2353:13026\n    at Array.map (<anonymous>)\n    at U1n (c:\\Users\\lukas\\.vscode\\extensions\\uqbar.wollok-lsp-ide-0.5.4\\out\\server\\src\\server.js:2353:12950)\n    at H2.buildEnvironmentFrom (c:\\Users\\lukas\\.vscode\\extensions\\uqbar.wollok-lsp-ide-0.5.4\\out\\server\\src\\server.js:2398:5254)\n    at H2.updateEnvironmentWith (c:\\Users\\lukas\\.vscode\\extensions\\uqbar.wollok-lsp-ide-0.5.4\\out\\server\\src\\server.js:2398:4989)\n    at GF (c:\\Users\\lukas\\.vscode\\extensions\\uqbar.wollok-lsp-ide-0.5.4\\out\\server\\src\\server.js:2398:7383)\n    at V3.invoke (c:\\Users\\lukas\\.vscode\\extensions\\uqbar.wollok-lsp-ide-0.5.4\\out\\server\\src\\server.js:3:157328)\n    at o.fire (c:\\Users\\lukas\\.vscode\\extensions\\uqbar.wollok-lsp-ide-0.5.4\\out\\server\\src\\server.js:3:158098)\n    at c:\\Users\\lukas\\.vscode\\extensions\\uqbar.wollok-lsp-ide-0.5.4\\out\\server\\src\\server.js:37:57871\n    at nd (c:\\Users\\lukas\\.vscode\\extensions\\uqbar.wollok-lsp-ide-0.5.4\\out\\server\\src\\server.js:8:1561)","timestamp":"2026-08-17T12:34:17.421Z"}
{"level":"info","message":"⌛ Building environment","timeElapsed":412,"timestamp":"2026-08-17T12:34:19.072Z"}
{"level":"info","message":"⌛ Validating pepita.wlk","timeElapsed":397,"timestamp":"2026-08-17T12:34:19.631Z"}
{"level":"info","message":"⌛ Building environment","timeElapsed":437,"timestamp":"2026-08-17T12:34:26.144Z"}
{"level":"info","message":"⌛ Validating pepita.wlk","timeElapsed":403,"timestamp":"2026-08-17T12:34:26.584Z"}
{"level":"info","message":"⌛ Building environment","timeElapsed":355,"timestamp":"2026-08-17T12:34:29.520Z"}
{"level":"info","message":"⌛ Validating pepita.wlk","timeElapsed":527,"timestamp":"2026-08-17T12:34:30.086Z"}
{"level":"info","message":"⌛ Building environment","timeElapsed":338,"timestamp":"2026-08-17T12:34:30.425Z"}
{"level":"info","message":"⌛ Validating pepita.wlk","timeElapsed":364,"timestamp":"2026-08-17T12:34:30.827Z"}
{"level":"info","message":"⌛ Building environment","timeElapsed":587,"timestamp":"2026-08-17T12:34:31.470Z"}
{"level":"info","message":"⌛ Building environment","timeElapsed":478,"timestamp":"2026-08-17T12:34:31.998Z"}
{"level":"info","message":"⌛ Building environment","timeElapsed":457,"timestamp":"2026-08-17T12:34:32.528Z"}
{"level":"info","message":"⌛ Building environment","timeElapsed":282,"timestamp":"2026-08-17T12:34:32.815Z"}
{"level":"info","message":"⌛ Validating pepita.wlk","timeElapsed":667,"timestamp":"2026-08-17T12:34:33.515Z"}
{"level":"info","message":"⌛ Validating pepita.wlk","timeElapsed":316,"timestamp":"2026-08-17T12:34:33.831Z"}
{"level":"info","message":"⌛ Validating pepita.wlk","timeElapsed":325,"timestamp":"2026-08-17T12:34:34.158Z"}
{"level":"info","message":"⌛ Validating pepita.wlk","timeElapsed":321,"timestamp":"2026-08-17T12:34:34.480Z"}
{"level":"info","message":"⌛ Building environment","timeElapsed":601,"timestamp":"2026-08-17T12:34:35.082Z"}
{"level":"info","message":"⌛ Building environment","timeElapsed":994,"timestamp":"2026-08-17T12:34:36.095Z"}
{"level":"info","message":"⌛ Building environment","timeElapsed":297,"timestamp":"2026-08-17T12:34:36.513Z"}
{"level":"info","message":"⌛ Building environment","timeElapsed":231,"timestamp":"2026-08-17T12:34:36.749Z"}
{"level":"info","message":"⌛ Validating pepita.wlk","timeElapsed":311,"timestamp":"2026-08-17T12:34:37.085Z"}
{"level":"info","message":"⌛ Validating pepita.wlk","timeElapsed":327,"timestamp":"2026-08-17T12:34:37.420Z"}
{"level":"info","message":"⌛ Validating pepita.wlk","timeElapsed":946,"timestamp":"2026-08-17T12:34:38.380Z"}
{"level":"info","message":"⌛ Validating pepita.wlk","timeElapsed":601,"timestamp":"2026-08-17T12:34:38.983Z"}
{"level":"info","message":"⌛ Building environment","timeElapsed":519,"timestamp":"2026-08-17T12:34:55.977Z"}
{"level":"info","message":"⌛ Validating pepita.wlk","timeElapsed":404,"timestamp":"2026-08-17T12:34:56.398Z"}
{"level":"info","message":"⌛ Building environment","timeElapsed":451,"timestamp":"2026-08-17T12:34:59.493Z"}
{"level":"info","message":"⌛ Validating pepita.wlk","timeElapsed":963,"timestamp":"2026-08-17T12:35:00.474Z"}
{"level":"info","message":"⌛ Building environment","timeElapsed":1333,"timestamp":"2026-08-17T12:35:01.814Z"}
{"level":"info","message":"⌛ Validating pepita.wlk","timeElapsed":654,"timestamp":"2026-08-17T12:35:02.662Z"}
{"level":"info","message":"⌛ Building environment","timeElapsed":1045,"timestamp":"2026-08-17T12:35:03.803Z"}
{"level":"info","message":"⌛ Validating pepita.wlk","timeElapsed":871,"timestamp":"2026-08-17T12:35:04.835Z"}
{"level":"info","message":"⌛ Building environment","timeElapsed":672,"timestamp":"2026-08-17T12:35:05.612Z"}
{"level":"info","message":"⌛ Validating pepita.wlk","timeElapsed":437,"timestamp":"2026-08-17T12:35:06.138Z"}
{"level":"info","message":"⌛ Building environment","timeElapsed":422,"timestamp":"2026-08-17T12:35:09.040Z"}
{"level":"info","message":"⌛ Validating pepita.wlk","timeElapsed":472,"timestamp":"2026-08-17T12:35:09.672Z"}
{"level":"info","message":"⌛ Building environment","timeElapsed":980,"timestamp":"2026-08-17T12:35:10.775Z"}
{"level":"info","message":"⌛ Building environment","timeElapsed":487,"timestamp":"2026-08-17T12:35:11.264Z"}
{"level":"info","message":"⌛ Building environment","timeElapsed":1283,"timestamp":"2026-08-17T12:35:12.548Z"}
{"level":"info","message":"⌛ Building environment","timeElapsed":771,"timestamp":"2026-08-17T12:35:13.334Z"}
{"level":"info","message":"⌛ Building environment","timeElapsed":530,"timestamp":"2026-08-17T12:35:13.867Z"}
{"level":"error","message":"✘ Failed to rebuild document Failed to parse pepita.wlk: \n-- PARSING FAILED --------------------------------------------------\n\n  83 |  method\n  84 | \n> 85 | }\n     | ^\n  86 | \n  87 | \n\nExpected one of the following: \n\n'!=', '!==', '%', '&&', '*', '**', '+', '-', '->', '..', '..<', '/', '<', '<<', '<<<', '<=', '<=>', '<>', '==', '===', '>', '>..', '>=', '>>', '>>>', '?:', '@', 'and', 'class', 'const', 'describe', 'invert', 'mixin', 'negate', 'object', 'only', 'or', 'package', 'plus', 'program', 'test', 'var', '{', '||', EOF, comment, identifier, not \"}\r\n\r\n\r\n\", whitespace\n","stack":"Error: Failed to parse pepita.wlk: \n-- PARSING FAILED --------------------------------------------------\n\n  83 |  method\n  84 | \n> 85 | }\n     | ^\n  86 | \n  87 | \n\nExpected one of the following: \n\n'!=', '!==', '%', '&&', '*', '**', '+', '-', '->', '..', '..<', '/', '<', '<<', '<<<', '<=', '<=>', '<>', '==', '===', '>', '>..', '>=', '>>', '>>>', '?:', '@', 'and', 'class', 'const', 'describe', 'invert', 'mixin', 'negate', 'object', 'only', 'or', 'package', 'plus', 'program', 'test', 'var', '{', '||', EOF, comment, identifier, not \"}\r\n\r\n\r\n\", whitespace\n\n    at c:\\Users\\lukas\\.vscode\\extensions\\uqbar.wollok-lsp-ide-0.5.4\\out\\server\\src\\server.js:2353:13026\n    at Array.map (<anonymous>)\n    at U1n (c:\\Users\\lukas\\.vscode\\extensions\\uqbar.wollok-lsp-ide-0.5.4\\out\\server\\src\\server.js:2353:12950)\n    at H2.buildEnvironmentFrom (c:\\Users\\lukas\\.vscode\\extensions\\uqbar.wollok-lsp-ide-0.5.4\\out\\server\\src\\server.js:2398:5254)\n    at H2.updateEnvironmentWith (c:\\Users\\lukas\\.vscode\\extensions\\uqbar.wollok-lsp-ide-0.5.4\\out\\server\\src\\server.js:2398:4989)\n    at GF (c:\\Users\\lukas\\.vscode\\extensions\\uqbar.wollok-lsp-ide-0.5.4\\out\\server\\src\\server.js:2398:7383)\n    at V3.invoke (c:\\Users\\lukas\\.vscode\\extensions\\uqbar.wollok-lsp-ide-0.5.4\\out\\server\\src\\server.js:3:157328)\n    at o.fire (c:\\Users\\lukas\\.vscode\\extensions\\uqbar.wollok-lsp-ide-0.5.4\\out\\server\\src\\server.js:3:158098)\n    at c:\\Users\\lukas\\.vscode\\extensions\\uqbar.wollok-lsp-ide-0.5.4\\out\\server\\src\\server.js:37:57871\n    at nd (c:\\Users\\lukas\\.vscode\\extensions\\uqbar.wollok-lsp-ide-0.5.4\\out\\server\\src\\server.js:8:1561)","timestamp":"2026-08-17T12:35:14.763Z"}
{"level":"info","message":"⌛ Validating pepita.wlk","timeElapsed":985,"timestamp":"2026-08-17T12:35:15.811Z"}
{"level":"error","message":"✘ Failed to rebuild document Failed to parse pepita.wlk: \n-- PARSING FAILED --------------------------------------------------\n\n  83 |  method \n  84 | \n> 85 | }\n     | ^\n  86 | \n  87 | \n\nExpected one of the following: \n\n'!=', '!==', '%', '&&', '*', '**', '+', '-', '->', '..', '..<', '/', '<', '<<', '<<<', '<=', '<=>', '<>', '==', '===', '>', '>..', '>=', '>>', '>>>', '?:', '@', 'and', 'class', 'const', 'describe', 'invert', 'mixin', 'negate', 'object', 'only', 'or', 'package', 'plus', 'program', 'test', 'var', '{', '||', EOF, comment, identifier, not \"}\r\n\r\n\r\n\", whitespace\n","stack":"Error: Failed to parse pepita.wlk: \n-- PARSING FAILED --------------------------------------------------\n\n  83 |  method \n  84 | \n> 85 | }\n     | ^\n  86 | \n  87 | \n\nExpected one of the following: \n\n'!=', '!==', '%', '&&', '*', '**', '+', '-', '->', '..', '..<', '/', '<', '<<', '<<<', '<=', '<=>', '<>', '==', '===', '>', '>..', '>=', '>>', '>>>', '?:', '@', 'and', 'class', 'const', 'describe', 'invert', 'mixin', 'negate', 'object', 'only', 'or', 'package', 'plus', 'program', 'test', 'var', '{', '||', EOF, comment, identifier, not \"}\r\n\r\n\r\n\", whitespace\n\n    at c:\\Users\\lukas\\.vscode\\extensions\\uqbar.wollok-lsp-ide-0.5.4\\out\\server\\src\\server.js:2353:13026\n    at Array.map (<anonymous>)\n    at U1n (c:\\Users\\lukas\\.vscode\\extensions\\uqbar.wollok-lsp-ide-0.5.4\\out\\server\\src\\server.js:2353:12950)\n    at H2.buildEnvironmentFrom (c:\\Users\\lukas\\.vscode\\extensions\\uqbar.wollok-lsp-ide-0.5.4\\out\\server\\src\\server.js:2398:5254)\n    at H2.updateEnvironmentWith (c:\\Users\\lukas\\.vscode\\extensions\\uqbar.wollok-lsp-ide-0.5.4\\out\\server\\src\\server.js:2398:4989)\n    at GF (c:\\Users\\lukas\\.vscode\\extensions\\uqbar.wollok-lsp-ide-0.5.4\\out\\server\\src\\server.js:2398:7383)\n    at V3.invoke (c:\\Users\\lukas\\.vscode\\extensions\\uqbar.wollok-lsp-ide-0.5.4\\out\\server\\src\\server.js:3:157328)\n    at o.fire (c:\\Users\\lukas\\.vscode\\extensions\\uqbar.wollok-lsp-ide-0.5.4\\out\\server\\src\\server.js:3:158098)\n    at c:\\Users\\lukas\\.vscode\\extensions\\uqbar.wollok-lsp-ide-0.5.4\\out\\server\\src\\server.js:37:57871\n    at nd (c:\\Users\\lukas\\.vscode\\extensions\\uqbar.wollok-lsp-ide-0.5.4\\out\\server\\src\\server.js:8:1561)","timestamp":"2026-08-17T12:35:15.928Z"}
{"level":"info","message":"⌛ Building environment","timeElapsed":443,"timestamp":"2026-08-17T12:35:16.373Z"}
{"level":"info","message":"⌛ Building environment","timeElapsed":611,"timestamp":"2026-08-17T12:35:16.984Z"}
{"level":"info","message":"⌛ Building environment","timeElapsed":499,"timestamp":"2026-08-17T12:35:17.539Z"}
{"level":"info","message":"⌛ Building environment","timeElapsed":817,"timestamp":"2026-08-17T12:35:18.449Z"}
{"level":"info","message":"⌛ Building environment","timeElapsed":555,"timestamp":"2026-08-17T12:35:19.042Z"}
{"level":"info","message":"⌛ Building environment","timeElapsed":753,"timestamp":"2026-08-17T12:35:19.850Z"}
{"level":"info","message":"⌛ Building environment","timeElapsed":1136,"timestamp":"2026-08-17T12:35:21.088Z"}
{"level":"info","message":"⌛ Building environment","timeElapsed":429,"timestamp":"2026-08-17T12:35:21.520Z"}
{"level":"info","message":"⌛ Building environment","timeElapsed":590,"timestamp":"2026-08-17T12:35:22.137Z"}
{"level":"info","message":"⌛ Building environment","timeElapsed":1270,"timestamp":"2026-08-17T12:35:23.478Z"}
{"level":"info","message":"⌛ Building environment","timeElapsed":488,"timestamp":"2026-08-17T12:35:24.033Z"}
{"level":"info","message":"⌛ Validating pepita.wlk","timeElapsed":538,"timestamp":"2026-08-17T12:35:24.630Z"}
{"level":"info","message":"⌛ Building environment","timeElapsed":865,"timestamp":"2026-08-17T12:35:25.627Z"}
{"level":"info","message":"⌛ Building environment","timeElapsed":411,"timestamp":"2026-08-17T12:35:26.042Z"}
{"level":"info","message":"⌛ Validating pepita.wlk","timeElapsed":664,"timestamp":"2026-08-17T12:35:26.859Z"}
{"level":"info","message":"⌛ Building environment","timeElapsed":1115,"timestamp":"2026-08-17T12:35:27.975Z"}
{"level":"info","message":"⌛ Building environment","timeElapsed":689,"timestamp":"2026-08-17T12:35:28.674Z"}
{"level":"info","message":"⌛ Validating pepita.wlk","timeElapsed":1124,"timestamp":"2026-08-17T12:35:29.827Z"}
{"level":"info","message":"⌛ Validating pepita.wlk","timeElapsed":1070,"timestamp":"2026-08-17T12:35:30.898Z"}
{"level":"info","message":"⌛ Building environment","timeElapsed":1026,"timestamp":"2026-08-17T12:35:31.925Z"}
{"level":"info","message":"⌛ Validating pepita.wlk","timeElapsed":775,"timestamp":"2026-08-17T12:35:32.732Z"}
{"level":"info","message":"⌛ Validating pepita.wlk","timeElapsed":671,"timestamp":"2026-08-17T12:35:33.408Z"}
{"level":"info","message":"⌛ Building environment","timeElapsed":1131,"timestamp":"2026-08-17T12:35:34.579Z"}
{"level":"info","message":"⌛ Building environment","timeElapsed":732,"timestamp":"2026-08-17T12:35:35.497Z"}
{"level":"info","message":"⌛ Building environment","timeElapsed":494,"timestamp":"2026-08-17T12:35:36.111Z"}
{"level":"info","message":"⌛ Validating pepita.wlk","timeElapsed":1590,"timestamp":"2026-08-17T12:35:37.737Z"}
{"level":"info","message":"⌛ Validating pepita.wlk","timeElapsed":1193,"timestamp":"2026-08-17T12:35:38.943Z"}
{"level":"info","message":"⌛ Validating pepita.wlk","timeElapsed":2013,"timestamp":"2026-08-17T12:35:41.028Z"}
{"level":"info","message":"⌛ Validating pepita.wlk","timeElapsed":687,"timestamp":"2026-08-17T12:35:41.753Z"}
{"level":"info","message":"⌛ Building environment","timeElapsed":409,"timestamp":"2026-08-17T12:35:42.171Z"}
{"level":"info","message":"⌛ Validating pepita.wlk","timeElapsed":751,"timestamp":"2026-08-17T12:35:42.960Z"}
{"level":"info","message":"⌛ Validating pepita.wlk","timeElapsed":493,"timestamp":"2026-08-17T12:35:43.454Z"}
{"level":"info","message":"⌛ Building environment","timeElapsed":500,"timestamp":"2026-08-17T12:35:43.955Z"}
{"level":"info","message":"⌛ Validating pepita.wlk","timeElapsed":417,"timestamp":"2026-08-17T12:35:44.381Z"}
{"level":"info","message":"⌛ Validating pepita.wlk","timeElapsed":398,"timestamp":"2026-08-17T12:35:44.780Z"}
{"level":"info","message":"⌛ Validating pepita.wlk","timeElapsed":499,"timestamp":"2026-08-17T12:35:45.280Z"}
{"level":"info","message":"⌛ Validating pepita.wlk","timeElapsed":339,"timestamp":"2026-08-17T12:35:45.628Z"}
{"level":"info","message":"⌛ Validating pepita.wlk","timeElapsed":375,"timestamp":"2026-08-17T12:35:46.009Z"}
{"level":"info","message":"⌛ Validating pepita.wlk","timeElapsed":1085,"timestamp":"2026-08-17T12:35:47.099Z"}
{"level":"info","message":"⌛ Validating pepita.wlk","timeElapsed":279,"timestamp":"2026-08-17T12:35:47.387Z"}
{"level":"info","message":"⌛ Building environment","timeElapsed":238,"timestamp":"2026-08-17T12:35:47.632Z"}
{"level":"info","message":"⌛ Building environment","timeElapsed":274,"timestamp":"2026-08-17T12:35:47.912Z"}
{"level":"info","message":"⌛ Building environment","timeElapsed":285,"timestamp":"2026-08-17T12:35:48.200Z"}
{"level":"info","message":"⌛ Building environment","timeElapsed":443,"timestamp":"2026-08-17T12:35:48.646Z"}
{"level":"info","message":"⌛ Building environment","timeElapsed":919,"timestamp":"2026-08-17T12:35:49.575Z"}
{"level":"info","message":"⌛ Building environment","timeElapsed":609,"timestamp":"2026-08-17T12:35:50.219Z"}
{"level":"error","message":"✘ Completions for node Return ([85:5, 85:11] - pepita.wlk) failed: Error: [Return]{d61873} at pepita.wlk:85 exhausted all cases without a match [Return]{d61873} at pepita.wlk:85 exhausted all cases without a match","stack":"Error: [Return]{d61873} at pepita.wlk:85 exhausted all cases without a match\n    at c:\\Users\\lukas\\.vscode\\extensions\\uqbar.wollok-lsp-ide-0.5.4\\out\\server\\src\\server.js:38:6142\n    at L2 (c:\\Users\\lukas\\.vscode\\extensions\\uqbar.wollok-lsp-ide-0.5.4\\out\\server\\src\\server.js:2389:42)\n    at c:\\Users\\lukas\\.vscode\\extensions\\uqbar.wollok-lsp-ide-0.5.4\\out\\server\\src\\server.js:2389:2988\n    at c:\\Users\\lukas\\.vscode\\extensions\\uqbar.wollok-lsp-ide-0.5.4\\out\\server\\src\\server.js:2398:8440\n    at c:\\Users\\lukas\\.vscode\\extensions\\uqbar.wollok-lsp-ide-0.5.4\\out\\server\\src\\server.js:37:74872\n    at Ke (c:\\Users\\lukas\\.vscode\\extensions\\uqbar.wollok-lsp-ide-0.5.4\\out\\server\\src\\server.js:7:8527)\n    at Lt (c:\\Users\\lukas\\.vscode\\extensions\\uqbar.wollok-lsp-ide-0.5.4\\out\\server\\src\\server.js:7:6189)\n    at ct (c:\\Users\\lukas\\.vscode\\extensions\\uqbar.wollok-lsp-ide-0.5.4\\out\\server\\src\\server.js:7:6378)\n    at Immediate._onImmediate (c:\\Users\\lukas\\.vscode\\extensions\\uqbar.wollok-lsp-ide-0.5.4\\out\\server\\src\\server.js:7:6142)\n    at process.processImmediate (node:internal/timers:504:21)","timestamp":"2026-08-17T12:35:50.334Z"}
{"level":"info","message":"⌛ Building environment","timeElapsed":210,"timestamp":"2026-08-17T12:35:50.562Z"}
{"level":"info","message":"⌛ Building environment","timeElapsed":236,"timestamp":"2026-08-17T12:35:50.831Z"}
{"level":"info","message":"⌛ Building environment","timeElapsed":194,"timestamp":"2026-08-17T12:35:51.063Z"}
{"level":"info","message":"⌛ Building environment","timeElapsed":187,"timestamp":"2026-08-17T12:35:51.283Z"}
{"level":"info","message":"⌛ Building environment","timeElapsed":618,"timestamp":"2026-08-17T12:35:51.932Z"}
{"level":"info","message":"⌛ Building environment","timeElapsed":272,"timestamp":"2026-08-17T12:35:52.229Z"}
{"level":"info","message":"⌛ Building environment","timeElapsed":166,"timestamp":"2026-08-17T12:35:52.433Z"}
{"level":"info","message":"⌛ Building environment","timeElapsed":185,"timestamp":"2026-08-17T12:35:52.645Z"}
{"level":"info","message":"⌛ Building environment","timeElapsed":184,"timestamp":"2026-08-17T12:35:52.876Z"}
{"level":"info","message":"⌛ Validating pepita.wlk","timeElapsed":234,"timestamp":"2026-08-17T12:35:53.154Z"}
{"level":"info","message":"⌛ Building environment","timeElapsed":296,"timestamp":"2026-08-17T12:35:53.452Z"}
{"level":"info","message":"⌛ Building environment","timeElapsed":698,"timestamp":"2026-08-17T12:35:54.171Z"}
{"level":"info","message":"⌛ Building environment","timeElapsed":174,"timestamp":"2026-08-17T12:35:54.377Z"}
{"level":"info","message":"⌛ Building environment","timeElapsed":180,"timestamp":"2026-08-17T12:35:54.605Z"}
{"level":"info","message":"⌛ Building environment","timeElapsed":158,"timestamp":"2026-08-17T12:35:54.811Z"}
{"level":"info","message":"⌛ Building environment","timeElapsed":273,"timestamp":"2026-08-17T12:35:55.123Z"}
{"level":"info","message":"⌛ Building environment","timeElapsed":333,"timestamp":"2026-08-17T12:35:55.579Z"}
{"level":"info","message":"⌛ Building environment","timeElapsed":261,"timestamp":"2026-08-17T12:35:56.039Z"}
{"level":"info","message":"⌛ Building environment","timeElapsed":209,"timestamp":"2026-08-17T12:35:56.249Z"}
{"level":"info","message":"⌛ Validating pepita.wlk","timeElapsed":271,"timestamp":"2026-08-17T12:35:56.627Z"}
{"level":"info","message":"⌛ Validating pepita.wlk","timeElapsed":296,"timestamp":"2026-08-17T12:35:56.924Z"}
{"level":"info","message":"⌛ Validating pepita.wlk","timeElapsed":652,"timestamp":"2026-08-17T12:35:57.638Z"}
{"level":"info","message":"⌛ Validating pepita.wlk","timeElapsed":450,"timestamp":"2026-08-17T12:35:58.173Z"}
{"level":"info","message":"⌛ Validating pepita.wlk","timeElapsed":521,"timestamp":"2026-08-17T12:35:58.710Z"}
{"level":"info","message":"⌛ Validating pepita.wlk","timeElapsed":503,"timestamp":"2026-08-17T12:35:59.295Z"}
{"level":"info","message":"⌛ Validating pepita.wlk","timeElapsed":348,"timestamp":"2026-08-17T12:35:59.690Z"}
{"level":"info","message":"⌛ Validating pepita.wlk","timeElapsed":340,"timestamp":"2026-08-17T12:36:00.035Z"}
{"level":"info","message":"⌛ Validating pepita.wlk","timeElapsed":453,"timestamp":"2026-08-17T12:36:00.498Z"}
{"level":"info","message":"⌛ Validating pepita.wlk","timeElapsed":436,"timestamp":"2026-08-17T12:36:00.937Z"}
{"level":"info","message":"⌛ Validating pepita.wlk","timeElapsed":307,"timestamp":"2026-08-17T12:36:01.250Z"}
{"level":"info","message":"⌛ Validating pepita.wlk","timeElapsed":408,"timestamp":"2026-08-17T12:36:01.662Z"}
{"level":"info","message":"⌛ Validating pepita.wlk","timeElapsed":307,"timestamp":"2026-08-17T12:36:01.977Z"}
{"level":"info","message":"⌛ Validating pepita.wlk","timeElapsed":316,"timestamp":"2026-08-17T12:36:02.305Z"}
{"level":"info","message":"⌛ Validating pepita.wlk","timeElapsed":228,"timestamp":"2026-08-17T12:36:02.537Z"}
{"level":"info","message":"⌛ Validating pepita.wlk","timeElapsed":224,"timestamp":"2026-08-17T12:36:02.768Z"}
{"level":"info","message":"⌛ Validating pepita.wlk","timeElapsed":217,"timestamp":"2026-08-17T12:36:02.989Z"}
{"level":"info","message":"⌛ Validating pepita.wlk","timeElapsed":223,"timestamp":"2026-08-17T12:36:03.218Z"}
{"level":"info","message":"⌛ Validating pepita.wlk","timeElapsed":205,"timestamp":"2026-08-17T12:36:03.429Z"}
{"level":"info","message":"⌛ Validating pepita.wlk","timeElapsed":224,"timestamp":"2026-08-17T12:36:03.659Z"}
{"level":"info","message":"⌛ Validating pepita.wlk","timeElapsed":209,"timestamp":"2026-08-17T12:36:03.879Z"}
{"level":"info","message":"⌛ Validating pepita.wlk","timeElapsed":224,"timestamp":"2026-08-17T12:36:04.120Z"}
{"level":"info","message":"⌛ Validating pepita.wlk","timeElapsed":215,"timestamp":"2026-08-17T12:36:04.351Z"}
{"level":"info","message":"⌛ Validating pepita.wlk","timeElapsed":216,"timestamp":"2026-08-17T12:36:04.574Z"}
{"level":"info","message":"⌛ Validating pepita.wlk","timeElapsed":217,"timestamp":"2026-08-17T12:36:04.797Z"}
{"level":"info","message":"⌛ Building environment","timeElapsed":202,"timestamp":"2026-08-17T12:36:05.008Z"}
{"level":"info","message":"⌛ Building environment","timeElapsed":207,"timestamp":"2026-08-17T12:36:05.220Z"}
{"level":"info","message":"⌛ Validating pepita.wlk","timeElapsed":225,"timestamp":"2026-08-17T12:36:05.449Z"}
{"level":"info","message":"⌛ Validating pepita.wlk","timeElapsed":211,"timestamp":"2026-08-17T12:36:05.689Z"}
{"level":"info","message":"⌛ Validating pepita.wlk","timeElapsed":245,"timestamp":"2026-08-17T12:36:05.935Z"}
{"level":"info","message":"⌛ Validating pepita.wlk","timeElapsed":209,"timestamp":"2026-08-17T12:36:06.145Z"}
{"level":"info","message":"⌛ Validating pepita.wlk","timeElapsed":241,"timestamp":"2026-08-17T12:36:06.464Z"}
{"level":"info","message":"⌛ Validating pepita.wlk","timeElapsed":293,"timestamp":"2026-08-17T12:36:06.770Z"}
{"level":"info","message":"⌛ Building environment","timeElapsed":322,"timestamp":"2026-08-17T12:36:08.922Z"}
{"level":"info","message":"⌛ Building environment","timeElapsed":924,"timestamp":"2026-08-17T12:36:09.848Z"}
{"level":"info","message":"⌛ Validating pepita.wlk","timeElapsed":296,"timestamp":"2026-08-17T12:36:10.151Z"}
{"level":"info","message":"⌛ Validating pepita.wlk","timeElapsed":321,"timestamp":"2026-08-17T12:36:10.491Z"}
{"level":"info","message":"⌛ Building environment","timeElapsed":690,"timestamp":"2026-08-17T12:36:21.076Z"}
{"level":"info","message":"⌛ Validating pepita.wlk","timeElapsed":567,"timestamp":"2026-08-17T12:36:21.744Z"}
{"level":"info","message":"⌛ Building environment","timeElapsed":511,"timestamp":"2026-08-17T12:36:47.000Z"}
{"level":"info","message":"⌛ Validating pepita.wlk","timeElapsed":390,"timestamp":"2026-08-17T12:36:47.401Z"}
{"level":"info","message":"⌛ Building environment","timeElapsed":377,"timestamp":"2026-08-17T12:36:48.991Z"}
{"level":"info","message":"⌛ Validating pepita.wlk","timeElapsed":608,"timestamp":"2026-08-17T12:36:49.653Z"}
{"level":"info","message":"⌛ Building environment","timeElapsed":1332,"timestamp":"2026-08-17T12:36:50.986Z"}
{"level":"info","message":"⌛ Building environment","timeElapsed":561,"timestamp":"2026-08-17T12:36:51.557Z"}
{"level":"info","message":"⌛ Building environment","timeElapsed":389,"timestamp":"2026-08-17T12:36:51.980Z"}
{"level":"info","message":"⌛ Building environment","timeElapsed":835,"timestamp":"2026-08-17T12:36:52.818Z"}
{"level":"info","message":"⌛ Building environment","timeElapsed":516,"timestamp":"2026-08-17T12:36:53.385Z"}
{"level":"info","message":"⌛ Building environment","timeElapsed":609,"timestamp":"2026-08-17T12:36:54.057Z"}
{"level":"info","message":"⌛ Building environment","timeElapsed":700,"timestamp":"2026-08-17T12:36:54.771Z"}
{"level":"info","message":"⌛ Validating pepita.wlk","timeElapsed":459,"timestamp":"2026-08-17T12:36:55.270Z"}
{"level":"info","message":"⌛ Validating pepita.wlk","timeElapsed":840,"timestamp":"2026-08-17T12:36:56.111Z"}
{"level":"info","message":"⌛ Validating pepita.wlk","timeElapsed":643,"timestamp":"2026-08-17T12:36:56.755Z"}
{"level":"info","message":"⌛ Building environment","timeElapsed":399,"timestamp":"2026-08-17T12:36:57.155Z"}
{"level":"info","message":"⌛ Building environment","timeElapsed":282,"timestamp":"2026-08-17T12:36:57.443Z"}
{"level":"info","message":"⌛ Building environment","timeElapsed":230,"timestamp":"2026-08-17T12:36:57.726Z"}
{"level":"info","message":"⌛ Building environment","timeElapsed":846,"timestamp":"2026-08-17T12:36:58.605Z"}
{"level":"info","message":"⌛ Building environment","timeElapsed":319,"timestamp":"2026-08-17T12:36:58.938Z"}
{"level":"info","message":"⌛ Validating pepita.wlk","timeElapsed":909,"timestamp":"2026-08-17T12:36:59.916Z"}
{"level":"info","message":"⌛ Building environment","timeElapsed":688,"timestamp":"2026-08-17T12:37:00.605Z"}
{"level":"info","message":"⌛ Validating pepita.wlk","timeElapsed":655,"timestamp":"2026-08-17T12:37:01.273Z"}
{"level":"info","message":"⌛ Validating pepita.wlk","timeElapsed":762,"timestamp":"2026-08-17T12:37:02.036Z"}
{"level":"info","message":"⌛ Building environment","timeElapsed":1001,"timestamp":"2026-08-17T12:37:03.038Z"}
{"level":"info","message":"⌛ Building environment","timeElapsed":499,"timestamp":"2026-08-17T12:37:03.539Z"}
{"level":"info","message":"⌛ Validating pepita.wlk","timeElapsed":599,"timestamp":"2026-08-17T12:37:04.167Z"}
{"level":"info","message":"⌛ Building environment","timeElapsed":423,"timestamp":"2026-08-17T12:37:04.592Z"}
{"level":"info","message":"⌛ Validating pepita.wlk","timeElapsed":489,"timestamp":"2026-08-17T12:37:05.150Z"}
{"level":"info","message":"⌛ Validating pepita.wlk","timeElapsed":353,"timestamp":"2026-08-17T12:37:05.504Z"}
{"level":"info","message":"⌛ Validating pepita.wlk","timeElapsed":358,"timestamp":"2026-08-17T12:37:05.864Z"}
{"level":"info","message":"⌛ Validating pepita.wlk","timeElapsed":322,"timestamp":"2026-08-17T12:37:06.194Z"}
{"level":"info","message":"⌛ Validating pepita.wlk","timeElapsed":335,"timestamp":"2026-08-17T12:37:06.535Z"}
{"level":"info","message":"⌛ Building environment","timeElapsed":248,"timestamp":"2026-08-17T12:37:06.790Z"}
{"level":"info","message":"⌛ Building environment","timeElapsed":427,"timestamp":"2026-08-17T12:37:07.253Z"}
{"level":"info","message":"⌛ Building environment","timeElapsed":413,"timestamp":"2026-08-17T12:37:07.707Z"}
{"level":"info","message":"⌛ Building environment","timeElapsed":586,"timestamp":"2026-08-17T12:37:08.295Z"}
{"level":"info","message":"⌛ Building environment","timeElapsed":852,"timestamp":"2026-08-17T12:37:09.153Z"}
{"level":"error","message":"✘ Failed to rebuild document Failed to parse pepita.wlk: \n-- PARSING FAILED --------------------------------------------------\n\n  32 | \n  33 | \n> 34 | }\n     | ^\n  35 | \n  36 | \n\nExpected one of the following: \n\n'!=', '!==', '%', '&&', '*', '**', '+', '-', '->', '..', '..<', '/', '<', '<<', '<<<', '<=', '<=>', '<>', '==', '===', '>', '>..', '>=', '>>', '>>>', '?:', 'and', 'invert', 'negate', 'or', 'plus', '||', identifier, whitespace\n","stack":"Error: Failed to parse pepita.wlk: \n-- PARSING FAILED --------------------------------------------------\n\n  32 | \n  33 | \n> 34 | }\n     | ^\n  35 | \n  36 | \n\nExpected one of the following: \n\n'!=', '!==', '%', '&&', '*', '**', '+', '-', '->', '..', '..<', '/', '<', '<<', '<<<', '<=', '<=>', '<>', '==', '===', '>', '>..', '>=', '>>', '>>>', '?:', 'and', 'invert', 'negate', 'or', 'plus', '||', identifier, whitespace\n\n    at c:\\Users\\lukas\\.vscode\\extensions\\uqbar.wollok-lsp-ide-0.5.4\\out\\server\\src\\server.js:2353:13026\n    at Array.map (<anonymous>)\n    at U1n (c:\\Users\\lukas\\.vscode\\extensions\\uqbar.wollok-lsp-ide-0.5.4\\out\\server\\src\\server.js:2353:12950)\n    at H2.buildEnvironmentFrom (c:\\Users\\lukas\\.vscode\\extensions\\uqbar.wollok-lsp-ide-0.5.4\\out\\server\\src\\server.js:2398:5254)\n    at H2.updateEnvironmentWith (c:\\Users\\lukas\\.vscode\\extensions\\uqbar.wollok-lsp-ide-0.5.4\\out\\server\\src\\server.js:2398:4989)\n    at GF (c:\\Users\\lukas\\.vscode\\extensions\\uqbar.wollok-lsp-ide-0.5.4\\out\\server\\src\\server.js:2398:7383)\n    at V3.invoke (c:\\Users\\lukas\\.vscode\\extensions\\uqbar.wollok-lsp-ide-0.5.4\\out\\server\\src\\server.js:3:157328)\n    at o.fire (c:\\Users\\lukas\\.vscode\\extensions\\uqbar.wollok-lsp-ide-0.5.4\\out\\server\\src\\server.js:3:158098)\n    at c:\\Users\\lukas\\.vscode\\extensions\\uqbar.wollok-lsp-ide-0.5.4\\out\\server\\src\\server.js:37:57871\n    at nd (c:\\Users\\lukas\\.vscode\\extensions\\uqbar.wollok-lsp-ide-0.5.4\\out\\server\\src\\server.js:8:1561)","timestamp":"2026-08-17T12:37:09.222Z"}
{"level":"error","message":"✘ Failed to rebuild document Failed to parse pepita.wlk: \n-- PARSING FAILED --------------------------------------------------\n\n  32 | \n  33 | \n> 34 | }\n     | ^\n  35 | \n  36 | \n\nExpected one of the following: \n\n'!=', '!==', '%', '&&', '*', '**', '+', '-', '->', '..', '..<', '/', '<', '<<', '<<<', '<=', '<=>', '<>', '==', '===', '>', '>..', '>=', '>>', '>>>', '?:', 'and', 'invert', 'negate', 'or', 'plus', '||', identifier, whitespace\n","stack":"Error: Failed to parse pepita.wlk: \n-- PARSING FAILED --------------------------------------------------\n\n  32 | \n  33 | \n> 34 | }\n     | ^\n  35 | \n  36 | \n\nExpected one of the following: \n\n'!=', '!==', '%', '&&', '*', '**', '+', '-', '->', '..', '..<', '/', '<', '<<', '<<<', '<=', '<=>', '<>', '==', '===', '>', '>..', '>=', '>>', '>>>', '?:', 'and', 'invert', 'negate', 'or', 'plus', '||', identifier, whitespace\n\n    at c:\\Users\\lukas\\.vscode\\extensions\\uqbar.wollok-lsp-ide-0.5.4\\out\\server\\src\\server.js:2353:13026\n    at Array.map (<anonymous>)\n    at U1n (c:\\Users\\lukas\\.vscode\\extensions\\uqbar.wollok-lsp-ide-0.5.4\\out\\server\\src\\server.js:2353:12950)\n    at H2.buildEnvironmentFrom (c:\\Users\\lukas\\.vscode\\extensions\\uqbar.wollok-lsp-ide-0.5.4\\out\\server\\src\\server.js:2398:5254)\n    at H2.updateEnvironmentWith (c:\\Users\\lukas\\.vscode\\extensions\\uqbar.wollok-lsp-ide-0.5.4\\out\\server\\src\\server.js:2398:4989)\n    at GF (c:\\Users\\lukas\\.vscode\\extensions\\uqbar.wollok-lsp-ide-0.5.4\\out\\server\\src\\server.js:2398:7383)\n    at V3.invoke (c:\\Users\\lukas\\.vscode\\extensions\\uqbar.wollok-lsp-ide-0.5.4\\out\\server\\src\\server.js:3:157328)\n    at o.fire (c:\\Users\\lukas\\.vscode\\extensions\\uqbar.wollok-lsp-ide-0.5.4\\out\\server\\src\\server.js:3:158098)\n    at c:\\Users\\lukas\\.vscode\\extensions\\uqbar.wollok-lsp-ide-0.5.4\\out\\server\\src\\server.js:37:57871\n    at nd (c:\\Users\\lukas\\.vscode\\extensions\\uqbar.wollok-lsp-ide-0.5.4\\out\\server\\src\\server.js:8:1561)","timestamp":"2026-08-17T12:37:09.379Z"}
{"level":"info","message":"⌛ Validating pepita.wlk","timeElapsed":471,"timestamp":"2026-08-17T12:37:09.854Z"}
{"level":"info","message":"⌛ Building environment","timeElapsed":314,"timestamp":"2026-08-17T12:37:10.172Z"}
{"level":"info","message":"⌛ Building environment","timeElapsed":233,"timestamp":"2026-08-17T12:37:10.411Z"}
{"level":"info","message":"⌛ Building environment","timeElapsed":265,"timestamp":"2026-08-17T12:37:10.685Z"}
{"level":"info","message":"⌛ Building environment","timeElapsed":620,"timestamp":"2026-08-17T12:37:11.332Z"}
{"level":"info","message":"⌛ Building environment","timeElapsed":241,"timestamp":"2026-08-17T12:37:11.584Z"}
{"level":"info","message":"⌛ Building environment","timeElapsed":313,"timestamp":"2026-08-17T12:37:11.901Z"}
{"level":"info","message":"⌛ Building environment","timeElapsed":205,"timestamp":"2026-08-17T12:37:12.110Z"}
{"level":"info","message":"⌛ Building environment","timeElapsed":194,"timestamp":"2026-08-17T12:37:12.338Z"}
{"level":"info","message":"⌛ Building environment","timeElapsed":207,"timestamp":"2026-08-17T12:37:12.602Z"}
{"level":"info","message":"⌛ Validating pepita.wlk","timeElapsed":281,"timestamp":"2026-08-17T12:37:12.932Z"}
{"level":"info","message":"⌛ Validating pepita.wlk","timeElapsed":261,"timestamp":"2026-08-17T12:37:13.194Z"}
{"level":"info","message":"⌛ Validating pepita.wlk","timeElapsed":248,"timestamp":"2026-08-17T12:37:13.450Z"}
{"level":"info","message":"⌛ Validating pepita.wlk","timeElapsed":242,"timestamp":"2026-08-17T12:37:13.760Z"}
{"level":"info","message":"⌛ Validating pepita.wlk","timeElapsed":259,"timestamp":"2026-08-17T12:37:14.020Z"}
{"level":"info","message":"⌛ Validating pepita.wlk","timeElapsed":209,"timestamp":"2026-08-17T12:37:14.244Z"}
{"level":"info","message":"⌛ Validating pepita.wlk","timeElapsed":225,"timestamp":"2026-08-17T12:37:14.472Z"}
{"level":"info","message":"⌛ Validating pepita.wlk","timeElapsed":224,"timestamp":"2026-08-17T12:37:14.700Z"}
{"level":"info","message":"⌛ Validating pepita.wlk","timeElapsed":201,"timestamp":"2026-08-17T12:37:14.937Z"}
{"level":"info","message":"⌛ Validating pepita.wlk","timeElapsed":217,"timestamp":"2026-08-17T12:37:15.156Z"}
{"level":"info","message":"⌛ Validating pepita.wlk","timeElapsed":216,"timestamp":"2026-08-17T12:37:15.376Z"}
{"level":"info","message":"⌛ Validating pepita.wlk","timeElapsed":289,"timestamp":"2026-08-17T12:37:15.722Z"}
{"level":"info","message":"⌛ Validating pepita.wlk","timeElapsed":220,"timestamp":"2026-08-17T12:37:15.948Z"}
{"level":"info","message":"⌛ Validating pepita.wlk","timeElapsed":221,"timestamp":"2026-08-17T12:37:16.174Z"}
{"level":"info","message":"⌛ Validating pepita.wlk","timeElapsed":223,"timestamp":"2026-08-17T12:37:16.403Z"}
{"level":"info","message":"⌛ Validating pepita.wlk","timeElapsed":210,"timestamp":"2026-08-17T12:37:16.617Z"}
{"level":"info","message":"⌛ Validating pepita.wlk","timeElapsed":215,"timestamp":"2026-08-17T12:37:16.835Z"}
{"level":"info","message":"⌛ Building environment","timeElapsed":871,"timestamp":"2026-08-17T12:39:41.613Z"}
{"level":"info","message":"⌛ Building environment","timeElapsed":416,"timestamp":"2026-08-17T12:39:42.031Z"}
{"level":"info","message":"⌛ Building environment","timeElapsed":665,"timestamp":"2026-08-17T12:39:42.735Z"}
{"level":"info","message":"⌛ Building environment","timeElapsed":474,"timestamp":"2026-08-17T12:39:43.233Z"}
{"level":"info","message":"⌛ Building environment","timeElapsed":962,"timestamp":"2026-08-17T12:39:44.219Z"}
{"level":"info","message":"⌛ Validating pepita.wlk","timeElapsed":1101,"timestamp":"2026-08-17T12:39:45.332Z"}
{"level":"info","message":"⌛ Validating pepita.wlk","timeElapsed":684,"timestamp":"2026-08-17T12:39:46.067Z"}
{"level":"info","message":"⌛ Autocomplete - Field","timeElapsed":118,"timestamp":"2026-08-17T12:39:46.186Z"}
{"level":"info","message":"⌛ Validating pepita.wlk","timeElapsed":326,"timestamp":"2026-08-17T12:39:46.513Z"}
{"level":"info","message":"⌛ Validating pepita.wlk","timeElapsed":926,"timestamp":"2026-08-17T12:39:47.440Z"}
{"level":"info","message":"⌛ Validating pepita.wlk","timeElapsed":617,"timestamp":"2026-08-17T12:39:48.060Z"}
{"level":"info","message":"⌛ Building environment","timeElapsed":558,"timestamp":"2026-08-17T12:39:49.111Z"}
{"level":"info","message":"⌛ Building environment","timeElapsed":423,"timestamp":"2026-08-17T12:39:49.559Z"}
{"level":"info","message":"⌛ Building environment","timeElapsed":461,"timestamp":"2026-08-17T12:39:50.111Z"}
{"level":"info","message":"⌛ Building environment","timeElapsed":324,"timestamp":"2026-08-17T12:39:50.443Z"}
{"level":"info","message":"⌛ Building environment","timeElapsed":441,"timestamp":"2026-08-17T12:39:50.886Z"}
{"level":"error","message":"✘ Completions for node Return ([91:5, 91:30] - pepita.wlk) failed: Error: [Return]{bea1d1} at pepita.wlk:91 exhausted all cases without a match [Return]{bea1d1} at pepita.wlk:91 exhausted all cases without a match","stack":"Error: [Return]{bea1d1} at pepita.wlk:91 exhausted all cases without a match\n    at c:\\Users\\lukas\\.vscode\\extensions\\uqbar.wollok-lsp-ide-0.5.4\\out\\server\\src\\server.js:38:6142\n    at L2 (c:\\Users\\lukas\\.vscode\\extensions\\uqbar.wollok-lsp-ide-0.5.4\\out\\server\\src\\server.js:2389:42)\n    at Jh (c:\\Users\\lukas\\.vscode\\extensions\\uqbar.wollok-lsp-ide-0.5.4\\out\\server\\src\\server.js:2389:1092)\n    at M5n (c:\\Users\\lukas\\.vscode\\extensions\\uqbar.wollok-lsp-ide-0.5.4\\out\\server\\src\\server.js:2389:1248)\n    at c:\\Users\\lukas\\.vscode\\extensions\\uqbar.wollok-lsp-ide-0.5.4\\out\\server\\src\\server.js:38:6131\n    at L2 (c:\\Users\\lukas\\.vscode\\extensions\\uqbar.wollok-lsp-ide-0.5.4\\out\\server\\src\\server.js:2389:42)\n    at c:\\Users\\lukas\\.vscode\\extensions\\uqbar.wollok-lsp-ide-0.5.4\\out\\server\\src\\server.js:2389:2988\n    at c:\\Users\\lukas\\.vscode\\extensions\\uqbar.wollok-lsp-ide-0.5.4\\out\\server\\src\\server.js:2398:8440\n    at c:\\Users\\lukas\\.vscode\\extensions\\uqbar.wollok-lsp-ide-0.5.4\\out\\server\\src\\server.js:37:74872\n    at Ke (c:\\Users\\lukas\\.vscode\\extensions\\uqbar.wollok-lsp-ide-0.5.4\\out\\server\\src\\server.js:7:8527)","timestamp":"2026-08-17T12:39:51.030Z"}
{"level":"info","message":"⌛ Validating pepita.wlk","timeElapsed":535,"timestamp":"2026-08-17T12:39:51.595Z"}
{"level":"info","message":"⌛ Validating pepita.wlk","timeElapsed":463,"timestamp":"2026-08-17T12:39:52.059Z"}
{"level":"info","message":"⌛ Validating pepita.wlk","timeElapsed":645,"timestamp":"2026-08-17T12:39:52.811Z"}
{"level":"info","message":"⌛ Validating pepita.wlk","timeElapsed":462,"timestamp":"2026-08-17T12:39:53.356Z"}
{"level":"info","message":"⌛ Validating pepita.wlk","timeElapsed":424,"timestamp":"2026-08-17T12:39:53.781Z"}
{"level":"info","message":"⌛ Building environment","timeElapsed":762,"timestamp":"2026-08-17T12:39:55.163Z"}
{"level":"info","message":"⌛ Building environment","timeElapsed":485,"timestamp":"2026-08-17T12:39:55.649Z"}
{"level":"info","message":"⌛ Building environment","timeElapsed":647,"timestamp":"2026-08-17T12:39:56.297Z"}
{"level":"info","message":"⌛ Building environment","timeElapsed":1111,"timestamp":"2026-08-17T12:39:57.414Z"}
{"level":"info","message":"⌛ Building environment","timeElapsed":922,"timestamp":"2026-08-17T12:39:58.406Z"}
{"level":"info","message":"⌛ Building environment","timeElapsed":449,"timestamp":"2026-08-17T12:39:58.862Z"}
{"level":"info","message":"⌛ Validating pepita.wlk","timeElapsed":369,"timestamp":"2026-08-17T12:39:59.263Z"}
{"level":"info","message":"⌛ Validating pepita.wlk","timeElapsed":1049,"timestamp":"2026-08-17T12:40:00.396Z"}
{"level":"info","message":"⌛ Validating pepita.wlk","timeElapsed":491,"timestamp":"2026-08-17T12:40:00.890Z"}
{"level":"info","message":"⌛ Validating pepita.wlk","timeElapsed":484,"timestamp":"2026-08-17T12:40:01.379Z"}
{"level":"info","message":"⌛ Validating pepita.wlk","timeElapsed":449,"timestamp":"2026-08-17T12:40:01.914Z"}
{"level":"info","message":"⌛ Validating pepita.wlk","timeElapsed":511,"timestamp":"2026-08-17T12:40:02.443Z"}
{"level":"info","message":"⌛ Building environment","timeElapsed":822,"timestamp":"2026-08-17T12:40:03.316Z"}
{"level":"info","message":"⌛ Building environment","timeElapsed":326,"timestamp":"2026-08-17T12:40:03.650Z"}
{"level":"info","message":"⌛ Building environment","timeElapsed":272,"timestamp":"2026-08-17T12:40:03.931Z"}
{"level":"info","message":"⌛ Building environment","timeElapsed":283,"timestamp":"2026-08-17T12:40:04.219Z"}
{"level":"info","message":"⌛ Building environment","timeElapsed":659,"timestamp":"2026-08-17T12:40:04.949Z"}
{"level":"info","message":"⌛ Building environment","timeElapsed":353,"timestamp":"2026-08-17T12:40:05.319Z"}
{"level":"error","message":"✘ Completions for node Return ([33:9, 33:35] - pepita.wlk) failed: Error: [Return]{5d96a9} at pepita.wlk:33 exhausted all cases without a match [Return]{5d96a9} at pepita.wlk:33 exhausted all cases without a match","stack":"Error: [Return]{5d96a9} at pepita.wlk:33 exhausted all cases without a match\n    at c:\\Users\\lukas\\.vscode\\extensions\\uqbar.wollok-lsp-ide-0.5.4\\out\\server\\src\\server.js:38:6142\n    at L2 (c:\\Users\\lukas\\.vscode\\extensions\\uqbar.wollok-lsp-ide-0.5.4\\out\\server\\src\\server.js:2389:42)\n    at Jh (c:\\Users\\lukas\\.vscode\\extensions\\uqbar.wollok-lsp-ide-0.5.4\\out\\server\\src\\server.js:2389:1092)\n    at M5n (c:\\Users\\lukas\\.vscode\\extensions\\uqbar.wollok-lsp-ide-0.5.4\\out\\server\\src\\server.js:2389:1248)\n    at c:\\Users\\lukas\\.vscode\\extensions\\uqbar.wollok-lsp-ide-0.5.4\\out\\server\\src\\server.js:38:6131\n    at L2 (c:\\Users\\lukas\\.vscode\\extensions\\uqbar.wollok-lsp-ide-0.5.4\\out\\server\\src\\server.js:2389:42)\n    at c:\\Users\\lukas\\.vscode\\extensions\\uqbar.wollok-lsp-ide-0.5.4\\out\\server\\src\\server.js:2389:2988\n    at c:\\Users\\lukas\\.vscode\\extensions\\uqbar.wollok-lsp-ide-0.5.4\\out\\server\\src\\server.js:2398:8440\n    at c:\\Users\\lukas\\.vscode\\extensions\\uqbar.wollok-lsp-ide-0.5.4\\out\\server\\src\\server.js:37:74872\n    at Ke (c:\\Users\\lukas\\.vscode\\extensions\\uqbar.wollok-lsp-ide-0.5.4\\out\\server\\src\\server.js:7:8527)","timestamp":"2026-08-17T12:40:05.434Z"}
{"level":"info","message":"⌛ Validating pepita.wlk","timeElapsed":562,"timestamp":"2026-08-17T12:40:06.110Z"}
{"level":"info","message":"⌛ Validating pepita.wlk","timeElapsed":465,"timestamp":"2026-08-17T12:40:06.586Z"}
{"level":"info","message":"⌛ Validating pepita.wlk","timeElapsed":380,"timestamp":"2026-08-17T12:40:06.974Z"}
{"level":"info","message":"⌛ Validating pepita.wlk","timeElapsed":305,"timestamp":"2026-08-17T12:40:07.284Z"}
{"level":"info","message":"⌛ Validating pepita.wlk","timeElapsed":610,"timestamp":"2026-08-17T12:40:07.902Z"}
{"level":"info","message":"⌛ Validating pepita.wlk","timeElapsed":575,"timestamp":"2026-08-17T12:40:08.501Z"}
{"level":"info","message":"⌛ Building environment","timeElapsed":314,"timestamp":"2026-08-17T12:40:11.618Z"}
{"level":"info","message":"⌛ Validating pepita.wlk","timeElapsed":353,"timestamp":"2026-08-17T12:40:11.982Z"}
{"level":"info","message":"⌛ Building environment","timeElapsed":306,"timestamp":"2026-08-17T12:40:14.108Z"}
{"level":"info","message":"⌛ Validating pepita.wlk","timeElapsed":308,"timestamp":"2026-08-17T12:40:14.455Z"}
{"level":"info","message":"⌛ Building environment","timeElapsed":446,"timestamp":"2026-08-17T12:40:18.917Z"}
{"level":"info","message":"⌛ Validating pepita.wlk","timeElapsed":262,"timestamp":"2026-08-17T12:40:19.242Z"}
{"level":"info","message":"⌛ Building environment","timeElapsed":414,"timestamp":"2026-08-17T12:40:21.693Z"}
{"level":"info","message":"⌛ Validating pepita.wlk","timeElapsed":658,"timestamp":"2026-08-17T12:40:22.390Z"}
{"level":"info","message":"⌛ Building environment","timeElapsed":504,"timestamp":"2026-08-17T12:40:25.504Z"}
{"level":"info","message":"⌛ Validating pepita.wlk","timeElapsed":610,"timestamp":"2026-08-17T12:40:26.159Z"}
{"level":"info","message":"⌛ Building environment","timeElapsed":1265,"timestamp":"2026-08-17T12:40:27.429Z"}
{"level":"info","message":"⌛ Validating pepita.wlk","timeElapsed":503,"timestamp":"2026-08-17T12:40:28.133Z"}
{"level":"info","message":"⌛ Building environment","timeElapsed":434,"timestamp":"2026-08-17T12:40:28.599Z"}
{"level":"info","message":"⌛ Validating pepita.wlk","timeElapsed":576,"timestamp":"2026-08-17T12:40:29.374Z"}
{"level":"info","message":"⌛ Building environment","timeElapsed":663,"timestamp":"2026-08-17T12:40:30.496Z"}
{"level":"info","message":"⌛ Building environment","timeElapsed":530,"timestamp":"2026-08-17T12:40:31.115Z"}
{"level":"info","message":"⌛ Validating pepita.wlk","timeElapsed":703,"timestamp":"2026-08-17T12:40:31.894Z"}
{"level":"info","message":"⌛ Validating pepita.wlk","timeElapsed":1295,"timestamp":"2026-08-17T12:40:33.312Z"}
{"level":"info","message":"⌛ Building environment","timeElapsed":814,"timestamp":"2026-08-17T12:40:34.130Z"}
{"level":"info","message":"⌛ Building environment","timeElapsed":296,"timestamp":"2026-08-17T12:40:34.589Z"}
{"level":"info","message":"⌛ Validating pepita.wlk","timeElapsed":435,"timestamp":"2026-08-17T12:40:35.161Z"}
{"level":"info","message":"⌛ Validating pepita.wlk","timeElapsed":529,"timestamp":"2026-08-17T12:40:35.692Z"}
{"level":"info","message":"⌛ Building environment","timeElapsed":1241,"timestamp":"2026-08-17T12:40:42.000Z"}
{"level":"info","message":"⌛ Validating pepita.wlk","timeElapsed":329,"timestamp":"2026-08-17T12:40:42.391Z"}
{"level":"info","message":"⌛ Building environment","timeElapsed":904,"timestamp":"2026-08-17T12:40:47.075Z"}
{"level":"info","message":"⌛ Validating pepita.wlk","timeElapsed":391,"timestamp":"2026-08-17T12:40:47.660Z"}
{"level":"info","message":"⌛ Building environment","timeElapsed":676,"timestamp":"2026-08-17T12:42:18.765Z"}
{"level":"info","message":"⌛ Validating pepita.wlk","timeElapsed":1243,"timestamp":"2026-08-17T12:42:20.013Z"}
{"level":"info","message":"⌛ Building environment","timeElapsed":404,"timestamp":"2026-08-17T12:42:55.067Z"}
{"level":"info","message":"⌛ Validating pepita.wlk","timeElapsed":416,"timestamp":"2026-08-17T12:42:55.533Z"}
{"level":"info","message":"⌛ Building environment","timeElapsed":383,"timestamp":"2026-08-17T12:43:13.663Z"}
{"level":"info","message":"⌛ Validating pepita.wlk","timeElapsed":277,"timestamp":"2026-08-17T12:43:14.163Z"}
{"level":"info","message":"⌛ Building environment","timeElapsed":395,"timestamp":"2026-08-17T12:43:20.599Z"}
{"level":"info","message":"⌛ Validating pepita.wlk","timeElapsed":362,"timestamp":"2026-08-17T12:43:21.040Z"}
{"level":"info","message":"⌛ Building environment","timeElapsed":397,"timestamp":"2026-08-17T12:43:23.017Z"}
{"level":"info","message":"⌛ Validating pepita.wlk","timeElapsed":362,"timestamp":"2026-08-17T12:43:23.404Z"}
{"level":"info","message":"⌛ Building environment","timeElapsed":426,"timestamp":"2026-08-17T12:43:25.190Z"}
{"level":"info","message":"⌛ Validating pepita.wlk","timeElapsed":394,"timestamp":"2026-08-17T12:43:25.638Z"}
{"level":"info","message":"⌛ Building environment","timeElapsed":388,"timestamp":"2026-08-17T12:43:33.820Z"}
{"level":"info","message":"⌛ Validating pepita.wlk","timeElapsed":398,"timestamp":"2026-08-17T12:43:34.266Z"}
{"level":"info","message":"⌛ Building environment","timeElapsed":1043,"timestamp":"2026-08-17T12:49:33.114Z"}
{"level":"info","message":"⌛ Building environment","timeElapsed":604,"timestamp":"2026-08-17T12:49:33.754Z"}
{"level":"info","message":"⌛ Validating pepita.wlk","timeElapsed":1239,"timestamp":"2026-08-17T12:49:41.814Z"}
{"level":"info","message":"⌛ Building environment","timeElapsed":463,"timestamp":"2026-08-17T12:49:50.689Z"}
{"level":"info","message":"⌛ Validating pepita.wlk","timeElapsed":904,"timestamp":"2026-08-17T12:49:58.979Z"}
{"level":"info","message":"⌛ Building environment","timeElapsed":841,"timestamp":"2026-08-17T12:50:00.902Z"}
{"level":"info","message":"⌛ Building environment","timeElapsed":957,"timestamp":"2026-08-17T12:50:01.916Z"}
{"level":"info","message":"⌛ Building environment","timeElapsed":534,"timestamp":"2026-08-17T12:50:02.493Z"}
{"level":"info","message":"⌛ Validating pepita.wlk","timeElapsed":1477,"timestamp":"2026-08-17T12:50:04.027Z"}
{"level":"info","message":"⌛ Validating pepita.wlk","timeElapsed":589,"timestamp":"2026-08-17T12:50:04.622Z"}
{"level":"info","message":"⌛ Validating pepita.wlk","timeElapsed":611,"timestamp":"2026-08-17T12:50:05.270Z"}
{"level":"info","message":"⌛ Building environment","timeElapsed":1167,"timestamp":"2026-08-17T12:50:28.154Z"}
{"level":"info","message":"⌛ Validating pepita.wlk","timeElapsed":2473,"timestamp":"2026-08-17T12:50:30.681Z"}
{"level":"info","message":"⌛ Building environment","timeElapsed":874,"timestamp":"2026-08-17T12:50:31.750Z"}
{"level":"info","message":"⌛ Validating pepita.wlk","timeElapsed":1166,"timestamp":"2026-08-17T12:50:32.924Z"}
{"level":"info","message":"⌛ Building environment","timeElapsed":645,"timestamp":"2026-08-17T12:51:46.805Z"}
{"level":"info","message":"⌛ Validating pepita.wlk","timeElapsed":1039,"timestamp":"2026-08-17T12:51:50.621Z"}
{"level":"info","message":"⌛ Building environment","timeElapsed":1618,"timestamp":"2026-08-17T12:52:17.610Z"}
{"level":"info","message":"⌛ Validating pepita.wlk","timeElapsed":432,"timestamp":"2026-08-17T12:52:18.177Z"}
{"level":"info","message":"⌛ Building environment","timeElapsed":578,"timestamp":"2026-08-17T12:52:22.476Z"}
{"level":"info","message":"⌛ Validating pepita.wlk","timeElapsed":974,"timestamp":"2026-08-17T12:52:23.533Z"}
{"level":"info","message":"⌛ Building environment","timeElapsed":694,"timestamp":"2026-08-17T12:53:47.682Z"}
{"level":"info","message":"⌛ Building environment","timeElapsed":427,"timestamp":"2026-08-17T12:53:48.960Z"}
{"level":"info","message":"⌛ Validating pepita.wlk","timeElapsed":1928,"timestamp":"2026-08-17T12:53:56.070Z"}
{"level":"info","message":"⌛ Building environment","timeElapsed":758,"timestamp":"2026-08-17T12:53:58.767Z"}
{"level":"info","message":"⌛ Building environment","timeElapsed":1075,"timestamp":"2026-08-17T12:54:00.122Z"}
{"level":"info","message":"⌛ Building environment","timeElapsed":1037,"timestamp":"2026-08-17T12:54:01.166Z"}
{"level":"info","message":"⌛ Building environment","timeElapsed":869,"timestamp":"2026-08-17T12:54:02.088Z"}
{"level":"info","message":"⌛ Validating pepita.wlk","timeElapsed":873,"timestamp":"2026-08-17T12:54:03.322Z"}
{"level":"info","message":"⌛ Validating pepita.wlk","timeElapsed":967,"timestamp":"2026-08-17T12:54:06.509Z"}
{"level":"info","message":"⌛ Validating pepita.wlk","timeElapsed":1159,"timestamp":"2026-08-17T12:54:07.670Z"}
{"level":"info","message":"⌛ Validating pepita.wlk","timeElapsed":962,"timestamp":"2026-08-17T12:54:08.637Z"}
{"level":"info","message":"⌛ Building environment","timeElapsed":1561,"timestamp":"2026-08-17T12:54:35.862Z"}
{"level":"info","message":"⌛ Validating pepita.wlk","timeElapsed":2112,"timestamp":"2026-08-17T12:54:39.610Z"}
{"level":"info","message":"⌛ Building environment","timeElapsed":1952,"timestamp":"2026-08-17T12:54:41.683Z"}
{"level":"info","message":"⌛ Validating pepita.wlk","timeElapsed":954,"timestamp":"2026-08-17T12:54:42.654Z"}
{"level":"info","message":"⌛ Building environment","timeElapsed":910,"timestamp":"2026-08-17T12:56:32.555Z"}
{"level":"info","message":"⌛ Building environment","timeElapsed":852,"timestamp":"2026-08-17T12:56:33.634Z"}
{"level":"info","message":"⌛ Building environment","timeElapsed":667,"timestamp":"2026-08-17T12:56:36.353Z"}
{"level":"info","message":"⌛ Building environment","timeElapsed":840,"timestamp":"2026-08-17T12:56:37.246Z"}
{"level":"info","message":"⌛ Building environment","timeElapsed":707,"timestamp":"2026-08-17T12:56:37.985Z"}
{"level":"info","message":"⌛ Building environment","timeElapsed":1156,"timestamp":"2026-08-17T12:56:39.191Z"}
{"level":"info","message":"⌛ Building environment","timeElapsed":2439,"timestamp":"2026-08-17T12:56:41.811Z"}
{"level":"info","message":"⌛ Building environment","timeElapsed":2475,"timestamp":"2026-08-17T12:56:46.043Z"}
{"level":"info","message":"⌛ Building environment","timeElapsed":481,"timestamp":"2026-08-17T12:56:46.555Z"}
{"level":"info","message":"⌛ Building environment","timeElapsed":1521,"timestamp":"2026-08-17T12:56:48.458Z"}
{"level":"info","message":"⌛ Autocomplete - Field","timeElapsed":244,"timestamp":"2026-08-17T12:56:49.204Z"}
{"level":"info","message":"⌛ Validating pepita.wlk","timeElapsed":886,"timestamp":"2026-08-17T12:56:50.560Z"}
{"level":"info","message":"⌛ Validating pepita.wlk","timeElapsed":820,"timestamp":"2026-08-17T12:56:51.995Z"}
{"level":"info","message":"⌛ Validating pepita.wlk","timeElapsed":528,"timestamp":"2026-08-17T12:56:52.524Z"}
{"level":"info","message":"⌛ Validating pepita.wlk","timeElapsed":421,"timestamp":"2026-08-17T12:56:52.946Z"}
{"level":"info","message":"⌛ Validating pepita.wlk","timeElapsed":366,"timestamp":"2026-08-17T12:56:53.404Z"}
{"level":"info","message":"⌛ Validating pepita.wlk","timeElapsed":355,"timestamp":"2026-08-17T12:56:53.778Z"}
{"level":"info","message":"⌛ Validating pepita.wlk","timeElapsed":321,"timestamp":"2026-08-17T12:56:54.194Z"}
{"level":"info","message":"⌛ Building environment","timeElapsed":358,"timestamp":"2026-08-17T12:56:54.554Z"}
{"level":"info","message":"⌛ Building environment","timeElapsed":300,"timestamp":"2026-08-17T12:56:54.972Z"}
{"level":"info","message":"⌛ Validating pepita.wlk","timeElapsed":1059,"timestamp":"2026-08-17T12:56:56.137Z"}
{"level":"info","message":"⌛ Validating pepita.wlk","timeElapsed":764,"timestamp":"2026-08-17T12:56:57.138Z"}
{"level":"info","message":"⌛ Building environment","timeElapsed":416,"timestamp":"2026-08-17T12:56:57.608Z"}
{"level":"info","message":"⌛ Building environment","timeElapsed":1034,"timestamp":"2026-08-17T12:56:58.729Z"}
{"level":"info","message":"⌛ Building environment","timeElapsed":478,"timestamp":"2026-08-17T12:56:59.819Z"}
{"level":"info","message":"⌛ Building environment","timeElapsed":299,"timestamp":"2026-08-17T12:57:00.143Z"}
{"level":"info","message":"⌛ Building environment","timeElapsed":385,"timestamp":"2026-08-17T12:57:00.580Z"}
{"level":"info","message":"⌛ Building environment","timeElapsed":413,"timestamp":"2026-08-17T12:57:01.072Z"}
{"level":"info","message":"⌛ Building environment","timeElapsed":293,"timestamp":"2026-08-17T12:57:01.401Z"}
{"level":"info","message":"⌛ Building environment","timeElapsed":632,"timestamp":"2026-08-17T12:57:02.106Z"}
{"level":"info","message":"⌛ Validating pepita.wlk","timeElapsed":377,"timestamp":"2026-08-17T12:57:02.553Z"}
{"level":"error","message":"✘ Completions for node Return ([25:9, 25:24] - pepita.wlk) failed: Error: [Return]{715ed9} at pepita.wlk:25 exhausted all cases without a match [Return]{715ed9} at pepita.wlk:25 exhausted all cases without a match","stack":"Error: [Return]{715ed9} at pepita.wlk:25 exhausted all cases without a match\n    at c:\\Users\\lukas\\.vscode\\extensions\\uqbar.wollok-lsp-ide-0.5.4\\out\\server\\src\\server.js:38:6142\n    at L2 (c:\\Users\\lukas\\.vscode\\extensions\\uqbar.wollok-lsp-ide-0.5.4\\out\\server\\src\\server.js:2389:42)\n    at Jh (c:\\Users\\lukas\\.vscode\\extensions\\uqbar.wollok-lsp-ide-0.5.4\\out\\server\\src\\server.js:2389:1092)\n    at M5n (c:\\Users\\lukas\\.vscode\\extensions\\uqbar.wollok-lsp-ide-0.5.4\\out\\server\\src\\server.js:2389:1248)\n    at c:\\Users\\lukas\\.vscode\\extensions\\uqbar.wollok-lsp-ide-0.5.4\\out\\server\\src\\server.js:38:6131\n    at L2 (c:\\Users\\lukas\\.vscode\\extensions\\uqbar.wollok-lsp-ide-0.5.4\\out\\server\\src\\server.js:2389:42)\n    at c:\\Users\\lukas\\.vscode\\extensions\\uqbar.wollok-lsp-ide-0.5.4\\out\\server\\src\\server.js:2389:2988\n    at c:\\Users\\lukas\\.vscode\\extensions\\uqbar.wollok-lsp-ide-0.5.4\\out\\server\\src\\server.js:2398:8440\n    at c:\\Users\\lukas\\.vscode\\extensions\\uqbar.wollok-lsp-ide-0.5.4\\out\\server\\src\\server.js:37:74872\n    at Ke (c:\\Users\\lukas\\.vscode\\extensions\\uqbar.wollok-lsp-ide-0.5.4\\out\\server\\src\\server.js:7:8527)","timestamp":"2026-08-17T12:57:02.641Z"}
{"level":"info","message":"⌛ Validating pepita.wlk","timeElapsed":343,"timestamp":"2026-08-17T12:57:03.071Z"}
